#! /usr/bin/vvp
:ivl_version "13.0 (stable)" "(v13_0-dirty)";
:ivl_delay_selection "TYPICAL";
:vpi_time_precision - 12;
:vpi_module "/usr/lib/ivl/system.vpi";
:vpi_module "/usr/lib/ivl/vhdl_sys.vpi";
:vpi_module "/usr/lib/ivl/vhdl_textio.vpi";
:vpi_module "/usr/lib/ivl/v2005_math.vpi";
:vpi_module "/usr/lib/ivl/va_math.vpi";
S_0x55ebcd8f43b0 .scope module, "hart_tb" "hart_tb" 2 2;
 .timescale -9 -12;
P_0x55ebcd6b7610 .param/l "DEBUG" 0 2 3, +C4<00000000000000000000000000000000>;
v0x55ebcda65f10_0 .var "clk", 0 0;
v0x55ebcda65fd0_0 .var/i "cycles", 31 0;
v0x55ebcda660b0_0 .net "dmem_addr", 31 0, L_0x55ebcda933d0;  1 drivers
L_0x7efe54aaa778 .functor BUFT 1, C4<1111>, C4<0>, C4<0>, C4<0>;
v0x55ebcda661d0_0 .net "dmem_mask", 3 0, L_0x7efe54aaa778;  1 drivers
v0x55ebcda662e0_0 .net "dmem_rdata", 31 0, L_0x55ebcda7ab20;  1 drivers
v0x55ebcda663f0_0 .net "dmem_ready", 0 0, L_0x55ebcda7aed0;  1 drivers
v0x55ebcda66490_0 .net "dmem_ren", 0 0, L_0x55ebcda93440;  1 drivers
v0x55ebcda66580_0 .net "dmem_valid", 0 0, L_0x55ebcda7ad00;  1 drivers
v0x55ebcda66620_0 .net "dmem_wdata", 31 0, L_0x55ebcda93ae0;  1 drivers
v0x55ebcda666e0_0 .net "dmem_wen", 0 0, L_0x55ebcda934b0;  1 drivers
v0x55ebcda667d0_0 .net "halt", 0 0, L_0x55ebcdabb3e0;  1 drivers
v0x55ebcda66870_0 .net "imem_raddr", 31 0, L_0x55ebcda932f0;  1 drivers
v0x55ebcda66960_0 .net "imem_rdata", 31 0, L_0x55ebcda79190;  1 drivers
v0x55ebcda66a20_0 .net "imem_ready", 0 0, L_0x55ebcda79420;  1 drivers
v0x55ebcda66ac0_0 .net "imem_ren", 0 0, L_0x55ebcda93360;  1 drivers
v0x55ebcda66bb0_0 .net "imem_valid", 0 0, L_0x55ebcda792e0;  1 drivers
v0x55ebcda66c50_0 .net "inst", 31 0, L_0x55ebcdaa4960;  1 drivers
v0x55ebcda66e20_0 .net "next_pc", 31 0, L_0x55ebcdabbbc0;  1 drivers
v0x55ebcda66ec0_0 .var/i "num_instructions", 31 0;
v0x55ebcda66f80_0 .net "pc", 31 0, L_0x55ebcdabbcd0;  1 drivers
v0x55ebcda67040_0 .net "rd_waddr", 4 0, L_0x55ebcdabb8f0;  1 drivers
v0x55ebcda670e0_0 .net "rd_wdata", 31 0, L_0x55ebcdabb840;  1 drivers
v0x55ebcda67180_0 .net "retire_dmem_addr", 31 0, L_0x55ebcdabbe60;  1 drivers
v0x55ebcda67220_0 .net "retire_dmem_mask", 3 0, L_0x55ebcdabbf20;  1 drivers
v0x55ebcda672c0_0 .net "retire_dmem_rdata", 31 0, L_0x55ebcdabc0c0;  1 drivers
v0x55ebcda67390_0 .net "retire_dmem_ren", 0 0, L_0x55ebcdabbd90;  1 drivers
v0x55ebcda67460_0 .net "retire_dmem_wdata", 31 0, L_0x55ebcdabc1b0;  1 drivers
v0x55ebcda67530_0 .net "retire_dmem_wen", 0 0, L_0x55ebcdabc000;  1 drivers
v0x55ebcda67600_0 .net "rs1_raddr", 4 0, L_0x55ebcdabb090;  1 drivers
v0x55ebcda676d0_0 .net "rs1_rdata", 31 0, L_0x55ebcdabb570;  1 drivers
v0x55ebcda677a0_0 .net "rs2_raddr", 4 0, L_0x55ebcdabb680;  1 drivers
v0x55ebcda67870_0 .net "rs2_rdata", 31 0, L_0x55ebcdabb2a0;  1 drivers
v0x55ebcda67940_0 .var "rst", 0 0;
v0x55ebcda67bf0_0 .var/i "run", 31 0;
L_0x7efe54aaebd0 .functor BUFT 1, C4<0>, C4<0>, C4<0>, C4<0>;
v0x55ebcda67c90_0 .net "trap", 0 0, L_0x7efe54aaebd0;  1 drivers
v0x55ebcda67d60_0 .net "valid", 0 0, L_0x55ebcdabb190;  1 drivers
v0x55ebcda67e30_0 .var/i "watchdog", 31 0;
E_0x55ebcd737730 .event negedge, v0x55ebcd8ee430_0;
S_0x55ebcd80d140 .scope module, "dmem" "memory" 2 54, 3 8 0, S_0x55ebcd8f43b0;
 .timescale 0 0;
    .port_info 0 /INPUT 1 "i_clk";
    .port_info 1 /INPUT 1 "i_rst";
    .port_info 2 /OUTPUT 1 "o_ready";
    .port_info 3 /INPUT 32 "i_addr";
    .port_info 4 /INPUT 1 "i_ren";
    .port_info 5 /INPUT 1 "i_wen";
    .port_info 6 /INPUT 4 "i_mask";
    .port_info 7 /INPUT 32 "i_wdata";
    .port_info 8 /OUTPUT 1 "o_valid";
    .port_info 9 /OUTPUT 32 "o_addr";
    .port_info 10 /OUTPUT 1 "o_wdone";
    .port_info 11 /OUTPUT 32 "o_rdata";
P_0x55ebcda07af0 .param/l "INTERVAL" 0 3 14, +C4<00000000000000000000000000000010>;
P_0x55ebcda07b30 .param/l "LATENCY" 0 3 12, +C4<00000000000000000000000000000100>;
P_0x55ebcda07b70 .param/l "SIZE" 0 3 10, +C4<00000000000000000000010000000000>;
L_0x55ebcda79350 .functor NOT 1, v0x55ebcda67940_0, C4<0>, C4<0>, C4<0>;
L_0x55ebcda79820 .functor AND 1, L_0x55ebcda79350, L_0x55ebcda796e0, C4<1>, C4<1>;
v0x55ebcd8db7f0_2 .array/port v0x55ebcd8db7f0, 2;
L_0x55ebcda799a0 .functor BUFZ 32, v0x55ebcd8db7f0_2, C4<00000000000000000000000000000000>, C4<00000000000000000000000000000000>, C4<00000000000000000000000000000000>;
v0x55ebcd8fac70_2 .array/port v0x55ebcd8fac70, 2;
L_0x55ebcda79c50 .functor BUFZ 4, v0x55ebcd8fac70_2, C4<0000>, C4<0000>, C4<0000>;
v0x55ebcd937c00_2 .array/port v0x55ebcd937c00, 2;
L_0x55ebcda79cc0 .functor BUFZ 32, v0x55ebcd937c00_2, C4<00000000000000000000000000000000>, C4<00000000000000000000000000000000>, C4<00000000000000000000000000000000>;
v0x55ebcd8db7f0_3 .array/port v0x55ebcd8db7f0, 3;
L_0x55ebcda79d80 .functor BUFZ 32, v0x55ebcd8db7f0_3, C4<00000000000000000000000000000000>, C4<00000000000000000000000000000000>, C4<00000000000000000000000000000000>;
v0x55ebcd941bc0_3 .array/port v0x55ebcd941bc0, 3;
L_0x55ebcda79fe0 .functor BUFZ 1, v0x55ebcd941bc0_3, C4<0>, C4<0>, C4<0>;
v0x55ebcd94c950_2 .array/port v0x55ebcd94c950, 2;
L_0x55ebcda7aab0 .functor BUFZ 1, v0x55ebcd94c950_2, C4<0>, C4<0>, C4<0>;
L_0x55ebcda7ab20 .functor BUFZ 32, L_0x55ebcda7a820, C4<00000000000000000000000000000000>, C4<00000000000000000000000000000000>, C4<00000000000000000000000000000000>;
L_0x55ebcda7ac90 .functor BUFZ 32, L_0x55ebcda79d80, C4<00000000000000000000000000000000>, C4<00000000000000000000000000000000>, C4<00000000000000000000000000000000>;
L_0x55ebcda7ad00 .functor BUFZ 1, L_0x55ebcda79fe0, C4<0>, C4<0>, C4<0>;
L_0x55ebcda7ac20 .functor BUFZ 1, L_0x55ebcda7aab0, C4<0>, C4<0>, C4<0>;
L_0x55ebcda7aed0 .functor BUFZ 1, L_0x55ebcda79820, C4<0>, C4<0>, C4<0>;
v0x55ebcda0b970_0 .net *"_ivl_0", 0 0, L_0x55ebcda79350;  1 drivers
v0x55ebcd8c06a0_0 .net *"_ivl_2", 31 0, L_0x55ebcda79640;  1 drivers
v0x55ebcd925f10_0 .net *"_ivl_32", 7 0, L_0x55ebcda79e40;  1 drivers
L_0x7efe54aa8330 .functor BUFT 1, C4<00000000000000000000000000000011>, C4<0>, C4<0>, C4<0>;
v0x55ebcd967420_0 .net/2u *"_ivl_34", 31 0, L_0x7efe54aa8330;  1 drivers
v0x55ebcd91e7d0_0 .net *"_ivl_36", 31 0, L_0x55ebcda79f40;  1 drivers
v0x55ebcd860010_0 .net *"_ivl_38", 7 0, L_0x55ebcda7a120;  1 drivers
L_0x7efe54aa8378 .functor BUFT 1, C4<00000000000000000000000000000010>, C4<0>, C4<0>, C4<0>;
v0x55ebcd861210_0 .net/2u *"_ivl_40", 31 0, L_0x7efe54aa8378;  1 drivers
v0x55ebcd862b60_0 .net *"_ivl_42", 31 0, L_0x55ebcda7a1f0;  1 drivers
v0x55ebcd8559f0_0 .net *"_ivl_44", 7 0, L_0x55ebcda7a3b0;  1 drivers
L_0x7efe54aa83c0 .functor BUFT 1, C4<00000000000000000000000000000001>, C4<0>, C4<0>, C4<0>;
v0x55ebcd8545f0_0 .net/2u *"_ivl_46", 31 0, L_0x7efe54aa83c0;  1 drivers
v0x55ebcd9e23f0_0 .net *"_ivl_48", 31 0, L_0x55ebcda7a450;  1 drivers
L_0x7efe54aa82a0 .functor BUFT 1, C4<0000000000000000000000000000000>, C4<0>, C4<0>, C4<0>;
v0x55ebcd9db590_0 .net *"_ivl_5", 30 0, L_0x7efe54aa82a0;  1 drivers
v0x55ebcd7bd140_0 .net *"_ivl_50", 7 0, L_0x55ebcda7a5e0;  1 drivers
L_0x7efe54aa8408 .functor BUFT 1, C4<00000000000000000000000000000000>, C4<0>, C4<0>, C4<0>;
v0x55ebcd7c59f0_0 .net/2u *"_ivl_52", 31 0, L_0x7efe54aa8408;  1 drivers
v0x55ebcd761a40_0 .net *"_ivl_54", 31 0, L_0x55ebcda7a680;  1 drivers
L_0x7efe54aa82e8 .functor BUFT 1, C4<00000000000000000000000000000000>, C4<0>, C4<0>, C4<0>;
v0x55ebcd75f920_0 .net/2u *"_ivl_6", 31 0, L_0x7efe54aa82e8;  1 drivers
v0x55ebcd8c5250_0 .net *"_ivl_8", 0 0, L_0x55ebcda796e0;  1 drivers
v0x55ebcd8db7f0 .array "addrs", 3 0, 31 0;
v0x55ebcd8ee350_0 .net "i_addr", 31 0, L_0x55ebcda933d0;  alias, 1 drivers
v0x55ebcd8ee430_0 .net "i_clk", 0 0, v0x55ebcda65f10_0;  1 drivers
v0x55ebcd8f2d60_0 .net "i_mask", 3 0, L_0x7efe54aaa778;  alias, 1 drivers
v0x55ebcd8f2e40_0 .net "i_ren", 0 0, L_0x55ebcda93440;  alias, 1 drivers
v0x55ebcd8f3bc0_0 .net "i_rst", 0 0, v0x55ebcda67940_0;  1 drivers
v0x55ebcd8f3c80_0 .net "i_wdata", 31 0, L_0x55ebcda93ae0;  alias, 1 drivers
v0x55ebcd8f6900_0 .net "i_wen", 0 0, L_0x55ebcda934b0;  alias, 1 drivers
v0x55ebcd8f69c0_0 .var "interval_counter", 0 0;
v0x55ebcd8fab90_0 .net "mask", 3 0, L_0x55ebcda79c50;  1 drivers
v0x55ebcd8fac70 .array "masks", 3 0, 3 0;
v0x55ebcd8fba00 .array "mem", 1023 0, 7 0;
v0x55ebcd8fbac0_0 .net "o_addr", 31 0, L_0x55ebcda7ac90;  1 drivers
v0x55ebcd9e47b0_0 .net "o_rdata", 31 0, L_0x55ebcda7ab20;  alias, 1 drivers
v0x55ebcd9e4890_0 .net "o_ready", 0 0, L_0x55ebcda7aed0;  alias, 1 drivers
v0x55ebcd9dd9b0_0 .net "o_valid", 0 0, L_0x55ebcda7ad00;  alias, 1 drivers
v0x55ebcd9dda70_0 .net "o_wdone", 0 0, L_0x55ebcda7ac20;  1 drivers
v0x55ebcd97ed90_0 .net "raddr", 31 0, v0x55ebcd8db7f0_3;  1 drivers
v0x55ebcd97ee70_0 .net "ready", 0 0, L_0x55ebcda79820;  1 drivers
v0x55ebcd941b00_0 .net "ren", 0 0, v0x55ebcd941bc0_3;  1 drivers
v0x55ebcd941bc0 .array "rens", 3 0, 0 0;
v0x55ebcd9439b0_0 .net "res_addr", 31 0, L_0x55ebcda79d80;  1 drivers
v0x55ebcd943a90_0 .net "res_rdata", 31 0, L_0x55ebcda7a820;  1 drivers
v0x55ebcd9463e0_0 .net "res_valid", 0 0, L_0x55ebcda79fe0;  1 drivers
v0x55ebcd9464a0_0 .net "res_wdone", 0 0, L_0x55ebcda7aab0;  1 drivers
v0x55ebcd94a9a0_0 .net "waddr", 31 0, L_0x55ebcda799a0;  1 drivers
v0x55ebcd94aa80_0 .net "wdata", 31 0, L_0x55ebcda79cc0;  1 drivers
v0x55ebcd937c00 .array "wdatas", 3 0, 31 0;
v0x55ebcd94c890_0 .net "wen", 0 0, v0x55ebcd94c950_2;  1 drivers
v0x55ebcd94c950 .array "wens", 3 0, 0 0;
L_0x55ebcda79640 .concat [ 1 31 0 0], v0x55ebcd8f69c0_0, L_0x7efe54aa82a0;
L_0x55ebcda796e0 .cmp/eq 32, L_0x55ebcda79640, L_0x7efe54aa82e8;
L_0x55ebcda79e40 .array/port v0x55ebcd8fba00, L_0x55ebcda79f40;
L_0x55ebcda79f40 .arith/sum 32, v0x55ebcd8db7f0_3, L_0x7efe54aa8330;
L_0x55ebcda7a120 .array/port v0x55ebcd8fba00, L_0x55ebcda7a1f0;
L_0x55ebcda7a1f0 .arith/sum 32, v0x55ebcd8db7f0_3, L_0x7efe54aa8378;
L_0x55ebcda7a3b0 .array/port v0x55ebcd8fba00, L_0x55ebcda7a450;
L_0x55ebcda7a450 .arith/sum 32, v0x55ebcd8db7f0_3, L_0x7efe54aa83c0;
L_0x55ebcda7a5e0 .array/port v0x55ebcd8fba00, L_0x55ebcda7a680;
L_0x55ebcda7a680 .arith/sum 32, v0x55ebcd8db7f0_3, L_0x7efe54aa8408;
L_0x55ebcda7a820 .concat [ 8 8 8 8], L_0x55ebcda7a5e0, L_0x55ebcda7a3b0, L_0x55ebcda7a120, L_0x55ebcda79e40;
S_0x55ebcd896280 .scope generate, "genblk1[1]" "genblk1[1]" 3 102, 3 102 0, S_0x55ebcd80d140;
 .timescale 0 0;
P_0x55ebcd971ba0 .param/l "i" 1 3 102, +C4<01>;
E_0x55ebcd738950 .event posedge, v0x55ebcd8ee430_0;
S_0x55ebcd9caee0 .scope generate, "genblk1[2]" "genblk1[2]" 3 102, 3 102 0, S_0x55ebcd80d140;
 .timescale 0 0;
P_0x55ebcd9a4e70 .param/l "i" 1 3 102, +C4<010>;
S_0x55ebcd85df70 .scope generate, "genblk1[3]" "genblk1[3]" 3 102, 3 102 0, S_0x55ebcd80d140;
 .timescale 0 0;
P_0x55ebcd8c1200 .param/l "i" 1 3 102, +C4<011>;
S_0x55ebcd956580 .scope module, "dut" "hart" 2 69, 4 1 0, S_0x55ebcd8f43b0;
 .timescale 0 0;
    .port_info 0 /INPUT 1 "i_clk";
    .port_info 1 /INPUT 1 "i_rst";
    .port_info 2 /OUTPUT 32 "o_imem_raddr";
    .port_info 3 /INPUT 32 "i_imem_rdata";
    .port_info 4 /INPUT 1 "i_imem_ready";
    .port_info 5 /INPUT 1 "i_imem_busy";
    .port_info 6 /OUTPUT 1 "o_imem_ren";
    .port_info 7 /INPUT 1 "i_imem_valid";
    .port_info 8 /INPUT 1 "i_dmem_ready";
    .port_info 9 /INPUT 1 "i_dmem_busy";
    .port_info 10 /INPUT 1 "i_dmem_valid";
    .port_info 11 /OUTPUT 32 "o_dmem_addr";
    .port_info 12 /OUTPUT 1 "o_dmem_ren";
    .port_info 13 /OUTPUT 1 "o_dmem_wen";
    .port_info 14 /OUTPUT 32 "o_dmem_wdata";
    .port_info 15 /OUTPUT 4 "o_dmem_mask";
    .port_info 16 /INPUT 32 "i_dmem_rdata";
    .port_info 17 /OUTPUT 1 "o_retire_valid";
    .port_info 18 /OUTPUT 32 "o_retire_inst";
    .port_info 19 /OUTPUT 1 "o_retire_trap";
    .port_info 20 /OUTPUT 1 "o_retire_halt";
    .port_info 21 /OUTPUT 5 "o_retire_rs1_raddr";
    .port_info 22 /OUTPUT 5 "o_retire_rs2_raddr";
    .port_info 23 /OUTPUT 32 "o_retire_rs1_rdata";
    .port_info 24 /OUTPUT 32 "o_retire_rs2_rdata";
    .port_info 25 /OUTPUT 5 "o_retire_rd_waddr";
    .port_info 26 /OUTPUT 32 "o_retire_rd_wdata";
    .port_info 27 /OUTPUT 32 "o_retire_dmem_addr";
    .port_info 28 /OUTPUT 4 "o_retire_dmem_mask";
    .port_info 29 /OUTPUT 1 "o_retire_dmem_ren";
    .port_info 30 /OUTPUT 1 "o_retire_dmem_wen";
    .port_info 31 /OUTPUT 32 "o_retire_dmem_rdata";
    .port_info 32 /OUTPUT 32 "o_retire_dmem_wdata";
    .port_info 33 /OUTPUT 32 "o_retire_pc";
    .port_info 34 /OUTPUT 32 "o_retire_next_pc";
P_0x55ebcd951a50 .param/l "RESET_ADDR" 0 4 4, C4<00000000000000000000000000000000>;
L_0x55ebcda932f0 .functor BUFZ 32, L_0x55ebcda86010, C4<00000000000000000000000000000000>, C4<00000000000000000000000000000000>, C4<00000000000000000000000000000000>;
L_0x55ebcda93360 .functor BUFZ 1, L_0x55ebcda866e0, C4<0>, C4<0>, C4<0>;
L_0x55ebcda933d0 .functor BUFZ 32, L_0x55ebcda92670, C4<00000000000000000000000000000000>, C4<00000000000000000000000000000000>, C4<00000000000000000000000000000000>;
L_0x55ebcda93440 .functor BUFZ 1, L_0x55ebcda92d40, C4<0>, C4<0>, C4<0>;
L_0x55ebcda934b0 .functor BUFZ 1, L_0x55ebcda927d0, C4<0>, C4<0>, C4<0>;
L_0x55ebcda93ae0 .functor BUFZ 32, L_0x55ebcda93030, C4<00000000000000000000000000000000>, C4<00000000000000000000000000000000>, C4<00000000000000000000000000000000>;
L_0x55ebcda93b50 .functor BUFZ 1, L_0x55ebcda858c0, C4<0>, C4<0>, C4<0>;
L_0x55ebcda93bc0 .functor AND 1, L_0x55ebcdab1150, v0x55ebcda5a540_0, C4<1>, C4<1>;
L_0x55ebcda93d10 .functor AND 1, L_0x55ebcdab11c0, v0x55ebcda5a540_0, C4<1>, C4<1>;
L_0x55ebcda93e20 .functor BUFZ 1, L_0x55ebcda91f20, C4<0>, C4<0>, C4<0>;
L_0x55ebcda93fe0 .functor AND 1, v0x55ebcda5a820_0, L_0x55ebcda93f40, C4<1>, C4<1>;
L_0x55ebcda94190 .functor OR 1, L_0x55ebcda9d670, L_0x55ebcda940a0, C4<0>, C4<0>;
L_0x55ebcda94300 .functor AND 1, L_0x55ebcda93fe0, L_0x55ebcda94190, C4<1>, C4<1>;
L_0x7efe54aaa808 .functor BUFT 1, C4<11111111111111111111111111111110>, C4<0>, C4<0>, C4<0>;
L_0x55ebcda94460 .functor AND 32, L_0x55ebcda943c0, L_0x7efe54aaa808, C4<11111111111111111111111111111111>, C4<11111111111111111111111111111111>;
L_0x55ebcda94290 .functor BUFZ 1, L_0x55ebcdab5e20, C4<0>, C4<0>, C4<0>;
L_0x55ebcdaa4860 .functor AND 1, v0x55ebcda5b380_0, v0x55ebcda5b750_0, C4<1>, C4<1>;
L_0x55ebcdab2b40 .functor AND 1, v0x55ebcda5b750_0, L_0x55ebcdab2aa0, C4<1>, C4<1>;
L_0x55ebcdabb190 .functor BUFZ 1, L_0x55ebcdab2b40, C4<0>, C4<0>, C4<0>;
L_0x55ebcdaa4960 .functor BUFZ 32, v0x55ebcda5b060_0, C4<00000000000000000000000000000000>, C4<00000000000000000000000000000000>, C4<00000000000000000000000000000000>;
L_0x55ebcdabb570 .functor BUFZ 32, v0x55ebcda5b590_0, C4<00000000000000000000000000000000>, C4<00000000000000000000000000000000>, C4<00000000000000000000000000000000>;
L_0x55ebcdabb2a0 .functor BUFZ 32, v0x55ebcda5b670_0, C4<00000000000000000000000000000000>, C4<00000000000000000000000000000000>, C4<00000000000000000000000000000000>;
L_0x55ebcdabb8f0 .functor BUFZ 5, v0x55ebcda5b2e0_0, C4<00000>, C4<00000>, C4<00000>;
L_0x55ebcdabb840 .functor BUFZ 32, L_0x55ebcdab31c0, C4<00000000000000000000000000000000>, C4<00000000000000000000000000000000>, C4<00000000000000000000000000000000>;
L_0x55ebcdabbcd0 .functor BUFZ 32, v0x55ebcda5aa40_0, C4<00000000000000000000000000000000>, C4<00000000000000000000000000000000>, C4<00000000000000000000000000000000>;
L_0x55ebcdabbbc0 .functor BUFZ 32, L_0x55ebcdab3730, C4<00000000000000000000000000000000>, C4<00000000000000000000000000000000>, C4<00000000000000000000000000000000>;
L_0x55ebcdabbe60 .functor BUFZ 32, v0x55ebcda5ab80_0, C4<00000000000000000000000000000000>, C4<00000000000000000000000000000000>, C4<00000000000000000000000000000000>;
L_0x55ebcdabbd90 .functor BUFZ 1, v0x55ebcda5ae00_0, C4<0>, C4<0>, C4<0>;
L_0x55ebcdabc000 .functor BUFZ 1, v0x55ebcda5afa0_0, C4<0>, C4<0>, C4<0>;
L_0x55ebcdabbf20 .functor BUFZ 4, v0x55ebcda5ac40_0, C4<0000>, C4<0000>, C4<0000>;
L_0x55ebcdabc1b0 .functor BUFZ 32, v0x55ebcda5aec0_0, C4<00000000000000000000000000000000>, C4<00000000000000000000000000000000>, C4<00000000000000000000000000000000>;
L_0x55ebcdabc0c0 .functor BUFZ 32, v0x55ebcda5ad20_0, C4<00000000000000000000000000000000>, C4<00000000000000000000000000000000>, C4<00000000000000000000000000000000>;
v0x55ebcda58700_0 .var "DE_PC", 31 0;
v0x55ebcda58810_0 .var "DE_alu_op", 2 0;
v0x55ebcda588b0_0 .var "DE_alu_pc_op", 0 0;
v0x55ebcda58980_0 .var "DE_alu_src_op", 0 0;
v0x55ebcda58a50_0 .var "DE_branch_out", 31 0;
v0x55ebcda58b40_0 .var "DE_funct3", 2 0;
v0x55ebcda58c00_0 .var "DE_i_arith", 0 0;
v0x55ebcda58cf0_0 .var "DE_i_sub", 0 0;
v0x55ebcda58de0_0 .var "DE_i_unsigned", 0 0;
v0x55ebcda58e80_0 .var "DE_immediate", 31 0;
v0x55ebcda58f40_0 .var "DE_instr", 31 0;
v0x55ebcda59000_0 .var "DE_jalr_op", 0 0;
v0x55ebcda590c0_0 .var "DE_lui_op", 0 0;
v0x55ebcda59160_0 .var "DE_mem_read", 0 0;
v0x55ebcda59200_0 .var "DE_mem_write", 0 0;
v0x55ebcda592a0_0 .var "DE_o_dmem_mask", 3 0;
v0x55ebcda59360_0 .var "DE_pc_src_op", 0 0;
v0x55ebcda59420_0 .var "DE_rd", 4 0;
v0x55ebcda594e0_0 .var "DE_reg_write", 0 0;
v0x55ebcda595b0_0 .var "DE_reg_write_source_op", 1 0;
v0x55ebcda59650_0 .var "DE_rs1_data", 31 0;
v0x55ebcda59740_0 .var "DE_rs2_data", 31 0;
v0x55ebcda59810_0 .var "DE_valid", 0 0;
v0x55ebcda598b0_0 .var "EM_ALUResult", 31 0;
v0x55ebcda599c0_0 .var "EM_PC", 31 0;
v0x55ebcda59aa0_0 .var "EM_branch_out", 31 0;
v0x55ebcda59b80_0 .var "EM_funct3", 2 0;
v0x55ebcda59c40_0 .var "EM_instr", 31 0;
v0x55ebcda59d00_0 .var "EM_jalr_op", 0 0;
v0x55ebcda59dc0_0 .var "EM_mem_read", 0 0;
v0x55ebcda59eb0_0 .var "EM_mem_write", 0 0;
v0x55ebcda59f50_0 .var "EM_o_dmem_mask", 3 0;
v0x55ebcda5a020_0 .var "EM_pc_src_op", 0 0;
v0x55ebcda5a0c0_0 .var "EM_rd", 4 0;
v0x55ebcda5a180_0 .var "EM_reg_write", 0 0;
v0x55ebcda5a270_0 .var "EM_reg_write_source_op", 1 0;
v0x55ebcda5a350_0 .var "EM_rs1_data", 31 0;
v0x55ebcda5a430_0 .var "EM_rs2_data", 31 0;
v0x55ebcda5a540_0 .var "EM_valid", 0 0;
v0x55ebcda5a600_0 .var "FD_PC", 31 0;
v0x55ebcda5a710_0 .var "FD_i_instr", 31 0;
v0x55ebcda5a820_0 .var "FD_valid", 0 0;
v0x55ebcda5a8e0_0 .var "MW_ALUResult", 31 0;
v0x55ebcda5a9a0_0 .var "MW_LoadData", 31 0;
v0x55ebcda5aa40_0 .var "MW_PC", 31 0;
v0x55ebcda5aae0_0 .var "MW_branch_out", 31 0;
v0x55ebcda5ab80_0 .var "MW_dmem_addr", 31 0;
v0x55ebcda5ac40_0 .var "MW_dmem_mask", 3 0;
v0x55ebcda5ad20_0 .var "MW_dmem_rdata", 31 0;
v0x55ebcda5ae00_0 .var "MW_dmem_ren", 0 0;
v0x55ebcda5aec0_0 .var "MW_dmem_wdata", 31 0;
v0x55ebcda5afa0_0 .var "MW_dmem_wen", 0 0;
v0x55ebcda5b060_0 .var "MW_instr", 31 0;
v0x55ebcda5b140_0 .var "MW_jalr_op", 0 0;
v0x55ebcda5b210_0 .var "MW_pc_src_op", 0 0;
v0x55ebcda5b2e0_0 .var "MW_rd", 4 0;
v0x55ebcda5b380_0 .var "MW_reg_write", 0 0;
v0x55ebcda5b420_0 .var "MW_reg_write_source_op", 1 0;
v0x55ebcda5b4f0_0 .var "MW_retired", 0 0;
v0x55ebcda5b590_0 .var "MW_rs1_data", 31 0;
v0x55ebcda5b670_0 .var "MW_rs2_data", 31 0;
v0x55ebcda5b750_0 .var "MW_valid", 0 0;
v0x55ebcda5b810_0 .net "WriteData", 31 0, L_0x55ebcdab31c0;  1 drivers
L_0x7efe54aaec18 .functor BUFT 1, C4<00000000000100000000000001110011>, C4<0>, C4<0>, C4<0>;
v0x55ebcda5b8d0_0 .net/2u *"_ivl_110", 31 0, L_0x7efe54aaec18;  1 drivers
v0x55ebcda5b9b0_0 .net *"_ivl_29", 0 0, L_0x55ebcda93f40;  1 drivers
v0x55ebcda5ba70_0 .net *"_ivl_31", 0 0, L_0x55ebcda93fe0;  1 drivers
L_0x7efe54aaa7c0 .functor BUFT 1, C4<00000000000000000000000000000100>, C4<0>, C4<0>, C4<0>;
v0x55ebcda5bb30_0 .net/2u *"_ivl_32", 31 0, L_0x7efe54aaa7c0;  1 drivers
v0x55ebcda5bc10_0 .net *"_ivl_34", 0 0, L_0x55ebcda940a0;  1 drivers
v0x55ebcda5bcd0_0 .net *"_ivl_37", 0 0, L_0x55ebcda94190;  1 drivers
v0x55ebcda5bd90_0 .net *"_ivl_40", 31 0, L_0x55ebcda943c0;  1 drivers
v0x55ebcda5be70_0 .net/2u *"_ivl_42", 31 0, L_0x7efe54aaa808;  1 drivers
v0x55ebcda5bf50_0 .net *"_ivl_44", 31 0, L_0x55ebcda94460;  1 drivers
v0x55ebcda5c030_0 .net *"_ivl_46", 31 0, L_0x55ebcda94680;  1 drivers
L_0x7efe54aaa850 .functor BUFT 1, C4<00000000000000000000000000000100>, C4<0>, C4<0>, C4<0>;
v0x55ebcda5c110_0 .net/2u *"_ivl_50", 31 0, L_0x7efe54aaa850;  1 drivers
v0x55ebcda5c1f0_0 .net *"_ivl_52", 31 0, L_0x55ebcda948a0;  1 drivers
v0x55ebcda5c2d0_0 .net *"_ivl_65", 0 0, L_0x55ebcdab2aa0;  1 drivers
L_0x7efe54aae870 .functor BUFT 1, C4<10>, C4<0>, C4<0>, C4<0>;
v0x55ebcda5c390_0 .net/2u *"_ivl_76", 1 0, L_0x7efe54aae870;  1 drivers
v0x55ebcda5c470_0 .net *"_ivl_78", 0 0, L_0x55ebcdab8b30;  1 drivers
L_0x7efe54aae8b8 .functor BUFT 1, C4<01>, C4<0>, C4<0>, C4<0>;
v0x55ebcda5c530_0 .net/2u *"_ivl_80", 1 0, L_0x7efe54aae8b8;  1 drivers
v0x55ebcda5c610_0 .net *"_ivl_82", 0 0, L_0x55ebcdab8c40;  1 drivers
v0x55ebcda5c6d0_0 .net *"_ivl_84", 31 0, L_0x55ebcdab8d70;  1 drivers
L_0x7efe54aae900 .functor BUFT 1, C4<10>, C4<0>, C4<0>, C4<0>;
v0x55ebcda5c7b0_0 .net/2u *"_ivl_88", 1 0, L_0x7efe54aae900;  1 drivers
v0x55ebcda5c890_0 .net *"_ivl_90", 0 0, L_0x55ebcdab90d0;  1 drivers
L_0x7efe54aae948 .functor BUFT 1, C4<01>, C4<0>, C4<0>, C4<0>;
v0x55ebcda5c950_0 .net/2u *"_ivl_92", 1 0, L_0x7efe54aae948;  1 drivers
v0x55ebcda5ca30_0 .net *"_ivl_94", 0 0, L_0x55ebcdab9200;  1 drivers
v0x55ebcda5caf0_0 .net *"_ivl_96", 31 0, L_0x55ebcdab92a0;  1 drivers
v0x55ebcda5cbd0_0 .net "alu_op", 2 0, L_0x55ebcda980a0;  1 drivers
v0x55ebcda5cc90_0 .net "alu_pc_op", 0 0, L_0x55ebcda9d930;  1 drivers
v0x55ebcda5cd30_0 .net "alu_result", 31 0, L_0x55ebcdaabc80;  1 drivers
v0x55ebcda5ce40_0 .net "alu_src_op", 0 0, L_0x55ebcda9a020;  1 drivers
v0x55ebcda5cf30_0 .net "branch_op", 3 0, L_0x55ebcda98700;  1 drivers
v0x55ebcda5cff0_0 .net "branch_out", 31 0, L_0x55ebcdaa4770;  1 drivers
v0x55ebcda5d100_0 .net "branch_rs1_data", 31 0, L_0x55ebcdab9030;  1 drivers
v0x55ebcda5d1c0_0 .net "branch_rs2_data", 31 0, L_0x55ebcdab93e0;  1 drivers
v0x55ebcda5d260_0 .net "branch_taken", 0 0, L_0x55ebcda94300;  1 drivers
v0x55ebcda5d300_0 .net "branch_target", 31 0, L_0x55ebcda947b0;  1 drivers
v0x55ebcda5d3e0_0 .net "dcache_busy", 0 0, L_0x55ebcda91f20;  1 drivers
v0x55ebcda5d480_0 .net "dcache_load_data", 31 0, L_0x55ebcda93170;  1 drivers
v0x55ebcda5d520_0 .net "dcache_mem_addr", 31 0, L_0x55ebcda92670;  1 drivers
v0x55ebcda5d5e0_0 .net "dcache_mem_ren", 0 0, L_0x55ebcda92d40;  1 drivers
v0x55ebcda5d6b0_0 .net "dcache_mem_wdata", 31 0, L_0x55ebcda93030;  1 drivers
v0x55ebcda5d780_0 .net "dcache_mem_wen", 0 0, L_0x55ebcda927d0;  1 drivers
v0x55ebcda5d850_0 .net "dcache_req_addr", 31 0, L_0x55ebcdaac670;  1 drivers
v0x55ebcda5d940_0 .net "dcache_req_mask", 3 0, L_0x55ebcdaad3e0;  1 drivers
v0x55ebcda5da30_0 .net "dcache_req_wdata", 31 0, L_0x55ebcdaaf230;  1 drivers
v0x55ebcda5db20_0 .net "dmem_mask_base", 3 0, L_0x55ebcda9b380;  1 drivers
v0x55ebcda5dc30_0 .var "dmem_rdata_buffer", 31 0;
v0x55ebcda5dd10_0 .net "dmem_ren_int", 0 0, L_0x55ebcda93bc0;  1 drivers
v0x55ebcda5ddb0_0 .net "dmem_ren_raw", 0 0, L_0x55ebcdab1150;  1 drivers
v0x55ebcda5de50_0 .net "dmem_wait", 0 0, L_0x55ebcda93e20;  1 drivers
v0x55ebcda5def0_0 .net "dmem_wen_int", 0 0, L_0x55ebcda93d10;  1 drivers
v0x55ebcda5df90_0 .net "dmem_wen_raw", 0 0, L_0x55ebcdab11c0;  1 drivers
v0x55ebcda5e060_0 .net "fetch_pc", 31 0, v0x55ebcda37330_0;  1 drivers
v0x55ebcda5e150_0 .net "fetch_stall", 0 0, L_0x55ebcda94290;  1 drivers
v0x55ebcda5e1f0_0 .net "forward_rs1_cnrl", 1 0, L_0x55ebcdab73b0;  1 drivers
v0x55ebcda5e2c0_0 .net "forward_rs2_cnrl", 1 0, L_0x55ebcdab8700;  1 drivers
v0x55ebcda5e390_0 .net "funct3", 2 0, L_0x55ebcda96ef0;  1 drivers
v0x55ebcda5e480_0 .net "i_arith", 0 0, L_0x55ebcda9d3c0;  1 drivers
v0x55ebcda5e570_0 .net "i_clk", 0 0, v0x55ebcda65f10_0;  alias, 1 drivers
o0x7efe550bf488 .functor BUFZ 1, c4<z>; HiZ drive
v0x55ebcda5e610_0 .net "i_dmem_busy", 0 0, o0x7efe550bf488;  0 drivers
v0x55ebcda5e6b0_0 .net "i_dmem_rdata", 31 0, L_0x55ebcda7ab20;  alias, 1 drivers
v0x55ebcda5e7a0_0 .net "i_dmem_ready", 0 0, L_0x55ebcda7aed0;  alias, 1 drivers
v0x55ebcda5e890_0 .net "i_dmem_valid", 0 0, L_0x55ebcda7ad00;  alias, 1 drivers
o0x7efe550bf4b8 .functor BUFZ 1, c4<z>; HiZ drive
v0x55ebcda5e980_0 .net "i_imem_busy", 0 0, o0x7efe550bf4b8;  0 drivers
v0x55ebcda5ea20_0 .net "i_imem_rdata", 31 0, L_0x55ebcda79190;  alias, 1 drivers
v0x55ebcda5eac0_0 .net "i_imem_ready", 0 0, L_0x55ebcda79420;  alias, 1 drivers
v0x55ebcda5eb60_0 .net "i_imem_valid", 0 0, L_0x55ebcda792e0;  alias, 1 drivers
v0x55ebcda5ec00_0 .net "i_rs1_raddr", 4 0, L_0x55ebcda970b0;  1 drivers
v0x55ebcda5eca0_0 .net "i_rs2_raddr", 4 0, L_0x55ebcda971e0;  1 drivers
v0x55ebcda5f550_0 .net "i_rst", 0 0, v0x55ebcda67940_0;  alias, 1 drivers
v0x55ebcda5f5f0_0 .net "i_sub", 0 0, L_0x55ebcda9b8c0;  1 drivers
v0x55ebcda5f6e0_0 .net "i_unsigned", 0 0, L_0x55ebcda9c710;  1 drivers
v0x55ebcda5f7d0_0 .net "icache_busy", 0 0, L_0x55ebcda858c0;  1 drivers
v0x55ebcda5f870_0 .net "icache_mem_addr", 31 0, L_0x55ebcda86010;  1 drivers
v0x55ebcda5f910_0 .net "icache_mem_ren", 0 0, L_0x55ebcda866e0;  1 drivers
v0x55ebcda5f9b0_0 .net "icache_mem_wdata", 31 0, L_0x55ebcda86ee0;  1 drivers
v0x55ebcda5fa50_0 .net "icache_mem_wen", 0 0, L_0x55ebcda86170;  1 drivers
v0x55ebcda5fb20_0 .net "icache_req_ren", 0 0, L_0x55ebcda94c80;  1 drivers
v0x55ebcda5fbf0_0 .net "icache_res_rdata", 31 0, L_0x55ebcda86ad0;  1 drivers
v0x55ebcda5fcc0_0 .net "imem_wait", 0 0, L_0x55ebcda93b50;  1 drivers
v0x55ebcda5fd90_0 .net "immediate", 31 0, L_0x55ebcdaa1500;  1 drivers
v0x55ebcda5fe30_0 .net "jalr_op", 0 0, L_0x55ebcda9d670;  1 drivers
v0x55ebcda5fed0_0 .net "load_data", 31 0, L_0x55ebcdab2880;  1 drivers
v0x55ebcda5ffa0_0 .var "load_data_buffer", 31 0;
v0x55ebcda60040_0 .net "lui_op", 0 0, L_0x55ebcda9de90;  1 drivers
v0x55ebcda60130_0 .net "mem_read", 0 0, L_0x55ebcda9dc00;  1 drivers
v0x55ebcda60220_0 .net "mem_write", 0 0, L_0x55ebcda98940;  1 drivers
v0x55ebcda60310_0 .net "next_pc", 31 0, L_0x55ebcda94aa0;  1 drivers
v0x55ebcda603b0_0 .net "o_dmem_addr", 31 0, L_0x55ebcda933d0;  alias, 1 drivers
v0x55ebcda60450_0 .net "o_dmem_mask", 3 0, L_0x7efe54aaa778;  alias, 1 drivers
v0x55ebcda604f0_0 .net "o_dmem_ren", 0 0, L_0x55ebcda93440;  alias, 1 drivers
v0x55ebcda605c0_0 .net "o_dmem_wdata", 31 0, L_0x55ebcda93ae0;  alias, 1 drivers
v0x55ebcda60660_0 .net "o_dmem_wen", 0 0, L_0x55ebcda934b0;  alias, 1 drivers
v0x55ebcda60700_0 .net "o_imem_raddr", 31 0, L_0x55ebcda932f0;  alias, 1 drivers
v0x55ebcda607a0_0 .net "o_imem_ren", 0 0, L_0x55ebcda93360;  alias, 1 drivers
v0x55ebcda60840_0 .net "o_retire_dmem_addr", 31 0, L_0x55ebcdabbe60;  alias, 1 drivers
v0x55ebcda60920_0 .net "o_retire_dmem_mask", 3 0, L_0x55ebcdabbf20;  alias, 1 drivers
v0x55ebcda60a00_0 .net "o_retire_dmem_rdata", 31 0, L_0x55ebcdabc0c0;  alias, 1 drivers
v0x55ebcda60ae0_0 .net "o_retire_dmem_ren", 0 0, L_0x55ebcdabbd90;  alias, 1 drivers
v0x55ebcda60ba0_0 .net "o_retire_dmem_wdata", 31 0, L_0x55ebcdabc1b0;  alias, 1 drivers
v0x55ebcda60c80_0 .net "o_retire_dmem_wen", 0 0, L_0x55ebcdabc000;  alias, 1 drivers
v0x55ebcda60d40_0 .net "o_retire_halt", 0 0, L_0x55ebcdabb3e0;  alias, 1 drivers
v0x55ebcda60e00_0 .net "o_retire_inst", 31 0, L_0x55ebcdaa4960;  alias, 1 drivers
v0x55ebcda60ee0_0 .net "o_retire_next_pc", 31 0, L_0x55ebcdabbbc0;  alias, 1 drivers
v0x55ebcda60fc0_0 .net "o_retire_pc", 31 0, L_0x55ebcdabbcd0;  alias, 1 drivers
v0x55ebcda610a0_0 .net "o_retire_rd_waddr", 4 0, L_0x55ebcdabb8f0;  alias, 1 drivers
v0x55ebcda61180_0 .net "o_retire_rd_wdata", 31 0, L_0x55ebcdabb840;  alias, 1 drivers
v0x55ebcda61260_0 .net "o_retire_rs1_raddr", 4 0, L_0x55ebcdabb090;  alias, 1 drivers
v0x55ebcda61340_0 .net "o_retire_rs1_rdata", 31 0, L_0x55ebcdabb570;  alias, 1 drivers
v0x55ebcda61420_0 .net "o_retire_rs2_raddr", 4 0, L_0x55ebcdabb680;  alias, 1 drivers
v0x55ebcda61500_0 .net "o_retire_rs2_rdata", 31 0, L_0x55ebcdabb2a0;  alias, 1 drivers
v0x55ebcda615e0_0 .net "o_retire_trap", 0 0, L_0x7efe54aaebd0;  alias, 1 drivers
v0x55ebcda616a0_0 .net "o_retire_valid", 0 0, L_0x55ebcdabb190;  alias, 1 drivers
v0x55ebcda61760_0 .net "opcode", 6 0, L_0x55ebcda96490;  1 drivers
v0x55ebcda61820_0 .net "pc_src_op", 0 0, L_0x55ebcda9a750;  1 drivers
v0x55ebcda618c0_0 .net "pipeline_freeze", 0 0, L_0x55ebcdab5d60;  1 drivers
v0x55ebcda61990_0 .net "rd", 4 0, L_0x55ebcda96970;  1 drivers
v0x55ebcda61a60_0 .net "reg_write", 0 0, L_0x55ebcda991a0;  1 drivers
v0x55ebcda61b50_0 .net "reg_write_source_op", 1 0, L_0x55ebcda99b30;  1 drivers
v0x55ebcda61c40_0 .net "retire_fire", 0 0, L_0x55ebcdab2b40;  1 drivers
v0x55ebcda61d00_0 .net "rs1_data", 31 0, L_0x55ebcda9e710;  1 drivers
v0x55ebcda61e10_0 .net "rs1_forwarded_data", 31 0, L_0x55ebcdabaac0;  1 drivers
v0x55ebcda61f20_0 .net "rs2_data", 31 0, L_0x55ebcda9f090;  1 drivers
v0x55ebcda62030_0 .net "rs2_forwarded_data", 31 0, L_0x55ebcdabad20;  1 drivers
v0x55ebcda62140_0 .net "stall", 0 0, L_0x55ebcdab5e20;  1 drivers
v0x55ebcda621e0_0 .net "wb_next_pc_unused", 31 0, L_0x55ebcdab3730;  1 drivers
L_0x55ebcda93f40 .reduce/nor L_0x55ebcdab5e20;
L_0x55ebcda940a0 .cmp/ne 32, L_0x55ebcdaa4770, L_0x7efe54aaa7c0;
L_0x55ebcda943c0 .arith/sum 32, L_0x55ebcdab9030, L_0x55ebcdaa1500;
L_0x55ebcda94680 .arith/sum 32, v0x55ebcda5a600_0, L_0x55ebcdaa4770;
L_0x55ebcda947b0 .functor MUXZ 32, L_0x55ebcda94680, L_0x55ebcda94460, L_0x55ebcda9d670, C4<>;
L_0x55ebcda948a0 .arith/sum 32, v0x55ebcda37330_0, L_0x7efe54aaa850;
L_0x55ebcda94aa0 .functor MUXZ 32, L_0x55ebcda948a0, L_0x55ebcda947b0, L_0x55ebcda94300, C4<>;
L_0x55ebcda94c80 .reduce/nor L_0x55ebcda94300;
L_0x55ebcdab2aa0 .reduce/nor v0x55ebcda5b4f0_0;
L_0x55ebcdab8900 .part v0x55ebcda5a710_0, 15, 5;
L_0x55ebcdab8a00 .part v0x55ebcda5a710_0, 20, 5;
L_0x55ebcdab8b30 .cmp/eq 2, L_0x55ebcdab73b0, L_0x7efe54aae870;
L_0x55ebcdab8c40 .cmp/eq 2, L_0x55ebcdab73b0, L_0x7efe54aae8b8;
L_0x55ebcdab8d70 .functor MUXZ 32, L_0x55ebcda9e710, L_0x55ebcdab31c0, L_0x55ebcdab8c40, C4<>;
L_0x55ebcdab9030 .functor MUXZ 32, L_0x55ebcdab8d70, v0x55ebcda598b0_0, L_0x55ebcdab8b30, C4<>;
L_0x55ebcdab90d0 .cmp/eq 2, L_0x55ebcdab8700, L_0x7efe54aae900;
L_0x55ebcdab9200 .cmp/eq 2, L_0x55ebcdab8700, L_0x7efe54aae948;
L_0x55ebcdab92a0 .functor MUXZ 32, L_0x55ebcda9f090, L_0x55ebcdab31c0, L_0x55ebcdab9200, C4<>;
L_0x55ebcdab93e0 .functor MUXZ 32, L_0x55ebcdab92a0, v0x55ebcda598b0_0, L_0x55ebcdab90d0, C4<>;
L_0x55ebcdabaff0 .part v0x55ebcda58f40_0, 15, 5;
L_0x55ebcdab9340 .part v0x55ebcda58f40_0, 20, 5;
L_0x55ebcdabb3e0 .cmp/eq 32, v0x55ebcda5b060_0, L_0x7efe54aaec18;
L_0x55ebcdabb090 .part v0x55ebcda5b060_0, 15, 5;
L_0x55ebcdabb680 .part v0x55ebcda5b060_0, 20, 5;
S_0x55ebcd958c20 .scope module, "dcache" "cache" 4 188, 5 3 0, S_0x55ebcd956580;
 .timescale 0 0;
    .port_info 0 /INPUT 1 "i_clk";
    .port_info 1 /INPUT 1 "i_rst";
    .port_info 2 /INPUT 1 "i_mem_ready";
    .port_info 3 /OUTPUT 32 "o_mem_addr";
    .port_info 4 /OUTPUT 1 "o_mem_ren";
    .port_info 5 /OUTPUT 1 "o_mem_wen";
    .port_info 6 /OUTPUT 32 "o_mem_wdata";
    .port_info 7 /INPUT 32 "i_mem_rdata";
    .port_info 8 /INPUT 1 "i_mem_valid";
    .port_info 9 /OUTPUT 1 "o_busy";
    .port_info 10 /INPUT 32 "i_req_addr";
    .port_info 11 /INPUT 1 "i_req_ren";
    .port_info 12 /INPUT 1 "i_req_wen";
    .port_info 13 /INPUT 4 "i_req_mask";
    .port_info 14 /INPUT 32 "i_req_wdata";
    .port_info 15 /OUTPUT 32 "o_res_rdata";
P_0x55ebcd9e54c0 .param/l "D" 1 5 26, +C4<00000000000000000000000000000100>;
P_0x55ebcd9e5500 .param/l "DEPTH" 1 5 23, +C4<00000000000000000000000000100000>;
P_0x55ebcd9e5540 .param/l "MISS_FILL" 1 5 140, C4<01>;
P_0x55ebcd9e5580 .param/l "MISS_WB" 1 5 141, C4<10>;
P_0x55ebcd9e55c0 .param/l "O" 1 5 21, +C4<00000000000000000000000000000100>;
P_0x55ebcd9e5600 .param/l "PREFETCH_FILL" 1 5 142, C4<11>;
P_0x55ebcd9e5640 .param/l "READY" 1 5 139, C4<00>;
P_0x55ebcd9e5680 .param/l "S" 1 5 22, +C4<00000000000000000000000000000101>;
P_0x55ebcd9e56c0 .param/l "T" 1 5 25, +C4<00000000000000000000000000010111>;
P_0x55ebcd9e5700 .param/l "W" 1 5 24, +C4<00000000000000000000000000000100>;
L_0x55ebcda86da0 .functor AND 1, L_0x55ebcda87ac0, L_0x55ebcda87da0, C4<1>, C4<1>;
L_0x55ebcda88380 .functor AND 1, L_0x55ebcda88240, L_0x55ebcda88500, C4<1>, C4<1>;
L_0x55ebcda88ab0 .functor AND 1, L_0x55ebcda88970, L_0x55ebcda88c10, C4<1>, C4<1>;
L_0x55ebcda89320 .functor AND 1, L_0x55ebcda891e0, L_0x55ebcda894b0, C4<1>, C4<1>;
L_0x55ebcda896f0 .functor OR 1, L_0x55ebcda86da0, L_0x55ebcda88380, C4<0>, C4<0>;
L_0x55ebcda89800 .functor OR 1, L_0x55ebcda896f0, L_0x55ebcda88ab0, C4<0>, C4<0>;
L_0x55ebcda89910 .functor OR 1, L_0x55ebcda89800, L_0x55ebcda89320, C4<0>, C4<0>;
L_0x55ebcda89b10 .functor AND 1, L_0x55ebcda93bc0, L_0x55ebcda89a20, C4<1>, C4<1>;
L_0x55ebcda895a0 .functor AND 1, L_0x55ebcda89b10, L_0x55ebcda89c70, C4<1>, C4<1>;
L_0x55ebcda8a000 .functor AND 1, L_0x55ebcda895a0, L_0x55ebcda89f10, C4<1>, C4<1>;
L_0x55ebcda8a970 .functor AND 1, L_0x55ebcda8a500, L_0x55ebcda8a640, C4<1>, C4<1>;
L_0x55ebcda8b060 .functor AND 1, L_0x55ebcda8ac80, L_0x55ebcda8ad70, C4<1>, C4<1>;
L_0x55ebcda8b7e0 .functor AND 1, L_0x55ebcda8b410, L_0x55ebcda8b660, C4<1>, C4<1>;
L_0x55ebcda8bfd0 .functor AND 1, L_0x55ebcda8bc10, L_0x55ebcda8bee0, C4<1>, C4<1>;
L_0x55ebcda8b170 .functor OR 1, L_0x55ebcda8a970, L_0x55ebcda8b060, C4<0>, C4<0>;
L_0x55ebcda8c200 .functor OR 1, L_0x55ebcda8b170, L_0x55ebcda8b7e0, C4<0>, C4<0>;
L_0x55ebcda8c0e0 .functor OR 1, L_0x55ebcda8c200, L_0x55ebcda8bfd0, C4<0>, C4<0>;
L_0x55ebcda8c530 .functor OR 1, L_0x55ebcda93bc0, L_0x55ebcda93d10, C4<0>, C4<0>;
L_0x55ebcda8c640 .functor AND 1, L_0x55ebcda8c530, L_0x55ebcda8c970, C4<1>, C4<1>;
L_0x55ebcda8d090 .functor BUFZ 32, L_0x55ebcda8cab0, C4<00000000000000000000000000000000>, C4<00000000000000000000000000000000>, C4<00000000000000000000000000000000>;
L_0x55ebcda8dd60 .functor BUFZ 32, L_0x55ebcda8c5a0, C4<00000000000000000000000000000000>, C4<00000000000000000000000000000000>, C4<00000000000000000000000000000000>;
L_0x55ebcda8e740 .functor BUFZ 32, L_0x55ebcda8df10, C4<00000000000000000000000000000000>, C4<00000000000000000000000000000000>, C4<00000000000000000000000000000000>;
L_0x55ebcda8f1c0 .functor BUFZ 32, L_0x55ebcda8d550, C4<00000000000000000000000000000000>, C4<00000000000000000000000000000000>, C4<00000000000000000000000000000000>;
L_0x55ebcda92330 .functor OR 1, L_0x55ebcda92150, L_0x55ebcda92240, C4<0>, C4<0>;
L_0x55ebcda92c30 .functor AND 1, L_0x55ebcda92330, L_0x55ebcda8e8f0, C4<1>, C4<1>;
L_0x55ebcda92d40 .functor AND 1, L_0x55ebcda92c30, L_0x55ebcda7aed0, C4<1>, C4<1>;
L_0x55ebcda92b60 .functor AND 1, L_0x55ebcda8c0e0, L_0x55ebcda93d10, C4<1>, C4<1>;
L_0x55ebcda92fc0 .functor AND 1, L_0x55ebcda92b60, L_0x55ebcda7aed0, C4<1>, C4<1>;
L_0x55ebcda92710 .functor AND 1, L_0x55ebcda92e50, L_0x55ebcda7aed0, C4<1>, C4<1>;
L_0x55ebcda927d0 .functor OR 1, L_0x55ebcda92fc0, L_0x55ebcda92710, C4<0>, C4<0>;
L_0x55ebcda92a30 .functor AND 1, L_0x55ebcda8c0e0, L_0x55ebcda93d10, C4<1>, C4<1>;
v0x55ebcd96ea50_0 .net *"_ivl_100", 0 0, L_0x55ebcda89c70;  1 drivers
v0x55ebcd96eb30_0 .net *"_ivl_105", 0 0, L_0x55ebcda89f10;  1 drivers
v0x55ebcd971790_0 .net *"_ivl_112", 3 0, L_0x55ebcda8a330;  1 drivers
v0x55ebcd9718a0_0 .net *"_ivl_114", 6 0, L_0x55ebcda8a210;  1 drivers
L_0x7efe54aa9968 .functor BUFT 1, C4<00>, C4<0>, C4<0>, C4<0>;
v0x55ebcd968ac0_0 .net *"_ivl_117", 1 0, L_0x7efe54aa9968;  1 drivers
v0x55ebcd95e490_0 .net *"_ivl_119", 0 0, L_0x55ebcda8a500;  1 drivers
v0x55ebcd95e570_0 .net *"_ivl_120", 22 0, L_0x55ebcda8a3d0;  1 drivers
v0x55ebcd961360_0 .net *"_ivl_122", 6 0, L_0x55ebcda8a730;  1 drivers
L_0x7efe54aa99b0 .functor BUFT 1, C4<00>, C4<0>, C4<0>, C4<0>;
v0x55ebcd961420_0 .net *"_ivl_125", 1 0, L_0x7efe54aa99b0;  1 drivers
v0x55ebcd932590_0 .net *"_ivl_126", 0 0, L_0x55ebcda8a640;  1 drivers
v0x55ebcd932650_0 .net *"_ivl_130", 3 0, L_0x55ebcda8aa80;  1 drivers
v0x55ebcd932d20_0 .net *"_ivl_132", 6 0, L_0x55ebcda8a7d0;  1 drivers
L_0x7efe54aa99f8 .functor BUFT 1, C4<00>, C4<0>, C4<0>, C4<0>;
v0x55ebcd932e00_0 .net *"_ivl_135", 1 0, L_0x7efe54aa99f8;  1 drivers
v0x55ebcd934d90_0 .net *"_ivl_137", 0 0, L_0x55ebcda8ac80;  1 drivers
v0x55ebcd934e70_0 .net *"_ivl_138", 22 0, L_0x55ebcda8ab20;  1 drivers
v0x55ebcd975c90_0 .net *"_ivl_140", 6 0, L_0x55ebcda8abc0;  1 drivers
L_0x7efe54aa9a40 .functor BUFT 1, C4<00>, C4<0>, C4<0>, C4<0>;
v0x55ebcd92e240_0 .net *"_ivl_143", 1 0, L_0x7efe54aa9a40;  1 drivers
v0x55ebcd92e320_0 .net *"_ivl_144", 0 0, L_0x55ebcda8ad70;  1 drivers
v0x55ebcd930650_0 .net *"_ivl_148", 3 0, L_0x55ebcda8b1e0;  1 drivers
v0x55ebcd930730_0 .net *"_ivl_150", 6 0, L_0x55ebcda8aee0;  1 drivers
L_0x7efe54aa9a88 .functor BUFT 1, C4<00>, C4<0>, C4<0>, C4<0>;
v0x55ebcd9828a0_0 .net *"_ivl_153", 1 0, L_0x7efe54aa9a88;  1 drivers
v0x55ebcd982980_0 .net *"_ivl_155", 0 0, L_0x55ebcda8b410;  1 drivers
v0x55ebcd98e9d0_0 .net *"_ivl_156", 22 0, L_0x55ebcda8b280;  1 drivers
v0x55ebcd98eab0_0 .net *"_ivl_158", 6 0, L_0x55ebcda8b320;  1 drivers
v0x55ebcd98fec0_0 .net *"_ivl_16", 3 0, L_0x55ebcda87890;  1 drivers
L_0x7efe54aa9ad0 .functor BUFT 1, C4<00>, C4<0>, C4<0>, C4<0>;
v0x55ebcd98ffa0_0 .net *"_ivl_161", 1 0, L_0x7efe54aa9ad0;  1 drivers
v0x55ebcd9913b0_0 .net *"_ivl_162", 0 0, L_0x55ebcda8b660;  1 drivers
v0x55ebcd991470_0 .net *"_ivl_166", 3 0, L_0x55ebcda8b8a0;  1 drivers
v0x55ebcd9928a0_0 .net *"_ivl_168", 6 0, L_0x55ebcda8b4b0;  1 drivers
L_0x7efe54aa9b18 .functor BUFT 1, C4<00>, C4<0>, C4<0>, C4<0>;
v0x55ebcd992980_0 .net *"_ivl_171", 1 0, L_0x7efe54aa9b18;  1 drivers
v0x55ebcd993dd0_0 .net *"_ivl_173", 0 0, L_0x55ebcda8bc10;  1 drivers
v0x55ebcd993eb0_0 .net *"_ivl_174", 22 0, L_0x55ebcda8b940;  1 drivers
v0x55ebcd995340_0 .net *"_ivl_176", 6 0, L_0x55ebcda8b9e0;  1 drivers
L_0x7efe54aa9b60 .functor BUFT 1, C4<00>, C4<0>, C4<0>, C4<0>;
v0x55ebcd983e10_0 .net *"_ivl_179", 1 0, L_0x7efe54aa9b60;  1 drivers
v0x55ebcd983ef0_0 .net *"_ivl_18", 6 0, L_0x55ebcda87930;  1 drivers
v0x55ebcd9a15f0_0 .net *"_ivl_180", 0 0, L_0x55ebcda8bee0;  1 drivers
v0x55ebcd9a16b0_0 .net *"_ivl_185", 0 0, L_0x55ebcda8b170;  1 drivers
v0x55ebcd9a25b0_0 .net *"_ivl_187", 0 0, L_0x55ebcda8c200;  1 drivers
L_0x7efe54aa9ba8 .functor BUFT 1, C4<11>, C4<0>, C4<0>, C4<0>;
v0x55ebcd9a2670_0 .net/2u *"_ivl_190", 1 0, L_0x7efe54aa9ba8;  1 drivers
L_0x7efe54aa9bf0 .functor BUFT 1, C4<10>, C4<0>, C4<0>, C4<0>;
v0x55ebcd9a4510_0 .net/2u *"_ivl_192", 1 0, L_0x7efe54aa9bf0;  1 drivers
L_0x7efe54aa9c38 .functor BUFT 1, C4<01>, C4<0>, C4<0>, C4<0>;
v0x55ebcd9a45f0_0 .net/2u *"_ivl_194", 1 0, L_0x7efe54aa9c38;  1 drivers
L_0x7efe54aa9c80 .functor BUFT 1, C4<00>, C4<0>, C4<0>, C4<0>;
v0x55ebcd985410_0 .net/2u *"_ivl_196", 1 0, L_0x7efe54aa9c80;  1 drivers
v0x55ebcd9854f0_0 .net *"_ivl_198", 1 0, L_0x55ebcda8c440;  1 drivers
L_0x7efe54aa9650 .functor BUFT 1, C4<0000000000000000000000000001>, C4<0>, C4<0>, C4<0>;
v0x55ebcd986a10_0 .net/2u *"_ivl_2", 27 0, L_0x7efe54aa9650;  1 drivers
v0x55ebcd986af0_0 .net *"_ivl_200", 1 0, L_0x55ebcda8bd00;  1 drivers
v0x55ebcd988010_0 .net *"_ivl_205", 0 0, L_0x55ebcda8c530;  1 drivers
v0x55ebcd9880d0_0 .net *"_ivl_207", 0 0, L_0x55ebcda8c970;  1 drivers
L_0x7efe54aa96e0 .functor BUFT 1, C4<00>, C4<0>, C4<0>, C4<0>;
v0x55ebcd989590_0 .net *"_ivl_21", 1 0, L_0x7efe54aa96e0;  1 drivers
v0x55ebcd989670_0 .net *"_ivl_210", 31 0, L_0x55ebcda8cab0;  1 drivers
v0x55ebcd98aa80_0 .net *"_ivl_212", 9 0, L_0x55ebcda8c770;  1 drivers
L_0x7efe54aa9cc8 .functor BUFT 1, C4<00000>, C4<0>, C4<0>, C4<0>;
v0x55ebcd98ab60_0 .net *"_ivl_215", 4 0, L_0x7efe54aa9cc8;  1 drivers
v0x55ebcd98bf70_0 .net *"_ivl_216", 11 0, L_0x55ebcda8c860;  1 drivers
L_0x7efe54aa9d10 .functor BUFT 1, C4<00>, C4<0>, C4<0>, C4<0>;
v0x55ebcd98c050_0 .net *"_ivl_219", 1 0, L_0x7efe54aa9d10;  1 drivers
L_0x7efe54aa9d58 .functor BUFT 1, C4<000000000100>, C4<0>, C4<0>, C4<0>;
v0x55ebcd98d4a0_0 .net/2u *"_ivl_220", 11 0, L_0x7efe54aa9d58;  1 drivers
v0x55ebcd98d580_0 .net *"_ivl_223", 11 0, L_0x55ebcda8cdc0;  1 drivers
v0x55ebcd980680_0 .net *"_ivl_224", 3 0, L_0x55ebcda8cf00;  1 drivers
L_0x7efe54aa9da0 .functor BUFT 1, C4<00>, C4<0>, C4<0>, C4<0>;
v0x55ebcd9f0040_0 .net *"_ivl_227", 1 0, L_0x7efe54aa9da0;  1 drivers
v0x55ebcd9f0120_0 .net *"_ivl_23", 0 0, L_0x55ebcda87ac0;  1 drivers
L_0x7efe54aa9de8 .functor BUFT 1, C4<0>, C4<0>, C4<0>, C4<0>;
v0x55ebcd9f09a0_0 .net *"_ivl_230", 0 0, L_0x7efe54aa9de8;  1 drivers
v0x55ebcd9f0a80_0 .net *"_ivl_231", 12 0, L_0x55ebcda8cba0;  1 drivers
L_0x7efe54aa9e30 .functor BUFT 1, C4<000000000>, C4<0>, C4<0>, C4<0>;
v0x55ebcd9ae9d0_0 .net *"_ivl_234", 8 0, L_0x7efe54aa9e30;  1 drivers
v0x55ebcd9aeab0_0 .net *"_ivl_235", 12 0, L_0x55ebcda8d1d0;  1 drivers
v0x55ebcd9b31e0_0 .net *"_ivl_236", 12 0, L_0x55ebcda8cff0;  1 drivers
v0x55ebcd9b32c0_0 .net *"_ivl_24", 22 0, L_0x55ebcda87bb0;  1 drivers
v0x55ebcd9b8660_0 .net *"_ivl_240", 31 0, L_0x55ebcda8c5a0;  1 drivers
v0x55ebcd9b8740_0 .net *"_ivl_242", 9 0, L_0x55ebcda8d270;  1 drivers
L_0x7efe54aa9e78 .functor BUFT 1, C4<00000>, C4<0>, C4<0>, C4<0>;
v0x55ebcd9bce90_0 .net *"_ivl_245", 4 0, L_0x7efe54aa9e78;  1 drivers
v0x55ebcd9bcf70_0 .net *"_ivl_246", 11 0, L_0x55ebcda8d360;  1 drivers
L_0x7efe54aa9ec0 .functor BUFT 1, C4<00>, C4<0>, C4<0>, C4<0>;
v0x55ebcd9c4c60_0 .net *"_ivl_249", 1 0, L_0x7efe54aa9ec0;  1 drivers
L_0x7efe54aa9f08 .functor BUFT 1, C4<000000000100>, C4<0>, C4<0>, C4<0>;
v0x55ebcd9aa0f0_0 .net/2u *"_ivl_250", 11 0, L_0x7efe54aa9f08;  1 drivers
v0x55ebcd9aa1d0_0 .net *"_ivl_253", 11 0, L_0x55ebcda8d860;  1 drivers
v0x55ebcd9c0650_0 .net *"_ivl_254", 3 0, L_0x55ebcda8d9a0;  1 drivers
L_0x7efe54aa9f50 .functor BUFT 1, C4<00>, C4<0>, C4<0>, C4<0>;
v0x55ebcd9c0730_0 .net *"_ivl_257", 1 0, L_0x7efe54aa9f50;  1 drivers
v0x55ebcd9c2830_0 .net *"_ivl_26", 6 0, L_0x55ebcda87cb0;  1 drivers
L_0x7efe54aa9f98 .functor BUFT 1, C4<0>, C4<0>, C4<0>, C4<0>;
v0x55ebcd9c2910_0 .net *"_ivl_260", 0 0, L_0x7efe54aa9f98;  1 drivers
v0x55ebcd9c7c10_0 .net *"_ivl_261", 12 0, L_0x55ebcda8d600;  1 drivers
L_0x7efe54aa9fe0 .functor BUFT 1, C4<000000000>, C4<0>, C4<0>, C4<0>;
v0x55ebcd9c7cf0_0 .net *"_ivl_264", 8 0, L_0x7efe54aa9fe0;  1 drivers
v0x55ebcd9c9b40_0 .net *"_ivl_265", 12 0, L_0x55ebcda8d740;  1 drivers
v0x55ebcd9c9c20_0 .net *"_ivl_266", 12 0, L_0x55ebcda8dcc0;  1 drivers
v0x55ebcd872790_0 .net *"_ivl_270", 31 0, L_0x55ebcda8df10;  1 drivers
v0x55ebcd872870_0 .net *"_ivl_272", 9 0, L_0x55ebcda8da40;  1 drivers
L_0x7efe54aaa028 .functor BUFT 1, C4<00000>, C4<0>, C4<0>, C4<0>;
v0x55ebcd866cc0_0 .net *"_ivl_275", 4 0, L_0x7efe54aaa028;  1 drivers
v0x55ebcd8670c0_0 .net *"_ivl_276", 11 0, L_0x55ebcda8db30;  1 drivers
L_0x7efe54aaa070 .functor BUFT 1, C4<00>, C4<0>, C4<0>, C4<0>;
v0x55ebcd8671a0_0 .net *"_ivl_279", 1 0, L_0x7efe54aaa070;  1 drivers
L_0x7efe54aaa0b8 .functor BUFT 1, C4<000000000100>, C4<0>, C4<0>, C4<0>;
v0x55ebcd87d6c0_0 .net/2u *"_ivl_280", 11 0, L_0x7efe54aaa0b8;  1 drivers
v0x55ebcd87d7a0_0 .net *"_ivl_283", 11 0, L_0x55ebcda8e250;  1 drivers
v0x55ebcd890220_0 .net *"_ivl_284", 3 0, L_0x55ebcda8e2f0;  1 drivers
L_0x7efe54aaa100 .functor BUFT 1, C4<00>, C4<0>, C4<0>, C4<0>;
v0x55ebcd890300_0 .net *"_ivl_287", 1 0, L_0x7efe54aaa100;  1 drivers
L_0x7efe54aa9728 .functor BUFT 1, C4<00>, C4<0>, C4<0>, C4<0>;
v0x55ebcd894c30_0 .net *"_ivl_29", 1 0, L_0x7efe54aa9728;  1 drivers
L_0x7efe54aaa148 .functor BUFT 1, C4<0>, C4<0>, C4<0>, C4<0>;
v0x55ebcd894d10_0 .net *"_ivl_290", 0 0, L_0x7efe54aaa148;  1 drivers
v0x55ebcd895a90_0 .net *"_ivl_291", 12 0, L_0x55ebcda8e000;  1 drivers
L_0x7efe54aaa190 .functor BUFT 1, C4<000000000>, C4<0>, C4<0>, C4<0>;
v0x55ebcd895b70_0 .net *"_ivl_294", 8 0, L_0x7efe54aaa190;  1 drivers
v0x55ebcd8987f0_0 .net *"_ivl_295", 12 0, L_0x55ebcda8e140;  1 drivers
v0x55ebcd8988d0_0 .net *"_ivl_296", 12 0, L_0x55ebcda8e6a0;  1 drivers
v0x55ebcd89caa0_0 .net *"_ivl_30", 0 0, L_0x55ebcda87da0;  1 drivers
v0x55ebcd89cb60_0 .net *"_ivl_300", 31 0, L_0x55ebcda8d550;  1 drivers
v0x55ebcd89d910_0 .net *"_ivl_302", 9 0, L_0x55ebcda8e390;  1 drivers
L_0x7efe54aaa1d8 .functor BUFT 1, C4<00000>, C4<0>, C4<0>, C4<0>;
v0x55ebcd9f2d20_0 .net *"_ivl_305", 4 0, L_0x7efe54aaa1d8;  1 drivers
v0x55ebcd9f2e00_0 .net *"_ivl_306", 11 0, L_0x55ebcda8e480;  1 drivers
L_0x7efe54aaa220 .functor BUFT 1, C4<00>, C4<0>, C4<0>, C4<0>;
v0x55ebcd9f3160_0 .net *"_ivl_309", 1 0, L_0x7efe54aaa220;  1 drivers
L_0x7efe54aaa268 .functor BUFT 1, C4<000000000100>, C4<0>, C4<0>, C4<0>;
v0x55ebcd9f3240_0 .net/2u *"_ivl_310", 11 0, L_0x7efe54aaa268;  1 drivers
v0x55ebcd8c0b60_0 .net *"_ivl_313", 11 0, L_0x55ebcda8ec90;  1 drivers
v0x55ebcd8c0c40_0 .net *"_ivl_314", 3 0, L_0x55ebcda8ed80;  1 drivers
L_0x7efe54aaa2b0 .functor BUFT 1, C4<00>, C4<0>, C4<0>, C4<0>;
v0x55ebcd8c0f80_0 .net *"_ivl_317", 1 0, L_0x7efe54aaa2b0;  1 drivers
L_0x7efe54aaa2f8 .functor BUFT 1, C4<0>, C4<0>, C4<0>, C4<0>;
v0x55ebcd8c1060_0 .net *"_ivl_320", 0 0, L_0x7efe54aaa2f8;  1 drivers
v0x55ebcd923ca0_0 .net *"_ivl_321", 12 0, L_0x55ebcda8ea00;  1 drivers
L_0x7efe54aaa340 .functor BUFT 1, C4<000000000>, C4<0>, C4<0>, C4<0>;
v0x55ebcd923d80_0 .net *"_ivl_324", 8 0, L_0x7efe54aaa340;  1 drivers
v0x55ebcd924a50_0 .net *"_ivl_325", 12 0, L_0x55ebcda8eb40;  1 drivers
v0x55ebcd924b30_0 .net *"_ivl_326", 12 0, L_0x55ebcda8f120;  1 drivers
v0x55ebcd9e6e10_0 .net *"_ivl_331", 0 0, L_0x55ebcda8f370;  1 drivers
v0x55ebcd9e8600_0 .net *"_ivl_333", 7 0, L_0x55ebcda8ee20;  1 drivers
L_0x7efe54aaa388 .functor BUFT 1, C4<00000000>, C4<0>, C4<0>, C4<0>;
v0x55ebcd9e86e0_0 .net/2u *"_ivl_334", 7 0, L_0x7efe54aaa388;  1 drivers
v0x55ebcd845530_0 .net *"_ivl_336", 7 0, L_0x55ebcda8eec0;  1 drivers
v0x55ebcd845610_0 .net *"_ivl_339", 0 0, L_0x55ebcda8f050;  1 drivers
v0x55ebcd84bcc0_0 .net *"_ivl_34", 3 0, L_0x55ebcda87fa0;  1 drivers
v0x55ebcd84bda0_0 .net *"_ivl_341", 7 0, L_0x55ebcda8f7c0;  1 drivers
L_0x7efe54aaa3d0 .functor BUFT 1, C4<00000000>, C4<0>, C4<0>, C4<0>;
v0x55ebcd851890_0 .net/2u *"_ivl_342", 7 0, L_0x7efe54aaa3d0;  1 drivers
v0x55ebcd851970_0 .net *"_ivl_344", 7 0, L_0x55ebcda8f410;  1 drivers
v0x55ebcd851bc0_0 .net *"_ivl_347", 0 0, L_0x55ebcda8f5a0;  1 drivers
v0x55ebcd851ca0_0 .net *"_ivl_349", 7 0, L_0x55ebcda8f640;  1 drivers
L_0x7efe54aaa418 .functor BUFT 1, C4<00000000>, C4<0>, C4<0>, C4<0>;
v0x55ebcd8cfac0_0 .net/2u *"_ivl_350", 7 0, L_0x7efe54aaa418;  1 drivers
v0x55ebcd8cfba0_0 .net *"_ivl_352", 7 0, L_0x55ebcda903b0;  1 drivers
v0x55ebcd8d01f0_0 .net *"_ivl_355", 0 0, L_0x55ebcda8f900;  1 drivers
v0x55ebcd8d02d0_0 .net *"_ivl_357", 7 0, L_0x55ebcda8f9a0;  1 drivers
L_0x7efe54aaa460 .functor BUFT 1, C4<00000000>, C4<0>, C4<0>, C4<0>;
v0x55ebcd8d2c90_0 .net/2u *"_ivl_358", 7 0, L_0x7efe54aaa460;  1 drivers
v0x55ebcd8d2d70_0 .net *"_ivl_36", 6 0, L_0x55ebcda88040;  1 drivers
v0x55ebcd8d4eb0_0 .net *"_ivl_360", 7 0, L_0x55ebcda8fad0;  1 drivers
v0x55ebcd8d4f90_0 .net *"_ivl_365", 0 0, L_0x55ebcda90450;  1 drivers
v0x55ebcd8d70d0_0 .net *"_ivl_367", 7 0, L_0x55ebcda904f0;  1 drivers
v0x55ebcd8d71b0_0 .net *"_ivl_369", 7 0, L_0x55ebcda90590;  1 drivers
v0x55ebcd8d92f0_0 .net *"_ivl_370", 7 0, L_0x55ebcda90630;  1 drivers
v0x55ebcd8d93d0_0 .net *"_ivl_373", 0 0, L_0x55ebcda90e10;  1 drivers
v0x55ebcd8d9e40_0 .net *"_ivl_375", 7 0, L_0x55ebcda90fc0;  1 drivers
v0x55ebcd8d9f20_0 .net *"_ivl_377", 7 0, L_0x55ebcda90a30;  1 drivers
v0x55ebcd8dc440_0 .net *"_ivl_378", 7 0, L_0x55ebcda90ad0;  1 drivers
v0x55ebcd8dc520_0 .net *"_ivl_381", 0 0, L_0x55ebcda90c10;  1 drivers
v0x55ebcd8c75e0_0 .net *"_ivl_383", 7 0, L_0x55ebcda90cb0;  1 drivers
v0x55ebcd8c76c0_0 .net *"_ivl_385", 7 0, L_0x55ebcda91420;  1 drivers
v0x55ebcd8f8dc0_0 .net *"_ivl_386", 7 0, L_0x55ebcda914c0;  1 drivers
v0x55ebcd8f8ea0_0 .net *"_ivl_389", 0 0, L_0x55ebcda91100;  1 drivers
L_0x7efe54aa9770 .functor BUFT 1, C4<00>, C4<0>, C4<0>, C4<0>;
v0x55ebcd8fa4b0_0 .net *"_ivl_39", 1 0, L_0x7efe54aa9770;  1 drivers
v0x55ebcd8fa590_0 .net *"_ivl_391", 7 0, L_0x55ebcda911a0;  1 drivers
v0x55ebcd8c9800_0 .net *"_ivl_393", 7 0, L_0x55ebcda91240;  1 drivers
v0x55ebcd8c98e0_0 .net *"_ivl_394", 7 0, L_0x55ebcda91940;  1 drivers
L_0x7efe54aaa4a8 .functor BUFT 1, C4<00>, C4<0>, C4<0>, C4<0>;
v0x55ebcd8cba20_0 .net/2u *"_ivl_400", 1 0, L_0x7efe54aaa4a8;  1 drivers
L_0x7efe54aaa4f0 .functor BUFT 1, C4<00>, C4<0>, C4<0>, C4<0>;
v0x55ebcd8cbb00_0 .net/2u *"_ivl_404", 1 0, L_0x7efe54aaa4f0;  1 drivers
L_0x7efe54aaa538 .functor BUFT 1, C4<01>, C4<0>, C4<0>, C4<0>;
v0x55ebcd8cdc40_0 .net/2u *"_ivl_408", 1 0, L_0x7efe54aaa538;  1 drivers
v0x55ebcd8cdd20_0 .net *"_ivl_41", 0 0, L_0x55ebcda88240;  1 drivers
v0x55ebcd8ce790_0 .net *"_ivl_410", 0 0, L_0x55ebcda919e0;  1 drivers
L_0x7efe54aaa580 .functor BUFT 1, C4<10>, C4<0>, C4<0>, C4<0>;
v0x55ebcd8ce850_0 .net/2u *"_ivl_412", 1 0, L_0x7efe54aaa580;  1 drivers
v0x55ebcd8ceed0_0 .net *"_ivl_414", 0 0, L_0x55ebcda91b20;  1 drivers
L_0x7efe54aaa5c8 .functor BUFT 1, C4<11>, C4<0>, C4<0>, C4<0>;
v0x55ebcd8cef90_0 .net/2u *"_ivl_416", 1 0, L_0x7efe54aaa5c8;  1 drivers
v0x55ebcd939100_0 .net *"_ivl_418", 0 0, L_0x55ebcda91c10;  1 drivers
v0x55ebcd9391a0_0 .net *"_ivl_42", 22 0, L_0x55ebcda882e0;  1 drivers
v0x55ebcd9739c0_0 .net *"_ivl_420", 31 0, L_0x55ebcda91cb0;  1 drivers
v0x55ebcd973aa0_0 .net *"_ivl_422", 31 0, L_0x55ebcda924e0;  1 drivers
L_0x7efe54aaa610 .functor BUFT 1, C4<01>, C4<0>, C4<0>, C4<0>;
v0x55ebcd9972c0_0 .net/2u *"_ivl_426", 1 0, L_0x7efe54aaa610;  1 drivers
v0x55ebcd9973a0_0 .net *"_ivl_428", 0 0, L_0x55ebcda92150;  1 drivers
L_0x7efe54aaa658 .functor BUFT 1, C4<11>, C4<0>, C4<0>, C4<0>;
v0x55ebcd9ea430_0 .net/2u *"_ivl_430", 1 0, L_0x7efe54aaa658;  1 drivers
v0x55ebcd9ea4f0_0 .net *"_ivl_432", 0 0, L_0x55ebcda92240;  1 drivers
v0x55ebcd9ec030_0 .net *"_ivl_435", 0 0, L_0x55ebcda92330;  1 drivers
L_0x7efe54aaa6a0 .functor BUFT 1, C4<00000000000000000000000000000100>, C4<0>, C4<0>, C4<0>;
v0x55ebcd9ec0f0_0 .net/2u *"_ivl_436", 31 0, L_0x7efe54aaa6a0;  1 drivers
v0x55ebcd9edc60_0 .net *"_ivl_438", 0 0, L_0x55ebcda8e8f0;  1 drivers
v0x55ebcd9edd00_0 .net *"_ivl_44", 6 0, L_0x55ebcda88410;  1 drivers
v0x55ebcd9ef830_0 .net *"_ivl_441", 0 0, L_0x55ebcda92c30;  1 drivers
v0x55ebcd9ef8f0_0 .net *"_ivl_445", 0 0, L_0x55ebcda92b60;  1 drivers
v0x55ebcd9d6ac0_0 .net *"_ivl_447", 0 0, L_0x55ebcda92fc0;  1 drivers
L_0x7efe54aaa6e8 .functor BUFT 1, C4<10>, C4<0>, C4<0>, C4<0>;
v0x55ebcd9d6b80_0 .net/2u *"_ivl_448", 1 0, L_0x7efe54aaa6e8;  1 drivers
v0x55ebcd9ccc60_0 .net *"_ivl_450", 0 0, L_0x55ebcda92e50;  1 drivers
v0x55ebcd9ccd00_0 .net *"_ivl_453", 0 0, L_0x55ebcda92710;  1 drivers
v0x55ebcd9ce890_0 .net *"_ivl_457", 0 0, L_0x55ebcda92a30;  1 drivers
L_0x7efe54aaa730 .functor BUFT 1, C4<00000000000000000000000000000000>, C4<0>, C4<0>, C4<0>;
v0x55ebcd9ce950_0 .net/2u *"_ivl_460", 31 0, L_0x7efe54aaa730;  1 drivers
v0x55ebcd9d0490_0 .net *"_ivl_462", 31 0, L_0x55ebcda935d0;  1 drivers
L_0x7efe54aa97b8 .functor BUFT 1, C4<00>, C4<0>, C4<0>, C4<0>;
v0x55ebcd9d0550_0 .net *"_ivl_47", 1 0, L_0x7efe54aa97b8;  1 drivers
v0x55ebcd9d2090_0 .net *"_ivl_48", 0 0, L_0x55ebcda88500;  1 drivers
v0x55ebcd9d2130_0 .net *"_ivl_52", 3 0, L_0x55ebcda88730;  1 drivers
v0x55ebcd9d4480_0 .net *"_ivl_54", 6 0, L_0x55ebcda887d0;  1 drivers
L_0x7efe54aa9800 .functor BUFT 1, C4<00>, C4<0>, C4<0>, C4<0>;
v0x55ebcd9d4560_0 .net *"_ivl_57", 1 0, L_0x7efe54aa9800;  1 drivers
v0x55ebcd9d5380_0 .net *"_ivl_59", 0 0, L_0x55ebcda88970;  1 drivers
L_0x7efe54aa9698 .functor BUFT 1, C4<0000>, C4<0>, C4<0>, C4<0>;
v0x55ebcd9d5460_0 .net/2u *"_ivl_6", 3 0, L_0x7efe54aa9698;  1 drivers
v0x55ebcd9d5b20_0 .net *"_ivl_60", 22 0, L_0x55ebcda88a10;  1 drivers
v0x55ebcd9d5c00_0 .net *"_ivl_62", 6 0, L_0x55ebcda888c0;  1 drivers
L_0x7efe54aa9848 .functor BUFT 1, C4<00>, C4<0>, C4<0>, C4<0>;
v0x55ebcd9d5f10_0 .net *"_ivl_65", 1 0, L_0x7efe54aa9848;  1 drivers
v0x55ebcd9d5ff0_0 .net *"_ivl_66", 0 0, L_0x55ebcda88c10;  1 drivers
v0x55ebcd871970_0 .net *"_ivl_70", 3 0, L_0x55ebcda88e60;  1 drivers
v0x55ebcd871a30_0 .net *"_ivl_72", 6 0, L_0x55ebcda88f00;  1 drivers
L_0x7efe54aa9890 .functor BUFT 1, C4<00>, C4<0>, C4<0>, C4<0>;
v0x55ebcd8720a0_0 .net *"_ivl_75", 1 0, L_0x7efe54aa9890;  1 drivers
v0x55ebcd872160_0 .net *"_ivl_77", 0 0, L_0x55ebcda891e0;  1 drivers
v0x55ebcd874b40_0 .net *"_ivl_78", 22 0, L_0x55ebcda89280;  1 drivers
v0x55ebcd874c00_0 .net *"_ivl_80", 6 0, L_0x55ebcda89100;  1 drivers
L_0x7efe54aa98d8 .functor BUFT 1, C4<00>, C4<0>, C4<0>, C4<0>;
v0x55ebcd876d60_0 .net *"_ivl_83", 1 0, L_0x7efe54aa98d8;  1 drivers
v0x55ebcd876e20_0 .net *"_ivl_84", 0 0, L_0x55ebcda894b0;  1 drivers
v0x55ebcd878f80_0 .net *"_ivl_89", 0 0, L_0x55ebcda896f0;  1 drivers
v0x55ebcd879040_0 .net *"_ivl_91", 0 0, L_0x55ebcda89800;  1 drivers
v0x55ebcd87b1a0_0 .net *"_ivl_95", 0 0, L_0x55ebcda89a20;  1 drivers
L_0x7efe54aa9920 .functor BUFT 1, C4<11>, C4<0>, C4<0>, C4<0>;
v0x55ebcd87b260_0 .net/2u *"_ivl_98", 1 0, L_0x7efe54aa9920;  1 drivers
v0x55ebcd87bcf0_0 .var "cache_read_data", 31 0;
v0x55ebcd87bdb0 .array "datas0", 127 0, 31 0;
v0x55ebcd87e2f0 .array "datas1", 127 0, 31 0;
v0x55ebcd87e3b0 .array "datas2", 127 0, 31 0;
v0x55ebcd869490 .array "datas3", 127 0, 31 0;
v0x55ebcd869550_0 .var "fill_word", 31 0;
v0x55ebcd89ac70_0 .net "hit", 0 0, L_0x55ebcda8c0e0;  1 drivers
v0x55ebcd89ad10_0 .net "hit_way", 1 0, L_0x55ebcda8c6d0;  1 drivers
v0x55ebcd89c360_0 .net "hit_write_word", 31 0, L_0x55ebcda91650;  1 drivers
v0x55ebcd89c440_0 .net "i_clk", 0 0, v0x55ebcda65f10_0;  alias, 1 drivers
v0x55ebcd86b6b0_0 .net "i_mem_rdata", 31 0, L_0x55ebcda7ab20;  alias, 1 drivers
v0x55ebcd86b770_0 .net "i_mem_ready", 0 0, L_0x55ebcda7aed0;  alias, 1 drivers
v0x55ebcd86d8d0_0 .net "i_mem_valid", 0 0, L_0x55ebcda7ad00;  alias, 1 drivers
v0x55ebcd86d970_0 .net "i_req_addr", 31 0, L_0x55ebcdaac670;  alias, 1 drivers
v0x55ebcd86faf0_0 .net "i_req_mask", 3 0, L_0x55ebcdaad3e0;  alias, 1 drivers
v0x55ebcd86fbd0_0 .net "i_req_ren", 0 0, L_0x55ebcda93bc0;  alias, 1 drivers
v0x55ebcd870640_0 .net "i_req_wdata", 31 0, L_0x55ebcdaaf230;  alias, 1 drivers
v0x55ebcd870700_0 .net "i_req_wen", 0 0, L_0x55ebcda93d10;  alias, 1 drivers
v0x55ebcd870da0_0 .net "i_rst", 0 0, v0x55ebcda67940_0;  alias, 1 drivers
v0x55ebcd870e70_0 .net "masked_read_data", 31 0, L_0x55ebcda90850;  1 drivers
v0x55ebcd9207b0_0 .net "mem_req_addr", 31 0, L_0x55ebcda91830;  1 drivers
v0x55ebcd920890_0 .var "mem_req_offset", 3 0;
v0x55ebcd920b90_0 .net "miss", 0 0, L_0x55ebcda8c640;  1 drivers
v0x55ebcd920c30_0 .var "miss_set", 4 0;
v0x55ebcd9226a0_0 .var "miss_tag", 22 0;
v0x55ebcd922780_0 .var "miss_way", 1 0;
v0x55ebcd924f00_0 .var "miss_write", 0 0;
v0x55ebcd924fc0_0 .var "miss_write_data", 31 0;
v0x55ebcd9f1400_0 .var "miss_write_mask", 3 0;
v0x55ebcd9f14c0_0 .var "miss_write_word_data", 31 0;
v0x55ebcd84c8c0_0 .var "miss_write_word_off", 1 0;
v0x55ebcd84c9a0_0 .net "o_busy", 0 0, L_0x55ebcda91f20;  alias, 1 drivers
v0x55ebcd85e300_0 .net "o_mem_addr", 31 0, L_0x55ebcda92670;  alias, 1 drivers
v0x55ebcd85e3e0_0 .net "o_mem_ren", 0 0, L_0x55ebcda92d40;  alias, 1 drivers
v0x55ebcd8dfa40_0 .net "o_mem_wdata", 31 0, L_0x55ebcda93030;  alias, 1 drivers
v0x55ebcd8dfb20_0 .net "o_mem_wen", 0 0, L_0x55ebcda927d0;  alias, 1 drivers
v0x55ebcd8e3010_0 .net "o_res_rdata", 31 0, L_0x55ebcda93170;  alias, 1 drivers
v0x55ebcd8e30f0 .array "plru", 0 31, 2 0;
v0x55ebcd8e65e0_0 .net "prefetch_addr", 31 0, L_0x55ebcda87490;  1 drivers
v0x55ebcd8e66c0_0 .net "prefetch_hit", 0 0, L_0x55ebcda89910;  1 drivers
v0x55ebcd8e9bb0_0 .net "prefetch_line_addr", 27 0, L_0x55ebcda86d00;  1 drivers
v0x55ebcd8e9c90_0 .net "prefetch_set", 4 0, L_0x55ebcda876c0;  1 drivers
v0x55ebcd8c3fd0_0 .net "prefetch_tag", 22 0, L_0x55ebcda875d0;  1 drivers
v0x55ebcd8c40b0_0 .net "prefetch_way0_match", 0 0, L_0x55ebcda86da0;  1 drivers
v0x55ebcd8c46e0_0 .net "prefetch_way1_match", 0 0, L_0x55ebcda88380;  1 drivers
v0x55ebcd8c47a0_0 .net "prefetch_way2_match", 0 0, L_0x55ebcda88ab0;  1 drivers
v0x55ebcd96a060_0 .net "prefetch_way3_match", 0 0, L_0x55ebcda89320;  1 drivers
v0x55ebcd96a120_0 .net "req_line_addr", 27 0, L_0x55ebcda86c60;  1 drivers
v0x55ebcd9a5b70_0 .net "req_set", 4 0, L_0x55ebcda89db0;  1 drivers
v0x55ebcd9a5c50_0 .net "req_tag", 22 0, L_0x55ebcda8a170;  1 drivers
v0x55ebcd881910_0 .net "req_word_off", 1 0, L_0x55ebcda87760;  1 drivers
v0x55ebcd8819f0_0 .net "request_is_prefetch_point", 0 0, L_0x55ebcda895a0;  1 drivers
v0x55ebcd884ee0_0 .net "request_is_read", 0 0, L_0x55ebcda89b10;  1 drivers
v0x55ebcd884fa0_0 .var "serviced_a_miss", 0 0;
v0x55ebcd8884b0_0 .var "serviced_data", 31 0;
v0x55ebcd888590_0 .net "should_start_prefetch", 0 0, L_0x55ebcda8a000;  1 drivers
v0x55ebcd88ba80_0 .var "state", 1 0;
v0x55ebcd88bb60 .array "tags0", 0 31, 22 0;
v0x55ebcd865e30 .array "tags1", 0 31, 22 0;
v0x55ebcd865ef0 .array "tags2", 0 31, 22 0;
v0x55ebcd8665b0 .array "tags3", 0 31, 22 0;
v0x55ebcd866650 .array "valid", 0 31, 3 0;
v0x55ebcd845fa0_0 .net "way0_data", 31 0, L_0x55ebcda8d090;  1 drivers
v0x55ebcd846080_0 .net "way0_match", 0 0, L_0x55ebcda8a970;  1 drivers
v0x55ebcd846750_0 .net "way1_data", 31 0, L_0x55ebcda8dd60;  1 drivers
v0x55ebcd846830_0 .net "way1_match", 0 0, L_0x55ebcda8b060;  1 drivers
v0x55ebcd846e70_0 .net "way2_data", 31 0, L_0x55ebcda8e740;  1 drivers
v0x55ebcd846f50_0 .net "way2_match", 0 0, L_0x55ebcda8b7e0;  1 drivers
v0x55ebcd847620_0 .net "way3_data", 31 0, L_0x55ebcda8f1c0;  1 drivers
v0x55ebcd847700_0 .net "way3_match", 0 0, L_0x55ebcda8bfd0;  1 drivers
v0x55ebcd847dd0_0 .var "words_filled", 31 0;
v0x55ebcd847eb0_0 .var "words_requested", 31 0;
v0x55ebcd848580_0 .net "writeback_addr", 31 0, L_0x55ebcda91de0;  1 drivers
E_0x55ebcd738c00/0 .event anyedge, v0x55ebcd89ad10_0, v0x55ebcd845fa0_0, v0x55ebcd846750_0, v0x55ebcd846e70_0;
E_0x55ebcd738c00/1 .event anyedge, v0x55ebcd847620_0;
E_0x55ebcd738c00 .event/or E_0x55ebcd738c00/0, E_0x55ebcd738c00/1;
L_0x55ebcda86c60 .part L_0x55ebcdaac670, 4, 28;
L_0x55ebcda86d00 .arith/sum 28, L_0x55ebcda86c60, L_0x7efe54aa9650;
L_0x55ebcda87490 .concat [ 4 28 0 0], L_0x7efe54aa9698, L_0x55ebcda86d00;
L_0x55ebcda875d0 .part L_0x55ebcda87490, 9, 23;
L_0x55ebcda876c0 .part L_0x55ebcda87490, 4, 5;
L_0x55ebcda87760 .part L_0x55ebcdaac670, 2, 2;
L_0x55ebcda87890 .array/port v0x55ebcd866650, L_0x55ebcda87930;
L_0x55ebcda87930 .concat [ 5 2 0 0], L_0x55ebcda876c0, L_0x7efe54aa96e0;
L_0x55ebcda87ac0 .part L_0x55ebcda87890, 0, 1;
L_0x55ebcda87bb0 .array/port v0x55ebcd88bb60, L_0x55ebcda87cb0;
L_0x55ebcda87cb0 .concat [ 5 2 0 0], L_0x55ebcda876c0, L_0x7efe54aa9728;
L_0x55ebcda87da0 .cmp/eq 23, L_0x55ebcda87bb0, L_0x55ebcda875d0;
L_0x55ebcda87fa0 .array/port v0x55ebcd866650, L_0x55ebcda88040;
L_0x55ebcda88040 .concat [ 5 2 0 0], L_0x55ebcda876c0, L_0x7efe54aa9770;
L_0x55ebcda88240 .part L_0x55ebcda87fa0, 1, 1;
L_0x55ebcda882e0 .array/port v0x55ebcd865e30, L_0x55ebcda88410;
L_0x55ebcda88410 .concat [ 5 2 0 0], L_0x55ebcda876c0, L_0x7efe54aa97b8;
L_0x55ebcda88500 .cmp/eq 23, L_0x55ebcda882e0, L_0x55ebcda875d0;
L_0x55ebcda88730 .array/port v0x55ebcd866650, L_0x55ebcda887d0;
L_0x55ebcda887d0 .concat [ 5 2 0 0], L_0x55ebcda876c0, L_0x7efe54aa9800;
L_0x55ebcda88970 .part L_0x55ebcda88730, 2, 1;
L_0x55ebcda88a10 .array/port v0x55ebcd865ef0, L_0x55ebcda888c0;
L_0x55ebcda888c0 .concat [ 5 2 0 0], L_0x55ebcda876c0, L_0x7efe54aa9848;
L_0x55ebcda88c10 .cmp/eq 23, L_0x55ebcda88a10, L_0x55ebcda875d0;
L_0x55ebcda88e60 .array/port v0x55ebcd866650, L_0x55ebcda88f00;
L_0x55ebcda88f00 .concat [ 5 2 0 0], L_0x55ebcda876c0, L_0x7efe54aa9890;
L_0x55ebcda891e0 .part L_0x55ebcda88e60, 3, 1;
L_0x55ebcda89280 .array/port v0x55ebcd8665b0, L_0x55ebcda89100;
L_0x55ebcda89100 .concat [ 5 2 0 0], L_0x55ebcda876c0, L_0x7efe54aa98d8;
L_0x55ebcda894b0 .cmp/eq 23, L_0x55ebcda89280, L_0x55ebcda875d0;
L_0x55ebcda89a20 .reduce/nor L_0x55ebcda93d10;
L_0x55ebcda89c70 .cmp/eq 2, L_0x55ebcda87760, L_0x7efe54aa9920;
L_0x55ebcda89f10 .reduce/nor L_0x55ebcda89910;
L_0x55ebcda8a170 .part L_0x55ebcdaac670, 9, 23;
L_0x55ebcda89db0 .part L_0x55ebcdaac670, 4, 5;
L_0x55ebcda8a330 .array/port v0x55ebcd866650, L_0x55ebcda8a210;
L_0x55ebcda8a210 .concat [ 5 2 0 0], L_0x55ebcda89db0, L_0x7efe54aa9968;
L_0x55ebcda8a500 .part L_0x55ebcda8a330, 0, 1;
L_0x55ebcda8a3d0 .array/port v0x55ebcd88bb60, L_0x55ebcda8a730;
L_0x55ebcda8a730 .concat [ 5 2 0 0], L_0x55ebcda89db0, L_0x7efe54aa99b0;
L_0x55ebcda8a640 .cmp/eq 23, L_0x55ebcda8a3d0, L_0x55ebcda8a170;
L_0x55ebcda8aa80 .array/port v0x55ebcd866650, L_0x55ebcda8a7d0;
L_0x55ebcda8a7d0 .concat [ 5 2 0 0], L_0x55ebcda89db0, L_0x7efe54aa99f8;
L_0x55ebcda8ac80 .part L_0x55ebcda8aa80, 1, 1;
L_0x55ebcda8ab20 .array/port v0x55ebcd865e30, L_0x55ebcda8abc0;
L_0x55ebcda8abc0 .concat [ 5 2 0 0], L_0x55ebcda89db0, L_0x7efe54aa9a40;
L_0x55ebcda8ad70 .cmp/eq 23, L_0x55ebcda8ab20, L_0x55ebcda8a170;
L_0x55ebcda8b1e0 .array/port v0x55ebcd866650, L_0x55ebcda8aee0;
L_0x55ebcda8aee0 .concat [ 5 2 0 0], L_0x55ebcda89db0, L_0x7efe54aa9a88;
L_0x55ebcda8b410 .part L_0x55ebcda8b1e0, 2, 1;
L_0x55ebcda8b280 .array/port v0x55ebcd865ef0, L_0x55ebcda8b320;
L_0x55ebcda8b320 .concat [ 5 2 0 0], L_0x55ebcda89db0, L_0x7efe54aa9ad0;
L_0x55ebcda8b660 .cmp/eq 23, L_0x55ebcda8b280, L_0x55ebcda8a170;
L_0x55ebcda8b8a0 .array/port v0x55ebcd866650, L_0x55ebcda8b4b0;
L_0x55ebcda8b4b0 .concat [ 5 2 0 0], L_0x55ebcda89db0, L_0x7efe54aa9b18;
L_0x55ebcda8bc10 .part L_0x55ebcda8b8a0, 3, 1;
L_0x55ebcda8b940 .array/port v0x55ebcd8665b0, L_0x55ebcda8b9e0;
L_0x55ebcda8b9e0 .concat [ 5 2 0 0], L_0x55ebcda89db0, L_0x7efe54aa9b60;
L_0x55ebcda8bee0 .cmp/eq 23, L_0x55ebcda8b940, L_0x55ebcda8a170;
L_0x55ebcda8c440 .functor MUXZ 2, L_0x7efe54aa9c80, L_0x7efe54aa9c38, L_0x55ebcda8b060, C4<>;
L_0x55ebcda8bd00 .functor MUXZ 2, L_0x55ebcda8c440, L_0x7efe54aa9bf0, L_0x55ebcda8b7e0, C4<>;
L_0x55ebcda8c6d0 .functor MUXZ 2, L_0x55ebcda8bd00, L_0x7efe54aa9ba8, L_0x55ebcda8bfd0, C4<>;
L_0x55ebcda8c970 .reduce/nor L_0x55ebcda8c0e0;
L_0x55ebcda8cab0 .array/port v0x55ebcd87bdb0, L_0x55ebcda8cff0;
L_0x55ebcda8c770 .concat [ 5 5 0 0], L_0x55ebcda89db0, L_0x7efe54aa9cc8;
L_0x55ebcda8c860 .concat [ 10 2 0 0], L_0x55ebcda8c770, L_0x7efe54aa9d10;
L_0x55ebcda8cdc0 .arith/mult 12, L_0x55ebcda8c860, L_0x7efe54aa9d58;
L_0x55ebcda8cf00 .concat [ 2 2 0 0], L_0x55ebcda87760, L_0x7efe54aa9da0;
L_0x55ebcda8cba0 .concat [ 12 1 0 0], L_0x55ebcda8cdc0, L_0x7efe54aa9de8;
L_0x55ebcda8d1d0 .concat [ 4 9 0 0], L_0x55ebcda8cf00, L_0x7efe54aa9e30;
L_0x55ebcda8cff0 .arith/sum 13, L_0x55ebcda8cba0, L_0x55ebcda8d1d0;
L_0x55ebcda8c5a0 .array/port v0x55ebcd87e2f0, L_0x55ebcda8dcc0;
L_0x55ebcda8d270 .concat [ 5 5 0 0], L_0x55ebcda89db0, L_0x7efe54aa9e78;
L_0x55ebcda8d360 .concat [ 10 2 0 0], L_0x55ebcda8d270, L_0x7efe54aa9ec0;
L_0x55ebcda8d860 .arith/mult 12, L_0x55ebcda8d360, L_0x7efe54aa9f08;
L_0x55ebcda8d9a0 .concat [ 2 2 0 0], L_0x55ebcda87760, L_0x7efe54aa9f50;
L_0x55ebcda8d600 .concat [ 12 1 0 0], L_0x55ebcda8d860, L_0x7efe54aa9f98;
L_0x55ebcda8d740 .concat [ 4 9 0 0], L_0x55ebcda8d9a0, L_0x7efe54aa9fe0;
L_0x55ebcda8dcc0 .arith/sum 13, L_0x55ebcda8d600, L_0x55ebcda8d740;
L_0x55ebcda8df10 .array/port v0x55ebcd87e3b0, L_0x55ebcda8e6a0;
L_0x55ebcda8da40 .concat [ 5 5 0 0], L_0x55ebcda89db0, L_0x7efe54aaa028;
L_0x55ebcda8db30 .concat [ 10 2 0 0], L_0x55ebcda8da40, L_0x7efe54aaa070;
L_0x55ebcda8e250 .arith/mult 12, L_0x55ebcda8db30, L_0x7efe54aaa0b8;
L_0x55ebcda8e2f0 .concat [ 2 2 0 0], L_0x55ebcda87760, L_0x7efe54aaa100;
L_0x55ebcda8e000 .concat [ 12 1 0 0], L_0x55ebcda8e250, L_0x7efe54aaa148;
L_0x55ebcda8e140 .concat [ 4 9 0 0], L_0x55ebcda8e2f0, L_0x7efe54aaa190;
L_0x55ebcda8e6a0 .arith/sum 13, L_0x55ebcda8e000, L_0x55ebcda8e140;
L_0x55ebcda8d550 .array/port v0x55ebcd869490, L_0x55ebcda8f120;
L_0x55ebcda8e390 .concat [ 5 5 0 0], L_0x55ebcda89db0, L_0x7efe54aaa1d8;
L_0x55ebcda8e480 .concat [ 10 2 0 0], L_0x55ebcda8e390, L_0x7efe54aaa220;
L_0x55ebcda8ec90 .arith/mult 12, L_0x55ebcda8e480, L_0x7efe54aaa268;
L_0x55ebcda8ed80 .concat [ 2 2 0 0], L_0x55ebcda87760, L_0x7efe54aaa2b0;
L_0x55ebcda8ea00 .concat [ 12 1 0 0], L_0x55ebcda8ec90, L_0x7efe54aaa2f8;
L_0x55ebcda8eb40 .concat [ 4 9 0 0], L_0x55ebcda8ed80, L_0x7efe54aaa340;
L_0x55ebcda8f120 .arith/sum 13, L_0x55ebcda8ea00, L_0x55ebcda8eb40;
L_0x55ebcda8f370 .part L_0x55ebcdaad3e0, 3, 1;
L_0x55ebcda8ee20 .part v0x55ebcd87bcf0_0, 24, 8;
L_0x55ebcda8eec0 .functor MUXZ 8, L_0x7efe54aaa388, L_0x55ebcda8ee20, L_0x55ebcda8f370, C4<>;
L_0x55ebcda8f050 .part L_0x55ebcdaad3e0, 2, 1;
L_0x55ebcda8f7c0 .part v0x55ebcd87bcf0_0, 16, 8;
L_0x55ebcda8f410 .functor MUXZ 8, L_0x7efe54aaa3d0, L_0x55ebcda8f7c0, L_0x55ebcda8f050, C4<>;
L_0x55ebcda8f5a0 .part L_0x55ebcdaad3e0, 1, 1;
L_0x55ebcda8f640 .part v0x55ebcd87bcf0_0, 8, 8;
L_0x55ebcda903b0 .functor MUXZ 8, L_0x7efe54aaa418, L_0x55ebcda8f640, L_0x55ebcda8f5a0, C4<>;
L_0x55ebcda8f900 .part L_0x55ebcdaad3e0, 0, 1;
L_0x55ebcda8f9a0 .part v0x55ebcd87bcf0_0, 0, 8;
L_0x55ebcda8fad0 .functor MUXZ 8, L_0x7efe54aaa460, L_0x55ebcda8f9a0, L_0x55ebcda8f900, C4<>;
L_0x55ebcda90850 .concat [ 8 8 8 8], L_0x55ebcda8fad0, L_0x55ebcda903b0, L_0x55ebcda8f410, L_0x55ebcda8eec0;
L_0x55ebcda90450 .part L_0x55ebcdaad3e0, 3, 1;
L_0x55ebcda904f0 .part L_0x55ebcdaaf230, 24, 8;
L_0x55ebcda90590 .part v0x55ebcd87bcf0_0, 24, 8;
L_0x55ebcda90630 .functor MUXZ 8, L_0x55ebcda90590, L_0x55ebcda904f0, L_0x55ebcda90450, C4<>;
L_0x55ebcda90e10 .part L_0x55ebcdaad3e0, 2, 1;
L_0x55ebcda90fc0 .part L_0x55ebcdaaf230, 16, 8;
L_0x55ebcda90a30 .part v0x55ebcd87bcf0_0, 16, 8;
L_0x55ebcda90ad0 .functor MUXZ 8, L_0x55ebcda90a30, L_0x55ebcda90fc0, L_0x55ebcda90e10, C4<>;
L_0x55ebcda90c10 .part L_0x55ebcdaad3e0, 1, 1;
L_0x55ebcda90cb0 .part L_0x55ebcdaaf230, 8, 8;
L_0x55ebcda91420 .part v0x55ebcd87bcf0_0, 8, 8;
L_0x55ebcda914c0 .functor MUXZ 8, L_0x55ebcda91420, L_0x55ebcda90cb0, L_0x55ebcda90c10, C4<>;
L_0x55ebcda91100 .part L_0x55ebcdaad3e0, 0, 1;
L_0x55ebcda911a0 .part L_0x55ebcdaaf230, 0, 8;
L_0x55ebcda91240 .part v0x55ebcd87bcf0_0, 0, 8;
L_0x55ebcda91940 .functor MUXZ 8, L_0x55ebcda91240, L_0x55ebcda911a0, L_0x55ebcda91100, C4<>;
L_0x55ebcda91650 .concat [ 8 8 8 8], L_0x55ebcda91940, L_0x55ebcda914c0, L_0x55ebcda90ad0, L_0x55ebcda90630;
L_0x55ebcda91830 .concat [ 4 5 23 0], v0x55ebcd920890_0, v0x55ebcd920c30_0, v0x55ebcd9226a0_0;
L_0x55ebcda91de0 .concat [ 2 2 5 23], L_0x7efe54aaa4a8, v0x55ebcd84c8c0_0, v0x55ebcd920c30_0, v0x55ebcd9226a0_0;
L_0x55ebcda91f20 .cmp/ne 2, v0x55ebcd88ba80_0, L_0x7efe54aaa4f0;
L_0x55ebcda919e0 .cmp/eq 2, v0x55ebcd88ba80_0, L_0x7efe54aaa538;
L_0x55ebcda91b20 .cmp/eq 2, v0x55ebcd88ba80_0, L_0x7efe54aaa580;
L_0x55ebcda91c10 .cmp/eq 2, v0x55ebcd88ba80_0, L_0x7efe54aaa5c8;
L_0x55ebcda91cb0 .functor MUXZ 32, L_0x55ebcdaac670, L_0x55ebcda91830, L_0x55ebcda91c10, C4<>;
L_0x55ebcda924e0 .functor MUXZ 32, L_0x55ebcda91cb0, L_0x55ebcda91de0, L_0x55ebcda91b20, C4<>;
L_0x55ebcda92670 .functor MUXZ 32, L_0x55ebcda924e0, L_0x55ebcda91830, L_0x55ebcda919e0, C4<>;
L_0x55ebcda92150 .cmp/eq 2, v0x55ebcd88ba80_0, L_0x7efe54aaa610;
L_0x55ebcda92240 .cmp/eq 2, v0x55ebcd88ba80_0, L_0x7efe54aaa658;
L_0x55ebcda8e8f0 .cmp/gt 32, L_0x7efe54aaa6a0, v0x55ebcd847eb0_0;
L_0x55ebcda92e50 .cmp/eq 2, v0x55ebcd88ba80_0, L_0x7efe54aaa6e8;
L_0x55ebcda93030 .functor MUXZ 32, v0x55ebcd9f14c0_0, L_0x55ebcda91650, L_0x55ebcda92a30, C4<>;
L_0x55ebcda935d0 .functor MUXZ 32, L_0x7efe54aaa730, v0x55ebcd8884b0_0, v0x55ebcd884fa0_0, C4<>;
L_0x55ebcda93170 .functor MUXZ 32, L_0x55ebcda935d0, L_0x55ebcda90850, L_0x55ebcda8c0e0, C4<>;
S_0x55ebcd939f80 .scope function.vec4.s2, "choose_victim_way" "choose_victim_way" 5 51, 5 51 0, S_0x55ebcd958c20;
 .timescale 0 0;
; Variable choose_victim_way is vec4 return value of scope S_0x55ebcd939f80
v0x55ebcd93b750_0 .var "plru_bits", 2 0;
v0x55ebcd93eca0_0 .var "valid_bits", 3 0;
TD_hart_tb.dut.dcache.choose_victim_way ;
    %load/vec4 v0x55ebcd93eca0_0;
    %parti/s 1, 0, 2;
    %nor/r;
    %flag_set/vec4 8;
    %jmp/0 T_0.0, 8;
    %pushi/vec4 0, 0, 2;
    %jmp/1 T_0.1, 8;
T_0.0 ; End of true expr.
    %load/vec4 v0x55ebcd93eca0_0;
    %parti/s 1, 1, 2;
    %nor/r;
    %flag_set/vec4 9;
    %jmp/0 T_0.2, 9;
    %pushi/vec4 1, 0, 2;
    %jmp/1 T_0.3, 9;
T_0.2 ; End of true expr.
    %load/vec4 v0x55ebcd93eca0_0;
    %parti/s 1, 2, 3;
    %nor/r;
    %flag_set/vec4 10;
    %jmp/0 T_0.4, 10;
    %pushi/vec4 2, 0, 2;
    %jmp/1 T_0.5, 10;
T_0.4 ; End of true expr.
    %load/vec4 v0x55ebcd93eca0_0;
    %parti/s 1, 3, 3;
    %nor/r;
    %flag_set/vec4 11;
    %jmp/0 T_0.6, 11;
    %pushi/vec4 3, 0, 2;
    %jmp/1 T_0.7, 11;
T_0.6 ; End of true expr.
    %load/vec4 v0x55ebcd93b750_0;
    %parti/s 1, 2, 3;
    %nor/r;
    %flag_set/vec4 12;
    %jmp/0 T_0.8, 12;
    %load/vec4 v0x55ebcd93b750_0;
    %parti/s 1, 1, 2;
    %flag_set/vec4 13;
    %jmp/0 T_0.10, 13;
    %pushi/vec4 1, 0, 2;
    %jmp/1 T_0.11, 13;
T_0.10 ; End of true expr.
    %pushi/vec4 0, 0, 2;
    %jmp/0 T_0.11, 13;
 ; End of false expr.
    %blend;
T_0.11;
    %jmp/1 T_0.9, 12;
T_0.8 ; End of true expr.
    %load/vec4 v0x55ebcd93b750_0;
    %parti/s 1, 0, 2;
    %flag_set/vec4 13;
    %jmp/0 T_0.12, 13;
    %pushi/vec4 3, 0, 2;
    %jmp/1 T_0.13, 13;
T_0.12 ; End of true expr.
    %pushi/vec4 2, 0, 2;
    %jmp/0 T_0.13, 13;
 ; End of false expr.
    %blend;
T_0.13;
    %jmp/0 T_0.9, 12;
 ; End of false expr.
    %blend;
T_0.9;
    %jmp/0 T_0.7, 11;
 ; End of false expr.
    %blend;
T_0.7;
    %jmp/0 T_0.5, 10;
 ; End of false expr.
    %blend;
T_0.5;
    %jmp/0 T_0.3, 9;
 ; End of false expr.
    %blend;
T_0.3;
    %jmp/0 T_0.1, 8;
 ; End of false expr.
    %blend;
T_0.1;
    %ret/vec4 0, 0, 2;  Assign to choose_victim_way (store_vec4_to_lval)
    %end;
S_0x55ebcd96bf40 .scope function.vec4.s3, "update_plru" "update_plru" 5 64, 5 64 0, S_0x55ebcd958c20;
 .timescale 0 0;
v0x55ebcd93ed90_0 .var "accessed_way", 1 0;
v0x55ebcd96cc20_0 .var "plru_bits", 2 0;
; Variable update_plru is vec4 return value of scope S_0x55ebcd96bf40
TD_hart_tb.dut.dcache.update_plru ;
    %load/vec4 v0x55ebcd93ed90_0;
    %dup/vec4;
    %pushi/vec4 0, 0, 2;
    %cmp/u;
    %jmp/1 T_1.14, 6;
    %dup/vec4;
    %pushi/vec4 1, 0, 2;
    %cmp/u;
    %jmp/1 T_1.15, 6;
    %dup/vec4;
    %pushi/vec4 2, 0, 2;
    %cmp/u;
    %jmp/1 T_1.16, 6;
    %pushi/vec4 0, 0, 1;
    %load/vec4 v0x55ebcd96cc20_0;
    %parti/s 1, 1, 2;
    %concat/vec4; draw_concat_vec4
    %concati/vec4 0, 0, 1;
    %ret/vec4 0, 0, 3;  Assign to update_plru (store_vec4_to_lval)
    %jmp T_1.18;
T_1.14 ;
    %pushi/vec4 1, 0, 1;
    %concati/vec4 1, 0, 1;
    %load/vec4 v0x55ebcd96cc20_0;
    %parti/s 1, 0, 2;
    %concat/vec4; draw_concat_vec4
    %ret/vec4 0, 0, 3;  Assign to update_plru (store_vec4_to_lval)
    %jmp T_1.18;
T_1.15 ;
    %pushi/vec4 1, 0, 1;
    %concati/vec4 0, 0, 1;
    %load/vec4 v0x55ebcd96cc20_0;
    %parti/s 1, 0, 2;
    %concat/vec4; draw_concat_vec4
    %ret/vec4 0, 0, 3;  Assign to update_plru (store_vec4_to_lval)
    %jmp T_1.18;
T_1.16 ;
    %pushi/vec4 0, 0, 1;
    %load/vec4 v0x55ebcd96cc20_0;
    %parti/s 1, 1, 2;
    %concat/vec4; draw_concat_vec4
    %concati/vec4 1, 0, 1;
    %ret/vec4 0, 0, 3;  Assign to update_plru (store_vec4_to_lval)
    %jmp T_1.18;
T_1.18 ;
    %pop/vec4 1;
    %end;
S_0x55ebcd6bc450 .scope module, "i_DEForwardingUnit" "DEForwardingUnit" 4 797, 6 1 0, S_0x55ebcd956580;
 .timescale 0 0;
    .port_info 0 /INPUT 5 "rs1_addr";
    .port_info 1 /INPUT 5 "rs2_addr";
    .port_info 2 /INPUT 5 "ex_rd_addr";
    .port_info 3 /INPUT 1 "ex_reg_write";
    .port_info 4 /INPUT 5 "mem_rd_addr";
    .port_info 5 /INPUT 1 "mem_reg_write";
    .port_info 6 /INPUT 5 "wb_rd_addr";
    .port_info 7 /INPUT 1 "wb_reg_write";
    .port_info 8 /OUTPUT 2 "forward_rs1_cnrl";
    .port_info 9 /OUTPUT 2 "forward_rs2_cnrl";
L_0x55ebcdab6460 .functor AND 1, v0x55ebcda5a180_0, L_0x55ebcdab6320, C4<1>, C4<1>;
L_0x55ebcdab65c0 .functor AND 1, L_0x55ebcdab6460, L_0x55ebcdab6520, C4<1>, C4<1>;
L_0x55ebcdab6a10 .functor AND 1, v0x55ebcda5b380_0, L_0x55ebcdab68d0, C4<1>, C4<1>;
L_0x55ebcdab6bc0 .functor AND 1, L_0x55ebcdab6a10, L_0x55ebcdab6ad0, C4<1>, C4<1>;
L_0x7efe54aae828 .functor BUFT 1, C4<0>, C4<0>, C4<0>, C4<0>;
L_0x55ebcdab6dc0 .functor AND 1, L_0x7efe54aae828, L_0x55ebcdab6cd0, C4<1>, C4<1>;
L_0x55ebcdab6f70 .functor AND 1, L_0x55ebcdab6dc0, L_0x55ebcdab6e80, C4<1>, C4<1>;
L_0x55ebcdab77e0 .functor AND 1, v0x55ebcda5a180_0, L_0x55ebcdab76a0, C4<1>, C4<1>;
L_0x55ebcdab7630 .functor AND 1, L_0x55ebcdab77e0, L_0x55ebcdab7850, C4<1>, C4<1>;
L_0x55ebcdab78f0 .functor AND 1, v0x55ebcda5b380_0, L_0x55ebcdab7b50, C4<1>, C4<1>;
L_0x55ebcdab7e60 .functor AND 1, L_0x55ebcdab78f0, L_0x55ebcdab7d70, C4<1>, C4<1>;
L_0x55ebcdab7c90 .functor AND 1, L_0x7efe54aae828, L_0x55ebcdab7fd0, C4<1>, C4<1>;
L_0x55ebcdab82a0 .functor AND 1, L_0x55ebcdab7c90, L_0x55ebcdab81b0, C4<1>, C4<1>;
v0x55ebcd6bc730_0 .net *"_ivl_0", 31 0, L_0x55ebcdab6120;  1 drivers
v0x55ebcd6bc810_0 .net *"_ivl_10", 0 0, L_0x55ebcdab6520;  1 drivers
v0x55ebcd6c0640_0 .net *"_ivl_101", 0 0, L_0x55ebcdab82a0;  1 drivers
L_0x7efe54aae750 .functor BUFT 1, C4<11>, C4<0>, C4<0>, C4<0>;
v0x55ebcd6c0710_0 .net/2u *"_ivl_102", 1 0, L_0x7efe54aae750;  1 drivers
L_0x7efe54aae798 .functor BUFT 1, C4<00>, C4<0>, C4<0>, C4<0>;
v0x55ebcd6c07f0_0 .net/2u *"_ivl_104", 1 0, L_0x7efe54aae798;  1 drivers
v0x55ebcd6c08d0_0 .net *"_ivl_106", 1 0, L_0x55ebcdab8420;  1 drivers
v0x55ebcd6c09b0_0 .net *"_ivl_108", 1 0, L_0x55ebcdab8570;  1 drivers
v0x55ebcd6c5670_0 .net *"_ivl_13", 0 0, L_0x55ebcdab65c0;  1 drivers
L_0x7efe54aae360 .functor BUFT 1, C4<10>, C4<0>, C4<0>, C4<0>;
v0x55ebcd6c5730_0 .net/2u *"_ivl_14", 1 0, L_0x7efe54aae360;  1 drivers
v0x55ebcd6c5810_0 .net *"_ivl_16", 31 0, L_0x55ebcdab66d0;  1 drivers
L_0x7efe54aae3a8 .functor BUFT 1, C4<000000000000000000000000000>, C4<0>, C4<0>, C4<0>;
v0x55ebcd6c58f0_0 .net *"_ivl_19", 26 0, L_0x7efe54aae3a8;  1 drivers
L_0x7efe54aae3f0 .functor BUFT 1, C4<00000000000000000000000000000000>, C4<0>, C4<0>, C4<0>;
v0x55ebcd6c59d0_0 .net/2u *"_ivl_20", 31 0, L_0x7efe54aae3f0;  1 drivers
v0x55ebcd718130_0 .net *"_ivl_22", 0 0, L_0x55ebcdab68d0;  1 drivers
v0x55ebcd7181f0_0 .net *"_ivl_25", 0 0, L_0x55ebcdab6a10;  1 drivers
v0x55ebcd7182b0_0 .net *"_ivl_26", 0 0, L_0x55ebcdab6ad0;  1 drivers
v0x55ebcd718370_0 .net *"_ivl_29", 0 0, L_0x55ebcdab6bc0;  1 drivers
L_0x7efe54aae2d0 .functor BUFT 1, C4<000000000000000000000000000>, C4<0>, C4<0>, C4<0>;
v0x55ebcd718430_0 .net *"_ivl_3", 26 0, L_0x7efe54aae2d0;  1 drivers
L_0x7efe54aae438 .functor BUFT 1, C4<01>, C4<0>, C4<0>, C4<0>;
v0x55ebcd718510_0 .net/2u *"_ivl_30", 1 0, L_0x7efe54aae438;  1 drivers
L_0x7efe54aaec60 .functor BUFT 1, C4<00000000000000000000000000000000>, C4<0>, C4<0>, C4<0>;
v0x55ebcd724dd0_0 .net *"_ivl_32", 31 0, L_0x7efe54aaec60;  1 drivers
L_0x7efe54aae480 .functor BUFT 1, C4<00000000000000000000000000000000>, C4<0>, C4<0>, C4<0>;
v0x55ebcd724eb0_0 .net/2u *"_ivl_36", 31 0, L_0x7efe54aae480;  1 drivers
v0x55ebcd724f90_0 .net *"_ivl_38", 0 0, L_0x55ebcdab6cd0;  1 drivers
L_0x7efe54aae318 .functor BUFT 1, C4<00000000000000000000000000000000>, C4<0>, C4<0>, C4<0>;
v0x55ebcd725050_0 .net/2u *"_ivl_4", 31 0, L_0x7efe54aae318;  1 drivers
v0x55ebcd725130_0 .net *"_ivl_41", 0 0, L_0x55ebcdab6dc0;  1 drivers
v0x55ebcd7251f0_0 .net *"_ivl_42", 0 0, L_0x55ebcdab6e80;  1 drivers
v0x55ebcd73b8a0_0 .net *"_ivl_45", 0 0, L_0x55ebcdab6f70;  1 drivers
L_0x7efe54aae4c8 .functor BUFT 1, C4<11>, C4<0>, C4<0>, C4<0>;
v0x55ebcd73b940_0 .net/2u *"_ivl_46", 1 0, L_0x7efe54aae4c8;  1 drivers
L_0x7efe54aae510 .functor BUFT 1, C4<00>, C4<0>, C4<0>, C4<0>;
v0x55ebcd73ba20_0 .net/2u *"_ivl_48", 1 0, L_0x7efe54aae510;  1 drivers
v0x55ebcd73bb00_0 .net *"_ivl_50", 1 0, L_0x55ebcdab7080;  1 drivers
v0x55ebcd73bbe0_0 .net *"_ivl_52", 1 0, L_0x55ebcdab7210;  1 drivers
v0x55ebcd73bcc0_0 .net *"_ivl_56", 31 0, L_0x55ebcdab7590;  1 drivers
L_0x7efe54aae558 .functor BUFT 1, C4<000000000000000000000000000>, C4<0>, C4<0>, C4<0>;
v0x55ebcd7400b0_0 .net *"_ivl_59", 26 0, L_0x7efe54aae558;  1 drivers
v0x55ebcd740190_0 .net *"_ivl_6", 0 0, L_0x55ebcdab6320;  1 drivers
L_0x7efe54aae5a0 .functor BUFT 1, C4<00000000000000000000000000000000>, C4<0>, C4<0>, C4<0>;
v0x55ebcd740250_0 .net/2u *"_ivl_60", 31 0, L_0x7efe54aae5a0;  1 drivers
v0x55ebcd740330_0 .net *"_ivl_62", 0 0, L_0x55ebcdab76a0;  1 drivers
v0x55ebcd7403f0_0 .net *"_ivl_65", 0 0, L_0x55ebcdab77e0;  1 drivers
v0x55ebcd7404b0_0 .net *"_ivl_66", 0 0, L_0x55ebcdab7850;  1 drivers
v0x55ebcd742e60_0 .net *"_ivl_69", 0 0, L_0x55ebcdab7630;  1 drivers
L_0x7efe54aae5e8 .functor BUFT 1, C4<10>, C4<0>, C4<0>, C4<0>;
v0x55ebcd742f20_0 .net/2u *"_ivl_70", 1 0, L_0x7efe54aae5e8;  1 drivers
v0x55ebcd743000_0 .net *"_ivl_72", 31 0, L_0x55ebcdab7a60;  1 drivers
L_0x7efe54aae630 .functor BUFT 1, C4<000000000000000000000000000>, C4<0>, C4<0>, C4<0>;
v0x55ebcd7430e0_0 .net *"_ivl_75", 26 0, L_0x7efe54aae630;  1 drivers
L_0x7efe54aae678 .functor BUFT 1, C4<00000000000000000000000000000000>, C4<0>, C4<0>, C4<0>;
v0x55ebcd7431c0_0 .net/2u *"_ivl_76", 31 0, L_0x7efe54aae678;  1 drivers
v0x55ebcd748f00_0 .net *"_ivl_78", 0 0, L_0x55ebcdab7b50;  1 drivers
v0x55ebcd748fc0_0 .net *"_ivl_81", 0 0, L_0x55ebcdab78f0;  1 drivers
v0x55ebcd749080_0 .net *"_ivl_82", 0 0, L_0x55ebcdab7d70;  1 drivers
v0x55ebcd749140_0 .net *"_ivl_85", 0 0, L_0x55ebcdab7e60;  1 drivers
L_0x7efe54aae6c0 .functor BUFT 1, C4<01>, C4<0>, C4<0>, C4<0>;
v0x55ebcd749200_0 .net/2u *"_ivl_86", 1 0, L_0x7efe54aae6c0;  1 drivers
L_0x7efe54aaeca8 .functor BUFT 1, C4<00000000000000000000000000000000>, C4<0>, C4<0>, C4<0>;
v0x55ebcd7492e0_0 .net *"_ivl_88", 31 0, L_0x7efe54aaeca8;  1 drivers
v0x55ebcd7dc1f0_0 .net *"_ivl_9", 0 0, L_0x55ebcdab6460;  1 drivers
L_0x7efe54aae708 .functor BUFT 1, C4<00000000000000000000000000000000>, C4<0>, C4<0>, C4<0>;
v0x55ebcd7dc2b0_0 .net/2u *"_ivl_92", 31 0, L_0x7efe54aae708;  1 drivers
v0x55ebcd7dc390_0 .net *"_ivl_94", 0 0, L_0x55ebcdab7fd0;  1 drivers
v0x55ebcd7dc450_0 .net *"_ivl_97", 0 0, L_0x55ebcdab7c90;  1 drivers
v0x55ebcd7dc510_0 .net *"_ivl_98", 0 0, L_0x55ebcdab81b0;  1 drivers
v0x55ebcd7dc5d0_0 .net "ex_rd_addr", 4 0, v0x55ebcda5a0c0_0;  1 drivers
v0x55ebcd7a2fe0_0 .net "ex_reg_write", 0 0, v0x55ebcda5a180_0;  1 drivers
v0x55ebcd7a30a0_0 .net "forward_rs1_cnrl", 1 0, L_0x55ebcdab73b0;  alias, 1 drivers
v0x55ebcd7a3180_0 .net "forward_rs2_cnrl", 1 0, L_0x55ebcdab8700;  alias, 1 drivers
v0x55ebcd7a3260_0 .net "mem_rd_addr", 4 0, v0x55ebcda5b2e0_0;  1 drivers
v0x55ebcd7a3340_0 .net "mem_reg_write", 0 0, v0x55ebcda5b380_0;  1 drivers
v0x55ebcd7a3400_0 .net "rs1_addr", 4 0, L_0x55ebcdab8900;  1 drivers
v0x55ebcd7aa3d0_0 .net "rs2_addr", 4 0, L_0x55ebcdab8a00;  1 drivers
L_0x7efe54aae7e0 .functor BUFT 1, C4<00000>, C4<0>, C4<0>, C4<0>;
v0x55ebcd7aa4b0_0 .net "wb_rd_addr", 4 0, L_0x7efe54aae7e0;  1 drivers
v0x55ebcd7aa590_0 .net "wb_reg_write", 0 0, L_0x7efe54aae828;  1 drivers
L_0x55ebcdab6120 .concat [ 5 27 0 0], v0x55ebcda5a0c0_0, L_0x7efe54aae2d0;
L_0x55ebcdab6320 .cmp/ne 32, L_0x55ebcdab6120, L_0x7efe54aae318;
L_0x55ebcdab6520 .cmp/eq 5, v0x55ebcda5a0c0_0, L_0x55ebcdab8900;
L_0x55ebcdab66d0 .concat [ 5 27 0 0], v0x55ebcda5b2e0_0, L_0x7efe54aae3a8;
L_0x55ebcdab68d0 .cmp/ne 32, L_0x55ebcdab66d0, L_0x7efe54aae3f0;
L_0x55ebcdab6ad0 .cmp/eq 5, v0x55ebcda5b2e0_0, L_0x55ebcdab8900;
L_0x55ebcdab6cd0 .cmp/ne 32, L_0x7efe54aaec60, L_0x7efe54aae480;
L_0x55ebcdab6e80 .cmp/eq 5, L_0x7efe54aae7e0, L_0x55ebcdab8900;
L_0x55ebcdab7080 .functor MUXZ 2, L_0x7efe54aae510, L_0x7efe54aae4c8, L_0x55ebcdab6f70, C4<>;
L_0x55ebcdab7210 .functor MUXZ 2, L_0x55ebcdab7080, L_0x7efe54aae438, L_0x55ebcdab6bc0, C4<>;
L_0x55ebcdab73b0 .functor MUXZ 2, L_0x55ebcdab7210, L_0x7efe54aae360, L_0x55ebcdab65c0, C4<>;
L_0x55ebcdab7590 .concat [ 5 27 0 0], v0x55ebcda5a0c0_0, L_0x7efe54aae558;
L_0x55ebcdab76a0 .cmp/ne 32, L_0x55ebcdab7590, L_0x7efe54aae5a0;
L_0x55ebcdab7850 .cmp/eq 5, v0x55ebcda5a0c0_0, L_0x55ebcdab8a00;
L_0x55ebcdab7a60 .concat [ 5 27 0 0], v0x55ebcda5b2e0_0, L_0x7efe54aae630;
L_0x55ebcdab7b50 .cmp/ne 32, L_0x55ebcdab7a60, L_0x7efe54aae678;
L_0x55ebcdab7d70 .cmp/eq 5, v0x55ebcda5b2e0_0, L_0x55ebcdab8a00;
L_0x55ebcdab7fd0 .cmp/ne 32, L_0x7efe54aaeca8, L_0x7efe54aae708;
L_0x55ebcdab81b0 .cmp/eq 5, L_0x7efe54aae7e0, L_0x55ebcdab8a00;
L_0x55ebcdab8420 .functor MUXZ 2, L_0x7efe54aae798, L_0x7efe54aae750, L_0x55ebcdab82a0, C4<>;
L_0x55ebcdab8570 .functor MUXZ 2, L_0x55ebcdab8420, L_0x7efe54aae6c0, L_0x55ebcdab7e60, C4<>;
L_0x55ebcdab8700 .functor MUXZ 2, L_0x55ebcdab8570, L_0x7efe54aae5e8, L_0x55ebcdab7630, C4<>;
S_0x55ebcd7c5260 .scope module, "i_decode" "decode" 4 356, 7 1 0, S_0x55ebcd956580;
 .timescale 0 0;
    .port_info 0 /INPUT 1 "i_clk";
    .port_info 1 /INPUT 1 "i_rst";
    .port_info 2 /INPUT 1 "reg_write_wb";
    .port_info 3 /INPUT 5 "i_rd_waddr";
    .port_info 4 /INPUT 32 "i_rd_wdata";
    .port_info 5 /INPUT 32 "i_instr";
    .port_info 6 /OUTPUT 32 "o_rs1_rdata";
    .port_info 7 /OUTPUT 32 "o_rs2_rdata";
    .port_info 8 /OUTPUT 7 "opcode";
    .port_info 9 /OUTPUT 5 "rd";
    .port_info 10 /OUTPUT 32 "o_immediate";
    .port_info 11 /OUTPUT 3 "alu_op";
    .port_info 12 /OUTPUT 4 "branch_op";
    .port_info 13 /OUTPUT 1 "mem_write";
    .port_info 14 /OUTPUT 2 "reg_write_source_op";
    .port_info 15 /OUTPUT 1 "reg_write";
    .port_info 16 /OUTPUT 1 "alu_src_op";
    .port_info 17 /OUTPUT 1 "pc_src_op";
    .port_info 18 /OUTPUT 4 "o_dmem_mask";
    .port_info 19 /OUTPUT 1 "i_sub";
    .port_info 20 /OUTPUT 1 "i_unsigned";
    .port_info 21 /OUTPUT 1 "i_arith";
    .port_info 22 /OUTPUT 1 "jalr_op";
    .port_info 23 /OUTPUT 1 "alu_pc_op";
    .port_info 24 /OUTPUT 1 "mem_read";
    .port_info 25 /OUTPUT 1 "lui_op";
    .port_info 26 /OUTPUT 3 "funct3";
    .port_info 27 /INPUT 32 "i_pc";
    .port_info 28 /OUTPUT 32 "branch_out";
    .port_info 29 /OUTPUT 5 "i_rs1_raddr";
    .port_info 30 /OUTPUT 5 "i_rs2_raddr";
    .port_info 31 /INPUT 32 "branch_rs1_data";
    .port_info 32 /INPUT 32 "branch_rs2_data";
P_0x55ebcda116e0 .param/l "B_TYPE" 1 7 50, C4<001000>;
P_0x55ebcda11720 .param/l "I_TYPE" 1 7 48, C4<000010>;
P_0x55ebcda11760 .param/l "J_TYPE" 1 7 52, C4<100000>;
P_0x55ebcda117a0 .param/l "RESET_ADDR" 0 7 2, C4<00000000000000000000000000000000>;
P_0x55ebcda117e0 .param/l "R_TYPE" 1 7 47, C4<000001>;
P_0x55ebcda11820 .param/l "S_TYPE" 1 7 49, C4<000100>;
P_0x55ebcda11860 .param/l "U_TYPE" 1 7 51, C4<010000>;
L_0x55ebcda950a0 .functor OR 1, L_0x55ebcda94f10, L_0x55ebcda94fb0, C4<0>, C4<0>;
L_0x55ebcda952a0 .functor OR 1, L_0x55ebcda950a0, L_0x55ebcda951b0, C4<0>, C4<0>;
L_0x55ebcda958d0 .functor OR 1, L_0x55ebcda956a0, L_0x55ebcda95790, C4<0>, C4<0>;
L_0x55ebcda96530 .functor OR 1, L_0x55ebcda965c0, L_0x55ebcda96660, C4<0>, C4<0>;
L_0x55ebcda96a10 .functor OR 1, L_0x55ebcda96b10, L_0x55ebcda96c00, C4<0>, C4<0>;
L_0x55ebcda97310 .functor OR 1, L_0x55ebcda96f90, L_0x55ebcda97500, C4<0>, C4<0>;
L_0x55ebcda97a80 .functor BUFZ 5, L_0x55ebcda970b0, C4<00000>, C4<00000>, C4<00000>;
L_0x55ebcda97af0 .functor BUFZ 5, L_0x55ebcda971e0, C4<00000>, C4<00000>, C4<00000>;
L_0x55ebcdaa1930 .functor AND 1, L_0x55ebcdaa1690, L_0x55ebcda97930, C4<1>, C4<1>;
L_0x55ebcdaa1a40 .functor XNOR 1, L_0x55ebcdaa1690, L_0x55ebcdaa1730, C4<0>, C4<0>;
L_0x55ebcdaa1820 .functor AND 1, L_0x55ebcdaa1a40, L_0x55ebcdaa1b10, C4<1>, C4<1>;
L_0x55ebcdaa1890 .functor OR 1, L_0x55ebcdaa1930, L_0x55ebcdaa1820, C4<0>, C4<0>;
L_0x7efe54aaa898 .functor BUFT 1, C4<0110011>, C4<0>, C4<0>, C4<0>;
v0x55ebcda27950_0 .net/2u *"_ivl_0", 6 0, L_0x7efe54aaa898;  1 drivers
L_0x7efe54aaa970 .functor BUFT 1, C4<0000011>, C4<0>, C4<0>, C4<0>;
v0x55ebcda27a50_0 .net/2u *"_ivl_10", 6 0, L_0x7efe54aaa970;  1 drivers
L_0x7efe54aaaec8 .functor BUFT 1, C4<000001>, C4<0>, C4<0>, C4<0>;
v0x55ebcda27b30_0 .net/2u *"_ivl_106", 5 0, L_0x7efe54aaaec8;  1 drivers
v0x55ebcda27bf0_0 .net *"_ivl_108", 0 0, L_0x55ebcda96f90;  1 drivers
L_0x7efe54aaaf10 .functor BUFT 1, C4<000010>, C4<0>, C4<0>, C4<0>;
v0x55ebcda27cb0_0 .net/2u *"_ivl_110", 5 0, L_0x7efe54aaaf10;  1 drivers
v0x55ebcda27d90_0 .net *"_ivl_112", 0 0, L_0x55ebcda97500;  1 drivers
v0x55ebcda27e50_0 .net *"_ivl_115", 0 0, L_0x55ebcda97310;  1 drivers
v0x55ebcda27f10_0 .net *"_ivl_117", 6 0, L_0x55ebcda976e0;  1 drivers
L_0x7efe54aaaf58 .functor BUFT 1, C4<0000000>, C4<0>, C4<0>, C4<0>;
v0x55ebcda27ff0_0 .net/2u *"_ivl_118", 6 0, L_0x7efe54aaaf58;  1 drivers
v0x55ebcda280d0_0 .net *"_ivl_12", 0 0, L_0x55ebcda94fb0;  1 drivers
v0x55ebcda28190_0 .net *"_ivl_131", 0 0, L_0x55ebcda97930;  1 drivers
v0x55ebcda28250_0 .net *"_ivl_133", 0 0, L_0x55ebcdaa1930;  1 drivers
v0x55ebcda28310_0 .net *"_ivl_134", 0 0, L_0x55ebcdaa1a40;  1 drivers
v0x55ebcda283d0_0 .net *"_ivl_136", 0 0, L_0x55ebcdaa1b10;  1 drivers
v0x55ebcda28490_0 .net *"_ivl_139", 0 0, L_0x55ebcdaa1820;  1 drivers
v0x55ebcda28550_0 .net *"_ivl_144", 0 0, L_0x55ebcdaa1e80;  1 drivers
L_0x7efe54aac740 .functor BUFT 1, C4<1>, C4<0>, C4<0>, C4<0>;
v0x55ebcda28610_0 .net/2u *"_ivl_146", 0 0, L_0x7efe54aac740;  1 drivers
L_0x7efe54aac788 .functor BUFT 1, C4<0>, C4<0>, C4<0>, C4<0>;
v0x55ebcda286f0_0 .net/2u *"_ivl_148", 0 0, L_0x7efe54aac788;  1 drivers
v0x55ebcda287d0_0 .net *"_ivl_15", 0 0, L_0x55ebcda950a0;  1 drivers
v0x55ebcda28890_0 .net *"_ivl_150", 0 0, L_0x55ebcdaa1bb0;  1 drivers
L_0x7efe54aac7d0 .functor BUFT 1, C4<1>, C4<0>, C4<0>, C4<0>;
v0x55ebcda28970_0 .net/2u *"_ivl_152", 0 0, L_0x7efe54aac7d0;  1 drivers
L_0x7efe54aac818 .functor BUFT 1, C4<0>, C4<0>, C4<0>, C4<0>;
v0x55ebcda28a50_0 .net/2u *"_ivl_154", 0 0, L_0x7efe54aac818;  1 drivers
v0x55ebcda28b30_0 .net *"_ivl_156", 0 0, L_0x55ebcda8fb70;  1 drivers
L_0x7efe54aaa9b8 .functor BUFT 1, C4<1100111>, C4<0>, C4<0>, C4<0>;
v0x55ebcda28c10_0 .net/2u *"_ivl_16", 6 0, L_0x7efe54aaa9b8;  1 drivers
v0x55ebcda28cf0_0 .net *"_ivl_18", 0 0, L_0x55ebcda951b0;  1 drivers
v0x55ebcda28db0_0 .net *"_ivl_2", 0 0, L_0x55ebcda94de0;  1 drivers
v0x55ebcda28e70_0 .net *"_ivl_21", 0 0, L_0x55ebcda952a0;  1 drivers
L_0x7efe54aaaa00 .functor BUFT 1, C4<000010>, C4<0>, C4<0>, C4<0>;
v0x55ebcda28f30_0 .net/2u *"_ivl_22", 5 0, L_0x7efe54aaaa00;  1 drivers
L_0x7efe54aaaa48 .functor BUFT 1, C4<0100011>, C4<0>, C4<0>, C4<0>;
v0x55ebcda29010_0 .net/2u *"_ivl_24", 6 0, L_0x7efe54aaaa48;  1 drivers
v0x55ebcda290f0_0 .net *"_ivl_26", 0 0, L_0x55ebcda953b0;  1 drivers
L_0x7efe54aaaa90 .functor BUFT 1, C4<000100>, C4<0>, C4<0>, C4<0>;
v0x55ebcda291b0_0 .net/2u *"_ivl_28", 5 0, L_0x7efe54aaaa90;  1 drivers
L_0x7efe54aaaad8 .functor BUFT 1, C4<1100011>, C4<0>, C4<0>, C4<0>;
v0x55ebcda29290_0 .net/2u *"_ivl_30", 6 0, L_0x7efe54aaaad8;  1 drivers
v0x55ebcda29370_0 .net *"_ivl_32", 0 0, L_0x55ebcda955b0;  1 drivers
L_0x7efe54aaab20 .functor BUFT 1, C4<001000>, C4<0>, C4<0>, C4<0>;
v0x55ebcda29640_0 .net/2u *"_ivl_34", 5 0, L_0x7efe54aaab20;  1 drivers
L_0x7efe54aaab68 .functor BUFT 1, C4<0110111>, C4<0>, C4<0>, C4<0>;
v0x55ebcda29720_0 .net/2u *"_ivl_36", 6 0, L_0x7efe54aaab68;  1 drivers
v0x55ebcda29800_0 .net *"_ivl_38", 0 0, L_0x55ebcda956a0;  1 drivers
L_0x7efe54aaa8e0 .functor BUFT 1, C4<000001>, C4<0>, C4<0>, C4<0>;
v0x55ebcda298c0_0 .net/2u *"_ivl_4", 5 0, L_0x7efe54aaa8e0;  1 drivers
L_0x7efe54aaabb0 .functor BUFT 1, C4<0010111>, C4<0>, C4<0>, C4<0>;
v0x55ebcda299a0_0 .net/2u *"_ivl_40", 6 0, L_0x7efe54aaabb0;  1 drivers
v0x55ebcda29a80_0 .net *"_ivl_42", 0 0, L_0x55ebcda95790;  1 drivers
v0x55ebcda29b40_0 .net *"_ivl_45", 0 0, L_0x55ebcda958d0;  1 drivers
L_0x7efe54aaabf8 .functor BUFT 1, C4<010000>, C4<0>, C4<0>, C4<0>;
v0x55ebcda29c00_0 .net/2u *"_ivl_46", 5 0, L_0x7efe54aaabf8;  1 drivers
L_0x7efe54aaac40 .functor BUFT 1, C4<1101111>, C4<0>, C4<0>, C4<0>;
v0x55ebcda29ce0_0 .net/2u *"_ivl_48", 6 0, L_0x7efe54aaac40;  1 drivers
v0x55ebcda29dc0_0 .net *"_ivl_50", 0 0, L_0x55ebcda959e0;  1 drivers
L_0x7efe54aaac88 .functor BUFT 1, C4<100000>, C4<0>, C4<0>, C4<0>;
v0x55ebcda29e80_0 .net/2u *"_ivl_52", 5 0, L_0x7efe54aaac88;  1 drivers
L_0x7efe54aaacd0 .functor BUFT 1, C4<000000>, C4<0>, C4<0>, C4<0>;
v0x55ebcda29f60_0 .net/2u *"_ivl_54", 5 0, L_0x7efe54aaacd0;  1 drivers
v0x55ebcda2a040_0 .net *"_ivl_56", 5 0, L_0x55ebcda95ad0;  1 drivers
v0x55ebcda2a120_0 .net *"_ivl_58", 5 0, L_0x55ebcda95c70;  1 drivers
L_0x7efe54aaa928 .functor BUFT 1, C4<0010011>, C4<0>, C4<0>, C4<0>;
v0x55ebcda2a200_0 .net/2u *"_ivl_6", 6 0, L_0x7efe54aaa928;  1 drivers
v0x55ebcda2a2e0_0 .net *"_ivl_60", 5 0, L_0x55ebcda95e00;  1 drivers
v0x55ebcda2a3c0_0 .net *"_ivl_62", 5 0, L_0x55ebcda95fb0;  1 drivers
v0x55ebcda2a4a0_0 .net *"_ivl_64", 5 0, L_0x55ebcda96140;  1 drivers
L_0x7efe54aaad18 .functor BUFT 1, C4<000100>, C4<0>, C4<0>, C4<0>;
v0x55ebcda2a580_0 .net/2u *"_ivl_70", 5 0, L_0x7efe54aaad18;  1 drivers
v0x55ebcda2a660_0 .net *"_ivl_72", 0 0, L_0x55ebcda965c0;  1 drivers
L_0x7efe54aaad60 .functor BUFT 1, C4<001000>, C4<0>, C4<0>, C4<0>;
v0x55ebcda2a720_0 .net/2u *"_ivl_74", 5 0, L_0x7efe54aaad60;  1 drivers
v0x55ebcda2a800_0 .net *"_ivl_76", 0 0, L_0x55ebcda96660;  1 drivers
v0x55ebcda2a8c0_0 .net *"_ivl_79", 0 0, L_0x55ebcda96530;  1 drivers
v0x55ebcda2a980_0 .net *"_ivl_8", 0 0, L_0x55ebcda94f10;  1 drivers
L_0x7efe54aaada8 .functor BUFT 1, C4<00000>, C4<0>, C4<0>, C4<0>;
v0x55ebcda2aa40_0 .net/2u *"_ivl_80", 4 0, L_0x7efe54aaada8;  1 drivers
v0x55ebcda2ab20_0 .net *"_ivl_83", 4 0, L_0x55ebcda96840;  1 drivers
L_0x7efe54aaadf0 .functor BUFT 1, C4<010000>, C4<0>, C4<0>, C4<0>;
v0x55ebcda2ac00_0 .net/2u *"_ivl_86", 5 0, L_0x7efe54aaadf0;  1 drivers
v0x55ebcda2ace0_0 .net *"_ivl_88", 0 0, L_0x55ebcda96b10;  1 drivers
L_0x7efe54aaae38 .functor BUFT 1, C4<100000>, C4<0>, C4<0>, C4<0>;
v0x55ebcda2ada0_0 .net/2u *"_ivl_90", 5 0, L_0x7efe54aaae38;  1 drivers
v0x55ebcda2ae80_0 .net *"_ivl_92", 0 0, L_0x55ebcda96c00;  1 drivers
v0x55ebcda2af40_0 .net *"_ivl_95", 0 0, L_0x55ebcda96a10;  1 drivers
L_0x7efe54aaae80 .functor BUFT 1, C4<000>, C4<0>, C4<0>, C4<0>;
v0x55ebcda2b000_0 .net/2u *"_ivl_96", 2 0, L_0x7efe54aaae80;  1 drivers
v0x55ebcda2b0e0_0 .net *"_ivl_99", 2 0, L_0x55ebcda96e50;  1 drivers
v0x55ebcda2b1c0_0 .net "alu_op", 2 0, L_0x55ebcda980a0;  alias, 1 drivers
v0x55ebcda2b280_0 .net "alu_pc_op", 0 0, L_0x55ebcda9d930;  alias, 1 drivers
v0x55ebcda2b320_0 .net "alu_src_op", 0 0, L_0x55ebcda9a020;  alias, 1 drivers
v0x55ebcda2b3c0_0 .net "branch_op", 3 0, L_0x55ebcda98700;  alias, 1 drivers
v0x55ebcda2b4b0_0 .net "branch_out", 31 0, L_0x55ebcdaa4770;  alias, 1 drivers
v0x55ebcda2b550_0 .net "branch_rs1_data", 31 0, L_0x55ebcdab9030;  alias, 1 drivers
v0x55ebcda2b610_0 .net "branch_rs2_data", 31 0, L_0x55ebcdab93e0;  alias, 1 drivers
v0x55ebcda2b6f0_0 .net "funct3", 2 0, L_0x55ebcda96ef0;  alias, 1 drivers
v0x55ebcda2b7b0_0 .net "funct7", 6 0, L_0x55ebcda97890;  1 drivers
v0x55ebcda2b880_0 .net "i_arith", 0 0, L_0x55ebcda9d3c0;  alias, 1 drivers
v0x55ebcda2b950_0 .net "i_clk", 0 0, v0x55ebcda65f10_0;  alias, 1 drivers
v0x55ebcda2b9f0_0 .net "i_instr", 31 0, v0x55ebcda5a710_0;  1 drivers
v0x55ebcda2bac0_0 .net "i_pc", 31 0, v0x55ebcda5a600_0;  1 drivers
v0x55ebcda2bb90_0 .net "i_rd_waddr", 4 0, v0x55ebcda5b2e0_0;  alias, 1 drivers
v0x55ebcda2bc80_0 .net "i_rd_wdata", 31 0, L_0x55ebcdab31c0;  alias, 1 drivers
v0x55ebcda2bd20_0 .net "i_rs1_raddr", 4 0, L_0x55ebcda970b0;  alias, 1 drivers
v0x55ebcda2bdf0_0 .net "i_rs2_raddr", 4 0, L_0x55ebcda971e0;  alias, 1 drivers
v0x55ebcda2bec0_0 .net "i_rst", 0 0, v0x55ebcda67940_0;  alias, 1 drivers
v0x55ebcda2bf60_0 .net "i_sub", 0 0, L_0x55ebcda9b8c0;  alias, 1 drivers
v0x55ebcda2c030_0 .net "i_unsigned", 0 0, L_0x55ebcda9c710;  alias, 1 drivers
v0x55ebcda2c100_0 .net "jalr_op", 0 0, L_0x55ebcda9d670;  alias, 1 drivers
v0x55ebcda2c1f0_0 .net "lui_op", 0 0, L_0x55ebcda9de90;  alias, 1 drivers
v0x55ebcda2c290_0 .net "mem_read", 0 0, L_0x55ebcda9dc00;  alias, 1 drivers
v0x55ebcda2c360_0 .net "mem_write", 0 0, L_0x55ebcda98940;  alias, 1 drivers
v0x55ebcda2c430_0 .net "o_dmem_mask", 3 0, L_0x55ebcda9b380;  alias, 1 drivers
v0x55ebcda2c500_0 .net "o_eq_dec", 0 0, L_0x55ebcdaa1de0;  1 drivers
v0x55ebcda2c5d0_0 .net "o_format", 5 0, L_0x55ebcda96300;  1 drivers
v0x55ebcda2c6c0_0 .net "o_immediate", 31 0, L_0x55ebcdaa1500;  alias, 1 drivers
v0x55ebcda2c7b0_0 .net "o_rs1_rdata", 31 0, L_0x55ebcda9e710;  alias, 1 drivers
v0x55ebcda2c850_0 .net "o_rs2_rdata", 31 0, L_0x55ebcda9f090;  alias, 1 drivers
v0x55ebcda2c8f0_0 .net "o_slt_dec", 0 0, L_0x55ebcda8fe40;  1 drivers
v0x55ebcda2c9c0_0 .net "op1_neg", 0 0, L_0x55ebcdaa1690;  1 drivers
v0x55ebcda2ca60_0 .net "op2_neg", 0 0, L_0x55ebcdaa1730;  1 drivers
v0x55ebcda2cb00_0 .net "opcode", 6 0, L_0x55ebcda96490;  alias, 1 drivers
v0x55ebcda2cbd0_0 .net "pc_src_op", 0 0, L_0x55ebcda9a750;  alias, 1 drivers
v0x55ebcda2ccc0_0 .net "rd", 4 0, L_0x55ebcda96970;  alias, 1 drivers
v0x55ebcda2cd60_0 .net "reg_write", 0 0, L_0x55ebcda991a0;  alias, 1 drivers
v0x55ebcda2ce00_0 .net "reg_write_source_op", 1 0, L_0x55ebcda99b30;  alias, 1 drivers
v0x55ebcda2ced0_0 .net "reg_write_wb", 0 0, L_0x55ebcdaa4860;  1 drivers
v0x55ebcda2cfa0_0 .net "rs1_raddr", 4 0, L_0x55ebcda97a80;  1 drivers
v0x55ebcda2d040_0 .net "rs2_raddr", 4 0, L_0x55ebcda97af0;  1 drivers
v0x55ebcda2d0e0_0 .net "signed_lt", 0 0, L_0x55ebcdaa1890;  1 drivers
L_0x55ebcda94de0 .cmp/eq 7, L_0x55ebcda96490, L_0x7efe54aaa898;
L_0x55ebcda94f10 .cmp/eq 7, L_0x55ebcda96490, L_0x7efe54aaa928;
L_0x55ebcda94fb0 .cmp/eq 7, L_0x55ebcda96490, L_0x7efe54aaa970;
L_0x55ebcda951b0 .cmp/eq 7, L_0x55ebcda96490, L_0x7efe54aaa9b8;
L_0x55ebcda953b0 .cmp/eq 7, L_0x55ebcda96490, L_0x7efe54aaaa48;
L_0x55ebcda955b0 .cmp/eq 7, L_0x55ebcda96490, L_0x7efe54aaaad8;
L_0x55ebcda956a0 .cmp/eq 7, L_0x55ebcda96490, L_0x7efe54aaab68;
L_0x55ebcda95790 .cmp/eq 7, L_0x55ebcda96490, L_0x7efe54aaabb0;
L_0x55ebcda959e0 .cmp/eq 7, L_0x55ebcda96490, L_0x7efe54aaac40;
L_0x55ebcda95ad0 .functor MUXZ 6, L_0x7efe54aaacd0, L_0x7efe54aaac88, L_0x55ebcda959e0, C4<>;
L_0x55ebcda95c70 .functor MUXZ 6, L_0x55ebcda95ad0, L_0x7efe54aaabf8, L_0x55ebcda958d0, C4<>;
L_0x55ebcda95e00 .functor MUXZ 6, L_0x55ebcda95c70, L_0x7efe54aaab20, L_0x55ebcda955b0, C4<>;
L_0x55ebcda95fb0 .functor MUXZ 6, L_0x55ebcda95e00, L_0x7efe54aaaa90, L_0x55ebcda953b0, C4<>;
L_0x55ebcda96140 .functor MUXZ 6, L_0x55ebcda95fb0, L_0x7efe54aaaa00, L_0x55ebcda952a0, C4<>;
L_0x55ebcda96300 .functor MUXZ 6, L_0x55ebcda96140, L_0x7efe54aaa8e0, L_0x55ebcda94de0, C4<>;
L_0x55ebcda96490 .part v0x55ebcda5a710_0, 0, 7;
L_0x55ebcda965c0 .cmp/eq 6, L_0x55ebcda96300, L_0x7efe54aaad18;
L_0x55ebcda96660 .cmp/eq 6, L_0x55ebcda96300, L_0x7efe54aaad60;
L_0x55ebcda96840 .part v0x55ebcda5a710_0, 7, 5;
L_0x55ebcda96970 .functor MUXZ 5, L_0x55ebcda96840, L_0x7efe54aaada8, L_0x55ebcda96530, C4<>;
L_0x55ebcda96b10 .cmp/eq 6, L_0x55ebcda96300, L_0x7efe54aaadf0;
L_0x55ebcda96c00 .cmp/eq 6, L_0x55ebcda96300, L_0x7efe54aaae38;
L_0x55ebcda96e50 .part v0x55ebcda5a710_0, 12, 3;
L_0x55ebcda96ef0 .functor MUXZ 3, L_0x55ebcda96e50, L_0x7efe54aaae80, L_0x55ebcda96a10, C4<>;
L_0x55ebcda970b0 .part v0x55ebcda5a710_0, 15, 5;
L_0x55ebcda971e0 .part v0x55ebcda5a710_0, 20, 5;
L_0x55ebcda96f90 .cmp/eq 6, L_0x55ebcda96300, L_0x7efe54aaaec8;
L_0x55ebcda97500 .cmp/eq 6, L_0x55ebcda96300, L_0x7efe54aaaf10;
L_0x55ebcda976e0 .part v0x55ebcda5a710_0, 25, 7;
L_0x55ebcda97890 .functor MUXZ 7, L_0x7efe54aaaf58, L_0x55ebcda976e0, L_0x55ebcda97310, C4<>;
L_0x55ebcdaa1690 .part L_0x55ebcdab9030, 31, 1;
L_0x55ebcdaa1730 .part L_0x55ebcdab93e0, 31, 1;
L_0x55ebcda97930 .reduce/nor L_0x55ebcdaa1730;
L_0x55ebcdaa1b10 .cmp/gt 32, L_0x55ebcdab93e0, L_0x55ebcdab9030;
L_0x55ebcdaa1de0 .cmp/eq 32, L_0x55ebcdab9030, L_0x55ebcdab93e0;
L_0x55ebcdaa1e80 .cmp/gt 32, L_0x55ebcdab93e0, L_0x55ebcdab9030;
L_0x55ebcdaa1bb0 .functor MUXZ 1, L_0x7efe54aac788, L_0x7efe54aac740, L_0x55ebcdaa1e80, C4<>;
L_0x55ebcda8fb70 .functor MUXZ 1, L_0x7efe54aac818, L_0x7efe54aac7d0, L_0x55ebcdaa1890, C4<>;
L_0x55ebcda8fe40 .functor MUXZ 1, L_0x55ebcda8fb70, L_0x55ebcdaa1bb0, L_0x55ebcda9c710, C4<>;
S_0x55ebcd7ba4b0 .scope module, "i_branch" "branch" 7 138, 8 1 0, S_0x55ebcd7c5260;
 .timescale 0 0;
    .port_info 0 /INPUT 4 "branch_op";
    .port_info 1 /INPUT 1 "slt";
    .port_info 2 /INPUT 1 "equal";
    .port_info 3 /INPUT 1 "pc_src_op";
    .port_info 4 /INPUT 32 "imm_in";
    .port_info 5 /INPUT 1 "jalr_op";
    .port_info 6 /INPUT 1 "alu_pc_op";
    .port_info 7 /INPUT 32 "pc_in";
    .port_info 8 /OUTPUT 32 "branch_out";
P_0x55ebcd7ba690 .param/l "BEQ" 1 8 18, C4<000>;
P_0x55ebcd7ba6d0 .param/l "BGE" 1 8 21, C4<101>;
P_0x55ebcd7ba710 .param/l "BGEU" 1 8 23, C4<111>;
P_0x55ebcd7ba750 .param/l "BLT" 1 8 20, C4<100>;
P_0x55ebcd7ba790 .param/l "BLTU" 1 8 22, C4<110>;
P_0x55ebcd7ba7d0 .param/l "BNE" 1 8 19, C4<001>;
L_0x7efe54aac860 .functor BUFT 1, C4<0>, C4<0>, C4<0>, C4<0>;
L_0x55ebcda90150 .functor XNOR 1, L_0x55ebcda900b0, L_0x7efe54aac860, C4<0>, C4<0>;
L_0x55ebcdaa1f20 .functor AND 1, L_0x55ebcda90260, L_0x55ebcdaa1de0, C4<1>, C4<1>;
L_0x55ebcdaa3150 .functor NOT 1, L_0x55ebcdaa1de0, C4<0>, C4<0>, C4<0>;
L_0x55ebcdaa3250 .functor AND 1, L_0x55ebcdaa30b0, L_0x55ebcdaa3150, C4<1>, C4<1>;
L_0x55ebcdaa3490 .functor AND 1, L_0x55ebcdaa3360, L_0x55ebcda8fe40, C4<1>, C4<1>;
L_0x55ebcdaa3640 .functor NOT 1, L_0x55ebcda8fe40, C4<0>, C4<0>, C4<0>;
L_0x55ebcdaa3740 .functor AND 1, L_0x55ebcdaa3550, L_0x55ebcdaa3640, C4<1>, C4<1>;
L_0x55ebcdaa38f0 .functor AND 1, L_0x55ebcdaa3800, L_0x55ebcda8fe40, C4<1>, C4<1>;
L_0x55ebcdaa3b40 .functor NOT 1, L_0x55ebcda8fe40, C4<0>, C4<0>, C4<0>;
L_0x55ebcdaa3bb0 .functor AND 1, L_0x55ebcdaa3a00, L_0x55ebcdaa3b40, C4<1>, C4<1>;
v0x55ebcd7b0950_0 .net *"_ivl_10", 0 0, L_0x55ebcda90260;  1 drivers
v0x55ebcd7aa790_0 .net *"_ivl_13", 0 0, L_0x55ebcdaa1f20;  1 drivers
L_0x7efe54aac8f0 .functor BUFT 1, C4<001>, C4<0>, C4<0>, C4<0>;
v0x55ebcd7d7e70_0 .net/2u *"_ivl_14", 2 0, L_0x7efe54aac8f0;  1 drivers
v0x55ebcd7d7f60_0 .net *"_ivl_16", 0 0, L_0x55ebcdaa30b0;  1 drivers
v0x55ebcd7d8020_0 .net *"_ivl_18", 0 0, L_0x55ebcdaa3150;  1 drivers
v0x55ebcd7d8100_0 .net *"_ivl_21", 0 0, L_0x55ebcdaa3250;  1 drivers
L_0x7efe54aac938 .functor BUFT 1, C4<100>, C4<0>, C4<0>, C4<0>;
v0x55ebcd7d81c0_0 .net/2u *"_ivl_22", 2 0, L_0x7efe54aac938;  1 drivers
v0x55ebcd7d82a0_0 .net *"_ivl_24", 0 0, L_0x55ebcdaa3360;  1 drivers
v0x55ebcd736b50_0 .net *"_ivl_27", 0 0, L_0x55ebcdaa3490;  1 drivers
L_0x7efe54aac980 .functor BUFT 1, C4<101>, C4<0>, C4<0>, C4<0>;
v0x55ebcd736bf0_0 .net/2u *"_ivl_28", 2 0, L_0x7efe54aac980;  1 drivers
v0x55ebcd736cd0_0 .net *"_ivl_3", 0 0, L_0x55ebcda900b0;  1 drivers
v0x55ebcd736db0_0 .net *"_ivl_30", 0 0, L_0x55ebcdaa3550;  1 drivers
v0x55ebcd736e70_0 .net *"_ivl_32", 0 0, L_0x55ebcdaa3640;  1 drivers
v0x55ebcd736f50_0 .net *"_ivl_35", 0 0, L_0x55ebcdaa3740;  1 drivers
L_0x7efe54aac9c8 .functor BUFT 1, C4<110>, C4<0>, C4<0>, C4<0>;
v0x55ebcda177c0_0 .net/2u *"_ivl_36", 2 0, L_0x7efe54aac9c8;  1 drivers
v0x55ebcda178a0_0 .net *"_ivl_38", 0 0, L_0x55ebcdaa3800;  1 drivers
v0x55ebcda17960_0 .net/2u *"_ivl_4", 0 0, L_0x7efe54aac860;  1 drivers
v0x55ebcda17a40_0 .net *"_ivl_41", 0 0, L_0x55ebcdaa38f0;  1 drivers
L_0x7efe54aaca10 .functor BUFT 1, C4<111>, C4<0>, C4<0>, C4<0>;
v0x55ebcda17b00_0 .net/2u *"_ivl_42", 2 0, L_0x7efe54aaca10;  1 drivers
v0x55ebcda17be0_0 .net *"_ivl_44", 0 0, L_0x55ebcdaa3a00;  1 drivers
v0x55ebcda17ca0_0 .net *"_ivl_46", 0 0, L_0x55ebcdaa3b40;  1 drivers
v0x55ebcda17d80_0 .net *"_ivl_49", 0 0, L_0x55ebcdaa3bb0;  1 drivers
L_0x7efe54aaca58 .functor BUFT 1, C4<00000000000000000000000000000100>, C4<0>, C4<0>, C4<0>;
v0x55ebcda17e40_0 .net/2u *"_ivl_50", 31 0, L_0x7efe54aaca58;  1 drivers
v0x55ebcda17f20_0 .net *"_ivl_52", 31 0, L_0x55ebcdaa3d20;  1 drivers
v0x55ebcda18fe0_0 .net *"_ivl_54", 31 0, L_0x55ebcdaa3e10;  1 drivers
v0x55ebcda19080_0 .net *"_ivl_56", 31 0, L_0x55ebcdaa3f60;  1 drivers
v0x55ebcda19120_0 .net *"_ivl_58", 31 0, L_0x55ebcdaa40a0;  1 drivers
v0x55ebcda191c0_0 .net *"_ivl_6", 0 0, L_0x55ebcda90150;  1 drivers
v0x55ebcda19260_0 .net *"_ivl_60", 31 0, L_0x55ebcdaa4200;  1 drivers
v0x55ebcda19300_0 .net *"_ivl_62", 31 0, L_0x55ebcdaa4340;  1 drivers
v0x55ebcda193a0_0 .net *"_ivl_64", 31 0, L_0x55ebcdaa44b0;  1 drivers
L_0x7efe54aacaa0 .functor BUFT 1, C4<00000000000000000000000000000100>, C4<0>, C4<0>, C4<0>;
v0x55ebcda19440_0 .net/2u *"_ivl_66", 31 0, L_0x7efe54aacaa0;  1 drivers
v0x55ebcda194e0_0 .net *"_ivl_68", 31 0, L_0x55ebcdaa45f0;  1 drivers
L_0x7efe54aac8a8 .functor BUFT 1, C4<000>, C4<0>, C4<0>, C4<0>;
v0x55ebcda19790_0 .net/2u *"_ivl_8", 2 0, L_0x7efe54aac8a8;  1 drivers
v0x55ebcda19830_0 .net "alu_pc_op", 0 0, L_0x55ebcda9d930;  alias, 1 drivers
v0x55ebcda198d0_0 .net "branch_op", 3 0, L_0x55ebcda98700;  alias, 1 drivers
v0x55ebcda19970_0 .net "branch_out", 31 0, L_0x55ebcdaa4770;  alias, 1 drivers
v0x55ebcda19a10_0 .net "equal", 0 0, L_0x55ebcdaa1de0;  alias, 1 drivers
v0x55ebcda19ab0_0 .net "imm_in", 31 0, L_0x55ebcdaa1500;  alias, 1 drivers
v0x55ebcda19b50_0 .net "jalr_op", 0 0, L_0x55ebcda9d670;  alias, 1 drivers
v0x55ebcda19bf0_0 .net "opsel", 2 0, L_0x55ebcda90010;  1 drivers
v0x55ebcda19c90_0 .net "pc_in", 31 0, v0x55ebcda5a600_0;  alias, 1 drivers
v0x55ebcda19d30_0 .net "pc_src_op", 0 0, L_0x55ebcda9a750;  alias, 1 drivers
v0x55ebcda19dd0_0 .net "slt", 0 0, L_0x55ebcda8fe40;  alias, 1 drivers
L_0x55ebcda90010 .part L_0x55ebcda98700, 0, 3;
L_0x55ebcda900b0 .part L_0x55ebcda98700, 3, 1;
L_0x55ebcda90260 .cmp/eq 3, L_0x55ebcda90010, L_0x7efe54aac8a8;
L_0x55ebcdaa30b0 .cmp/eq 3, L_0x55ebcda90010, L_0x7efe54aac8f0;
L_0x55ebcdaa3360 .cmp/eq 3, L_0x55ebcda90010, L_0x7efe54aac938;
L_0x55ebcdaa3550 .cmp/eq 3, L_0x55ebcda90010, L_0x7efe54aac980;
L_0x55ebcdaa3800 .cmp/eq 3, L_0x55ebcda90010, L_0x7efe54aac9c8;
L_0x55ebcdaa3a00 .cmp/eq 3, L_0x55ebcda90010, L_0x7efe54aaca10;
L_0x55ebcdaa3d20 .functor MUXZ 32, L_0x7efe54aaca58, L_0x55ebcdaa1500, L_0x55ebcdaa3bb0, C4<>;
L_0x55ebcdaa3e10 .functor MUXZ 32, L_0x55ebcdaa3d20, L_0x55ebcdaa1500, L_0x55ebcdaa38f0, C4<>;
L_0x55ebcdaa3f60 .functor MUXZ 32, L_0x55ebcdaa3e10, L_0x55ebcdaa1500, L_0x55ebcdaa3740, C4<>;
L_0x55ebcdaa40a0 .functor MUXZ 32, L_0x55ebcdaa3f60, L_0x55ebcdaa1500, L_0x55ebcdaa3490, C4<>;
L_0x55ebcdaa4200 .functor MUXZ 32, L_0x55ebcdaa40a0, L_0x55ebcdaa1500, L_0x55ebcdaa3250, C4<>;
L_0x55ebcdaa4340 .functor MUXZ 32, L_0x55ebcdaa4200, L_0x55ebcdaa1500, L_0x55ebcdaa1f20, C4<>;
L_0x55ebcdaa44b0 .functor MUXZ 32, L_0x55ebcdaa1500, L_0x55ebcdaa4340, L_0x55ebcda90150, C4<>;
L_0x55ebcdaa45f0 .functor MUXZ 32, L_0x7efe54aacaa0, L_0x55ebcdaa44b0, L_0x55ebcda9a750, C4<>;
L_0x55ebcdaa4770 .functor MUXZ 32, L_0x55ebcdaa45f0, L_0x55ebcdaa1500, L_0x55ebcda9d670, C4<>;
S_0x55ebcda19e70 .scope module, "i_control" "control" 7 83, 9 1 0, S_0x55ebcd7c5260;
 .timescale 0 0;
    .port_info 0 /INPUT 7 "opcode";
    .port_info 1 /INPUT 3 "funct3";
    .port_info 2 /INPUT 7 "funct7";
    .port_info 3 /INPUT 6 "o_format";
    .port_info 4 /OUTPUT 3 "alu_op";
    .port_info 5 /OUTPUT 4 "branch_op";
    .port_info 6 /OUTPUT 1 "mem_write";
    .port_info 7 /OUTPUT 2 "reg_write_source_op";
    .port_info 8 /OUTPUT 1 "reg_write";
    .port_info 9 /OUTPUT 1 "alu_src_op";
    .port_info 10 /OUTPUT 1 "pc_src_op";
    .port_info 11 /OUTPUT 4 "o_dmem_mask";
    .port_info 12 /OUTPUT 1 "i_sub";
    .port_info 13 /OUTPUT 1 "i_unsigned";
    .port_info 14 /OUTPUT 1 "i_arith";
    .port_info 15 /OUTPUT 1 "jalr_op";
    .port_info 16 /OUTPUT 1 "alu_pc_op";
    .port_info 17 /OUTPUT 1 "mem_read";
    .port_info 18 /OUTPUT 1 "lui_op";
P_0x55ebcda1a000 .param/l "B_TYPE" 1 9 28, C4<001000>;
P_0x55ebcda1a040 .param/l "I_TYPE" 1 9 26, C4<000010>;
P_0x55ebcda1a080 .param/l "J_TYPE" 1 9 30, C4<100000>;
P_0x55ebcda1a0c0 .param/l "R_TYPE" 1 9 25, C4<000001>;
P_0x55ebcda1a100 .param/l "S_TYPE" 1 9 27, C4<000100>;
P_0x55ebcda1a140 .param/l "U_TYPE" 1 9 29, C4<010000>;
L_0x55ebcda97e80 .functor AND 1, L_0x55ebcda97ca0, L_0x55ebcda97d90, C4<1>, C4<1>;
L_0x55ebcda97f90 .functor OR 1, L_0x55ebcda97bb0, L_0x55ebcda97e80, C4<0>, C4<0>;
L_0x55ebcda98370 .functor OR 1, L_0x55ebcda981e0, L_0x55ebcda98280, C4<0>, C4<0>;
L_0x55ebcda98c80 .functor OR 1, L_0x55ebcda98a80, L_0x55ebcda98be0, C4<0>, C4<0>;
L_0x55ebcda98b70 .functor OR 1, L_0x55ebcda98c80, L_0x55ebcda98d90, C4<0>, C4<0>;
L_0x55ebcda99090 .functor OR 1, L_0x55ebcda98b70, L_0x55ebcda98fa0, C4<0>, C4<0>;
L_0x55ebcda99240 .functor OR 1, L_0x55ebcda99370, L_0x55ebcda99460, C4<0>, C4<0>;
L_0x55ebcda99ec0 .functor OR 1, L_0x55ebcda99cc0, L_0x55ebcda99a30, C4<0>, C4<0>;
L_0x55ebcda9a0c0 .functor OR 1, L_0x55ebcda9a1e0, L_0x55ebcda9a2d0, C4<0>, C4<0>;
L_0x55ebcda9a5e0 .functor OR 1, L_0x55ebcda9a0c0, L_0x55ebcda9a4f0, C4<0>, C4<0>;
L_0x55ebcda9a7f0 .functor OR 1, L_0x55ebcda9a8e0, L_0x55ebcda9a9d0, C4<0>, C4<0>;
L_0x55ebcda9b740 .functor AND 1, L_0x55ebcda9b510, L_0x55ebcda9b250, C4<1>, C4<1>;
L_0x55ebcda9b960 .functor AND 1, L_0x55ebcda9b6a0, L_0x55ebcda9bb00, C4<1>, C4<1>;
L_0x55ebcda9bbf0 .functor AND 1, L_0x55ebcda9bd50, L_0x55ebcda9be40, C4<1>, C4<1>;
L_0x55ebcda9b850 .functor OR 1, L_0x55ebcda9b960, L_0x55ebcda9bbf0, C4<0>, C4<0>;
L_0x7efe54aabd68 .functor BUFT 1, C4<1>, C4<0>, C4<0>, C4<0>;
L_0x55ebcda9bf30 .functor XNOR 1, L_0x55ebcda9c260, L_0x7efe54aabd68, C4<0>, C4<0>;
L_0x55ebcda9c040 .functor AND 1, L_0x55ebcda9c170, L_0x55ebcda9bf30, C4<1>, C4<1>;
L_0x55ebcda9c560 .functor OR 1, L_0x55ebcda9b850, L_0x55ebcda9c040, C4<0>, C4<0>;
L_0x55ebcda9c3f0 .functor AND 1, L_0x55ebcda9c850, L_0x55ebcda9c300, C4<1>, C4<1>;
L_0x55ebcda9c940 .functor AND 1, L_0x55ebcda9c3f0, L_0x55ebcda9cb70, C4<1>, C4<1>;
L_0x55ebcda9cc10 .functor AND 1, L_0x55ebcda9c670, L_0x55ebcda9ce60, C4<1>, C4<1>;
L_0x55ebcda9d1a0 .functor AND 1, L_0x55ebcda9cc10, L_0x55ebcda9d100, C4<1>, C4<1>;
L_0x55ebcda9cd70 .functor OR 1, L_0x55ebcda9c940, L_0x55ebcda9d1a0, C4<0>, C4<0>;
L_0x7efe54aaafa0 .functor BUFT 1, C4<000001>, C4<0>, C4<0>, C4<0>;
v0x55ebcda1a620_0 .net/2u *"_ivl_0", 5 0, L_0x7efe54aaafa0;  1 drivers
v0x55ebcda1a700_0 .net *"_ivl_10", 0 0, L_0x55ebcda97d90;  1 drivers
L_0x7efe54aab618 .functor BUFT 1, C4<000001>, C4<0>, C4<0>, C4<0>;
v0x55ebcda1a7c0_0 .net/2u *"_ivl_102", 5 0, L_0x7efe54aab618;  1 drivers
v0x55ebcda1a880_0 .net *"_ivl_104", 0 0, L_0x55ebcda99cc0;  1 drivers
L_0x7efe54aab660 .functor BUFT 1, C4<001000>, C4<0>, C4<0>, C4<0>;
v0x55ebcda1a940_0 .net/2u *"_ivl_106", 5 0, L_0x7efe54aab660;  1 drivers
v0x55ebcda1aa70_0 .net *"_ivl_108", 0 0, L_0x55ebcda99a30;  1 drivers
v0x55ebcda1ab30_0 .net *"_ivl_111", 0 0, L_0x55ebcda99ec0;  1 drivers
L_0x7efe54aab6a8 .functor BUFT 1, C4<0>, C4<0>, C4<0>, C4<0>;
v0x55ebcda1abf0_0 .net/2u *"_ivl_112", 0 0, L_0x7efe54aab6a8;  1 drivers
L_0x7efe54aab6f0 .functor BUFT 1, C4<1>, C4<0>, C4<0>, C4<0>;
v0x55ebcda1acd0_0 .net/2u *"_ivl_114", 0 0, L_0x7efe54aab6f0;  1 drivers
L_0x7efe54aab738 .functor BUFT 1, C4<001000>, C4<0>, C4<0>, C4<0>;
v0x55ebcda1adb0_0 .net/2u *"_ivl_118", 5 0, L_0x7efe54aab738;  1 drivers
v0x55ebcda1ae90_0 .net *"_ivl_120", 0 0, L_0x55ebcda9a1e0;  1 drivers
L_0x7efe54aab780 .functor BUFT 1, C4<100000>, C4<0>, C4<0>, C4<0>;
v0x55ebcda1af50_0 .net/2u *"_ivl_122", 5 0, L_0x7efe54aab780;  1 drivers
v0x55ebcda1b030_0 .net *"_ivl_124", 0 0, L_0x55ebcda9a2d0;  1 drivers
v0x55ebcda1b0f0_0 .net *"_ivl_127", 0 0, L_0x55ebcda9a0c0;  1 drivers
L_0x7efe54aab7c8 .functor BUFT 1, C4<1100111>, C4<0>, C4<0>, C4<0>;
v0x55ebcda1b1b0_0 .net/2u *"_ivl_128", 6 0, L_0x7efe54aab7c8;  1 drivers
v0x55ebcda1b290_0 .net *"_ivl_13", 0 0, L_0x55ebcda97e80;  1 drivers
v0x55ebcda1b350_0 .net *"_ivl_130", 0 0, L_0x55ebcda9a4f0;  1 drivers
v0x55ebcda1b410_0 .net *"_ivl_133", 0 0, L_0x55ebcda9a5e0;  1 drivers
L_0x7efe54aab810 .functor BUFT 1, C4<1>, C4<0>, C4<0>, C4<0>;
v0x55ebcda1b4d0_0 .net/2u *"_ivl_134", 0 0, L_0x7efe54aab810;  1 drivers
L_0x7efe54aab858 .functor BUFT 1, C4<0>, C4<0>, C4<0>, C4<0>;
v0x55ebcda1b5b0_0 .net/2u *"_ivl_136", 0 0, L_0x7efe54aab858;  1 drivers
L_0x7efe54aab8a0 .functor BUFT 1, C4<000100>, C4<0>, C4<0>, C4<0>;
v0x55ebcda1b690_0 .net/2u *"_ivl_140", 5 0, L_0x7efe54aab8a0;  1 drivers
v0x55ebcda1b770_0 .net *"_ivl_142", 0 0, L_0x55ebcda9a8e0;  1 drivers
L_0x7efe54aab8e8 .functor BUFT 1, C4<0000011>, C4<0>, C4<0>, C4<0>;
v0x55ebcda1b830_0 .net/2u *"_ivl_144", 6 0, L_0x7efe54aab8e8;  1 drivers
v0x55ebcda1b910_0 .net *"_ivl_146", 0 0, L_0x55ebcda9a9d0;  1 drivers
v0x55ebcda1b9d0_0 .net *"_ivl_149", 0 0, L_0x55ebcda9a7f0;  1 drivers
v0x55ebcda1ba90_0 .net *"_ivl_15", 0 0, L_0x55ebcda97f90;  1 drivers
v0x55ebcda1bb50_0 .net *"_ivl_151", 1 0, L_0x55ebcda9ac10;  1 drivers
L_0x7efe54aab930 .functor BUFT 1, C4<00>, C4<0>, C4<0>, C4<0>;
v0x55ebcda1bc30_0 .net/2u *"_ivl_152", 1 0, L_0x7efe54aab930;  1 drivers
v0x55ebcda1bd10_0 .net *"_ivl_154", 0 0, L_0x55ebcda9acb0;  1 drivers
L_0x7efe54aab978 .functor BUFT 1, C4<0001>, C4<0>, C4<0>, C4<0>;
v0x55ebcda1bdd0_0 .net/2u *"_ivl_156", 3 0, L_0x7efe54aab978;  1 drivers
v0x55ebcda1beb0_0 .net *"_ivl_159", 1 0, L_0x55ebcda9aac0;  1 drivers
L_0x7efe54aab078 .functor BUFT 1, C4<000>, C4<0>, C4<0>, C4<0>;
v0x55ebcda1bf90_0 .net/2u *"_ivl_16", 2 0, L_0x7efe54aab078;  1 drivers
L_0x7efe54aab9c0 .functor BUFT 1, C4<01>, C4<0>, C4<0>, C4<0>;
v0x55ebcda1c070_0 .net/2u *"_ivl_160", 1 0, L_0x7efe54aab9c0;  1 drivers
v0x55ebcda1c360_0 .net *"_ivl_162", 0 0, L_0x55ebcda9af00;  1 drivers
L_0x7efe54aaba08 .functor BUFT 1, C4<0011>, C4<0>, C4<0>, C4<0>;
v0x55ebcda1c420_0 .net/2u *"_ivl_164", 3 0, L_0x7efe54aaba08;  1 drivers
L_0x7efe54aaba50 .functor BUFT 1, C4<1111>, C4<0>, C4<0>, C4<0>;
v0x55ebcda1c500_0 .net/2u *"_ivl_166", 3 0, L_0x7efe54aaba50;  1 drivers
v0x55ebcda1c5e0_0 .net *"_ivl_168", 3 0, L_0x55ebcda9adf0;  1 drivers
v0x55ebcda1c6c0_0 .net *"_ivl_170", 3 0, L_0x55ebcda9b1b0;  1 drivers
L_0x7efe54aaba98 .functor BUFT 1, C4<0000>, C4<0>, C4<0>, C4<0>;
v0x55ebcda1c7a0_0 .net/2u *"_ivl_172", 3 0, L_0x7efe54aaba98;  1 drivers
L_0x7efe54aabae0 .functor BUFT 1, C4<000001>, C4<0>, C4<0>, C4<0>;
v0x55ebcda1c880_0 .net/2u *"_ivl_176", 5 0, L_0x7efe54aabae0;  1 drivers
v0x55ebcda1c960_0 .net *"_ivl_178", 0 0, L_0x55ebcda9b510;  1 drivers
L_0x7efe54aabb28 .functor BUFT 1, C4<0100000>, C4<0>, C4<0>, C4<0>;
v0x55ebcda1ca20_0 .net/2u *"_ivl_180", 6 0, L_0x7efe54aabb28;  1 drivers
v0x55ebcda1cb00_0 .net *"_ivl_182", 0 0, L_0x55ebcda9b250;  1 drivers
v0x55ebcda1cbc0_0 .net *"_ivl_185", 0 0, L_0x55ebcda9b740;  1 drivers
L_0x7efe54aabb70 .functor BUFT 1, C4<1>, C4<0>, C4<0>, C4<0>;
v0x55ebcda1cc80_0 .net/2u *"_ivl_186", 0 0, L_0x7efe54aabb70;  1 drivers
L_0x7efe54aabbb8 .functor BUFT 1, C4<0>, C4<0>, C4<0>, C4<0>;
v0x55ebcda1cd60_0 .net/2u *"_ivl_188", 0 0, L_0x7efe54aabbb8;  1 drivers
L_0x7efe54aabc00 .functor BUFT 1, C4<000001>, C4<0>, C4<0>, C4<0>;
v0x55ebcda1ce40_0 .net/2u *"_ivl_192", 5 0, L_0x7efe54aabc00;  1 drivers
v0x55ebcda1cf20_0 .net *"_ivl_194", 0 0, L_0x55ebcda9b6a0;  1 drivers
L_0x7efe54aabc48 .functor BUFT 1, C4<011>, C4<0>, C4<0>, C4<0>;
v0x55ebcda1cfe0_0 .net/2u *"_ivl_196", 2 0, L_0x7efe54aabc48;  1 drivers
v0x55ebcda1d0c0_0 .net *"_ivl_198", 0 0, L_0x55ebcda9bb00;  1 drivers
v0x55ebcda1d180_0 .net *"_ivl_2", 0 0, L_0x55ebcda97bb0;  1 drivers
L_0x7efe54aab0c0 .functor BUFT 1, C4<100000>, C4<0>, C4<0>, C4<0>;
v0x55ebcda1d240_0 .net/2u *"_ivl_20", 5 0, L_0x7efe54aab0c0;  1 drivers
v0x55ebcda1d320_0 .net *"_ivl_201", 0 0, L_0x55ebcda9b960;  1 drivers
L_0x7efe54aabc90 .functor BUFT 1, C4<000010>, C4<0>, C4<0>, C4<0>;
v0x55ebcda1d3e0_0 .net/2u *"_ivl_202", 5 0, L_0x7efe54aabc90;  1 drivers
v0x55ebcda1d4c0_0 .net *"_ivl_204", 0 0, L_0x55ebcda9bd50;  1 drivers
L_0x7efe54aabcd8 .functor BUFT 1, C4<011>, C4<0>, C4<0>, C4<0>;
v0x55ebcda1d580_0 .net/2u *"_ivl_206", 2 0, L_0x7efe54aabcd8;  1 drivers
v0x55ebcda1d660_0 .net *"_ivl_208", 0 0, L_0x55ebcda9be40;  1 drivers
v0x55ebcda1d720_0 .net *"_ivl_211", 0 0, L_0x55ebcda9bbf0;  1 drivers
v0x55ebcda1d7e0_0 .net *"_ivl_213", 0 0, L_0x55ebcda9b850;  1 drivers
L_0x7efe54aabd20 .functor BUFT 1, C4<001000>, C4<0>, C4<0>, C4<0>;
v0x55ebcda1d8a0_0 .net/2u *"_ivl_214", 5 0, L_0x7efe54aabd20;  1 drivers
v0x55ebcda1d980_0 .net *"_ivl_216", 0 0, L_0x55ebcda9c170;  1 drivers
v0x55ebcda1da40_0 .net *"_ivl_219", 0 0, L_0x55ebcda9c260;  1 drivers
v0x55ebcda1db20_0 .net *"_ivl_22", 0 0, L_0x55ebcda981e0;  1 drivers
v0x55ebcda1dbe0_0 .net/2u *"_ivl_220", 0 0, L_0x7efe54aabd68;  1 drivers
v0x55ebcda1dcc0_0 .net *"_ivl_222", 0 0, L_0x55ebcda9bf30;  1 drivers
v0x55ebcda1dd80_0 .net *"_ivl_225", 0 0, L_0x55ebcda9c040;  1 drivers
v0x55ebcda1de40_0 .net *"_ivl_227", 0 0, L_0x55ebcda9c560;  1 drivers
L_0x7efe54aabdb0 .functor BUFT 1, C4<1>, C4<0>, C4<0>, C4<0>;
v0x55ebcda1df00_0 .net/2u *"_ivl_228", 0 0, L_0x7efe54aabdb0;  1 drivers
L_0x7efe54aabdf8 .functor BUFT 1, C4<0>, C4<0>, C4<0>, C4<0>;
v0x55ebcda1dfe0_0 .net/2u *"_ivl_230", 0 0, L_0x7efe54aabdf8;  1 drivers
L_0x7efe54aabe40 .functor BUFT 1, C4<000001>, C4<0>, C4<0>, C4<0>;
v0x55ebcda1e0c0_0 .net/2u *"_ivl_234", 5 0, L_0x7efe54aabe40;  1 drivers
v0x55ebcda1e1a0_0 .net *"_ivl_236", 0 0, L_0x55ebcda9c850;  1 drivers
L_0x7efe54aabe88 .functor BUFT 1, C4<101>, C4<0>, C4<0>, C4<0>;
v0x55ebcda1e260_0 .net/2u *"_ivl_238", 2 0, L_0x7efe54aabe88;  1 drivers
L_0x7efe54aab108 .functor BUFT 1, C4<1100111>, C4<0>, C4<0>, C4<0>;
v0x55ebcda1e340_0 .net/2u *"_ivl_24", 6 0, L_0x7efe54aab108;  1 drivers
v0x55ebcda1e420_0 .net *"_ivl_240", 0 0, L_0x55ebcda9c300;  1 drivers
v0x55ebcda1e4e0_0 .net *"_ivl_243", 0 0, L_0x55ebcda9c3f0;  1 drivers
L_0x7efe54aabed0 .functor BUFT 1, C4<0100000>, C4<0>, C4<0>, C4<0>;
v0x55ebcda1e5a0_0 .net/2u *"_ivl_244", 6 0, L_0x7efe54aabed0;  1 drivers
v0x55ebcda1e680_0 .net *"_ivl_246", 0 0, L_0x55ebcda9cb70;  1 drivers
v0x55ebcda1e740_0 .net *"_ivl_249", 0 0, L_0x55ebcda9c940;  1 drivers
L_0x7efe54aabf18 .functor BUFT 1, C4<000010>, C4<0>, C4<0>, C4<0>;
v0x55ebcda1e800_0 .net/2u *"_ivl_250", 5 0, L_0x7efe54aabf18;  1 drivers
v0x55ebcda1e8e0_0 .net *"_ivl_252", 0 0, L_0x55ebcda9c670;  1 drivers
L_0x7efe54aabf60 .functor BUFT 1, C4<101>, C4<0>, C4<0>, C4<0>;
v0x55ebcda1e9a0_0 .net/2u *"_ivl_254", 2 0, L_0x7efe54aabf60;  1 drivers
v0x55ebcda1ea80_0 .net *"_ivl_256", 0 0, L_0x55ebcda9ce60;  1 drivers
v0x55ebcda1eb40_0 .net *"_ivl_259", 0 0, L_0x55ebcda9cc10;  1 drivers
v0x55ebcda1ec00_0 .net *"_ivl_26", 0 0, L_0x55ebcda98280;  1 drivers
L_0x7efe54aabfa8 .functor BUFT 1, C4<0100000>, C4<0>, C4<0>, C4<0>;
v0x55ebcda1ecc0_0 .net/2u *"_ivl_260", 6 0, L_0x7efe54aabfa8;  1 drivers
v0x55ebcda1eda0_0 .net *"_ivl_262", 0 0, L_0x55ebcda9d100;  1 drivers
v0x55ebcda1ee60_0 .net *"_ivl_265", 0 0, L_0x55ebcda9d1a0;  1 drivers
v0x55ebcda1ef20_0 .net *"_ivl_267", 0 0, L_0x55ebcda9cd70;  1 drivers
L_0x7efe54aabff0 .functor BUFT 1, C4<1>, C4<0>, C4<0>, C4<0>;
v0x55ebcda1efe0_0 .net/2u *"_ivl_268", 0 0, L_0x7efe54aabff0;  1 drivers
L_0x7efe54aac038 .functor BUFT 1, C4<0>, C4<0>, C4<0>, C4<0>;
v0x55ebcda1f0c0_0 .net/2u *"_ivl_270", 0 0, L_0x7efe54aac038;  1 drivers
L_0x7efe54aac080 .functor BUFT 1, C4<1100111>, C4<0>, C4<0>, C4<0>;
v0x55ebcda1f1a0_0 .net/2u *"_ivl_274", 6 0, L_0x7efe54aac080;  1 drivers
v0x55ebcda1f280_0 .net *"_ivl_276", 0 0, L_0x55ebcda9d040;  1 drivers
L_0x7efe54aac0c8 .functor BUFT 1, C4<1>, C4<0>, C4<0>, C4<0>;
v0x55ebcda1f340_0 .net/2u *"_ivl_278", 0 0, L_0x7efe54aac0c8;  1 drivers
L_0x7efe54aac110 .functor BUFT 1, C4<0>, C4<0>, C4<0>, C4<0>;
v0x55ebcda1f420_0 .net/2u *"_ivl_280", 0 0, L_0x7efe54aac110;  1 drivers
L_0x7efe54aac158 .functor BUFT 1, C4<0010111>, C4<0>, C4<0>, C4<0>;
v0x55ebcda1f500_0 .net/2u *"_ivl_284", 6 0, L_0x7efe54aac158;  1 drivers
v0x55ebcda1f5e0_0 .net *"_ivl_286", 0 0, L_0x55ebcda9d550;  1 drivers
L_0x7efe54aac1a0 .functor BUFT 1, C4<1>, C4<0>, C4<0>, C4<0>;
v0x55ebcda1f6a0_0 .net/2u *"_ivl_288", 0 0, L_0x7efe54aac1a0;  1 drivers
L_0x7efe54aac1e8 .functor BUFT 1, C4<0>, C4<0>, C4<0>, C4<0>;
v0x55ebcda1f780_0 .net/2u *"_ivl_290", 0 0, L_0x7efe54aac1e8;  1 drivers
L_0x7efe54aac230 .functor BUFT 1, C4<0000011>, C4<0>, C4<0>, C4<0>;
v0x55ebcda1f860_0 .net/2u *"_ivl_294", 6 0, L_0x7efe54aac230;  1 drivers
v0x55ebcda1f940_0 .net *"_ivl_296", 0 0, L_0x55ebcda9d840;  1 drivers
L_0x7efe54aac278 .functor BUFT 1, C4<1>, C4<0>, C4<0>, C4<0>;
v0x55ebcda1fa00_0 .net/2u *"_ivl_298", 0 0, L_0x7efe54aac278;  1 drivers
L_0x7efe54aab150 .functor BUFT 1, C4<001000>, C4<0>, C4<0>, C4<0>;
v0x55ebcda1fae0_0 .net/2u *"_ivl_30", 5 0, L_0x7efe54aab150;  1 drivers
L_0x7efe54aac2c0 .functor BUFT 1, C4<0>, C4<0>, C4<0>, C4<0>;
v0x55ebcda1fbc0_0 .net/2u *"_ivl_300", 0 0, L_0x7efe54aac2c0;  1 drivers
L_0x7efe54aac308 .functor BUFT 1, C4<0110111>, C4<0>, C4<0>, C4<0>;
v0x55ebcda1fca0_0 .net/2u *"_ivl_304", 6 0, L_0x7efe54aac308;  1 drivers
v0x55ebcda1fd80_0 .net *"_ivl_306", 0 0, L_0x55ebcda9dac0;  1 drivers
L_0x7efe54aac350 .functor BUFT 1, C4<1>, C4<0>, C4<0>, C4<0>;
v0x55ebcda1fe40_0 .net/2u *"_ivl_308", 0 0, L_0x7efe54aac350;  1 drivers
L_0x7efe54aac398 .functor BUFT 1, C4<0>, C4<0>, C4<0>, C4<0>;
v0x55ebcda1ff20_0 .net/2u *"_ivl_310", 0 0, L_0x7efe54aac398;  1 drivers
v0x55ebcda20000_0 .net *"_ivl_32", 0 0, L_0x55ebcda98480;  1 drivers
L_0x7efe54aab198 .functor BUFT 1, C4<000>, C4<0>, C4<0>, C4<0>;
v0x55ebcda200c0_0 .net/2u *"_ivl_34", 2 0, L_0x7efe54aab198;  1 drivers
L_0x7efe54aaafe8 .functor BUFT 1, C4<000010>, C4<0>, C4<0>, C4<0>;
v0x55ebcda201a0_0 .net/2u *"_ivl_4", 5 0, L_0x7efe54aaafe8;  1 drivers
L_0x7efe54aab1e0 .functor BUFT 1, C4<000100>, C4<0>, C4<0>, C4<0>;
v0x55ebcda20280_0 .net/2u *"_ivl_40", 5 0, L_0x7efe54aab1e0;  1 drivers
v0x55ebcda20360_0 .net *"_ivl_42", 0 0, L_0x55ebcda987f0;  1 drivers
L_0x7efe54aab228 .functor BUFT 1, C4<1>, C4<0>, C4<0>, C4<0>;
v0x55ebcda20420_0 .net/2u *"_ivl_44", 0 0, L_0x7efe54aab228;  1 drivers
L_0x7efe54aab270 .functor BUFT 1, C4<0>, C4<0>, C4<0>, C4<0>;
v0x55ebcda20500_0 .net/2u *"_ivl_46", 0 0, L_0x7efe54aab270;  1 drivers
L_0x7efe54aab2b8 .functor BUFT 1, C4<000001>, C4<0>, C4<0>, C4<0>;
v0x55ebcda205e0_0 .net/2u *"_ivl_50", 5 0, L_0x7efe54aab2b8;  1 drivers
v0x55ebcda206c0_0 .net *"_ivl_52", 0 0, L_0x55ebcda98a80;  1 drivers
L_0x7efe54aab300 .functor BUFT 1, C4<000010>, C4<0>, C4<0>, C4<0>;
v0x55ebcda20780_0 .net/2u *"_ivl_54", 5 0, L_0x7efe54aab300;  1 drivers
v0x55ebcda20860_0 .net *"_ivl_56", 0 0, L_0x55ebcda98be0;  1 drivers
v0x55ebcda20920_0 .net *"_ivl_59", 0 0, L_0x55ebcda98c80;  1 drivers
v0x55ebcda209e0_0 .net *"_ivl_6", 0 0, L_0x55ebcda97ca0;  1 drivers
L_0x7efe54aab348 .functor BUFT 1, C4<010000>, C4<0>, C4<0>, C4<0>;
v0x55ebcda20aa0_0 .net/2u *"_ivl_60", 5 0, L_0x7efe54aab348;  1 drivers
v0x55ebcda20b80_0 .net *"_ivl_62", 0 0, L_0x55ebcda98d90;  1 drivers
v0x55ebcda20c40_0 .net *"_ivl_65", 0 0, L_0x55ebcda98b70;  1 drivers
L_0x7efe54aab390 .functor BUFT 1, C4<100000>, C4<0>, C4<0>, C4<0>;
v0x55ebcda20d00_0 .net/2u *"_ivl_66", 5 0, L_0x7efe54aab390;  1 drivers
v0x55ebcda20de0_0 .net *"_ivl_68", 0 0, L_0x55ebcda98fa0;  1 drivers
v0x55ebcda20ea0_0 .net *"_ivl_71", 0 0, L_0x55ebcda99090;  1 drivers
L_0x7efe54aab3d8 .functor BUFT 1, C4<1>, C4<0>, C4<0>, C4<0>;
v0x55ebcda20f60_0 .net/2u *"_ivl_72", 0 0, L_0x7efe54aab3d8;  1 drivers
L_0x7efe54aab420 .functor BUFT 1, C4<0>, C4<0>, C4<0>, C4<0>;
v0x55ebcda21040_0 .net/2u *"_ivl_74", 0 0, L_0x7efe54aab420;  1 drivers
L_0x7efe54aab468 .functor BUFT 1, C4<100000>, C4<0>, C4<0>, C4<0>;
v0x55ebcda21120_0 .net/2u *"_ivl_78", 5 0, L_0x7efe54aab468;  1 drivers
L_0x7efe54aab030 .functor BUFT 1, C4<0000011>, C4<0>, C4<0>, C4<0>;
v0x55ebcda21a10_0 .net/2u *"_ivl_8", 6 0, L_0x7efe54aab030;  1 drivers
v0x55ebcda21af0_0 .net *"_ivl_80", 0 0, L_0x55ebcda99370;  1 drivers
L_0x7efe54aab4b0 .functor BUFT 1, C4<1100111>, C4<0>, C4<0>, C4<0>;
v0x55ebcda21bb0_0 .net/2u *"_ivl_82", 6 0, L_0x7efe54aab4b0;  1 drivers
v0x55ebcda21c90_0 .net *"_ivl_84", 0 0, L_0x55ebcda99460;  1 drivers
v0x55ebcda21d50_0 .net *"_ivl_87", 0 0, L_0x55ebcda99240;  1 drivers
L_0x7efe54aab4f8 .functor BUFT 1, C4<01>, C4<0>, C4<0>, C4<0>;
v0x55ebcda21e10_0 .net/2u *"_ivl_88", 1 0, L_0x7efe54aab4f8;  1 drivers
L_0x7efe54aab540 .functor BUFT 1, C4<0000011>, C4<0>, C4<0>, C4<0>;
v0x55ebcda21ef0_0 .net/2u *"_ivl_90", 6 0, L_0x7efe54aab540;  1 drivers
v0x55ebcda21fd0_0 .net *"_ivl_92", 0 0, L_0x55ebcda998a0;  1 drivers
L_0x7efe54aab588 .functor BUFT 1, C4<10>, C4<0>, C4<0>, C4<0>;
v0x55ebcda22090_0 .net/2u *"_ivl_94", 1 0, L_0x7efe54aab588;  1 drivers
L_0x7efe54aab5d0 .functor BUFT 1, C4<00>, C4<0>, C4<0>, C4<0>;
v0x55ebcda22170_0 .net/2u *"_ivl_96", 1 0, L_0x7efe54aab5d0;  1 drivers
v0x55ebcda22250_0 .net *"_ivl_98", 1 0, L_0x55ebcda99990;  1 drivers
v0x55ebcda22330_0 .net "alu_op", 2 0, L_0x55ebcda980a0;  alias, 1 drivers
v0x55ebcda22410_0 .net "alu_pc_op", 0 0, L_0x55ebcda9d930;  alias, 1 drivers
v0x55ebcda224b0_0 .net "alu_src_op", 0 0, L_0x55ebcda9a020;  alias, 1 drivers
v0x55ebcda22550_0 .net "branch_funct3", 2 0, L_0x55ebcda98570;  1 drivers
v0x55ebcda22630_0 .net "branch_op", 3 0, L_0x55ebcda98700;  alias, 1 drivers
v0x55ebcda22720_0 .net "funct3", 2 0, L_0x55ebcda96ef0;  alias, 1 drivers
v0x55ebcda227e0_0 .net "funct7", 6 0, L_0x55ebcda97890;  alias, 1 drivers
v0x55ebcda228c0_0 .net "i_arith", 0 0, L_0x55ebcda9d3c0;  alias, 1 drivers
v0x55ebcda22980_0 .net "i_sub", 0 0, L_0x55ebcda9b8c0;  alias, 1 drivers
v0x55ebcda22a40_0 .net "i_unsigned", 0 0, L_0x55ebcda9c710;  alias, 1 drivers
v0x55ebcda22b00_0 .net "jalr_op", 0 0, L_0x55ebcda9d670;  alias, 1 drivers
v0x55ebcda22bd0_0 .net "jump_op", 0 0, L_0x55ebcda98370;  1 drivers
v0x55ebcda22c70_0 .net "lui_op", 0 0, L_0x55ebcda9de90;  alias, 1 drivers
v0x55ebcda22d30_0 .net "mem_read", 0 0, L_0x55ebcda9dc00;  alias, 1 drivers
v0x55ebcda22df0_0 .net "mem_write", 0 0, L_0x55ebcda98940;  alias, 1 drivers
v0x55ebcda22eb0_0 .net "o_dmem_mask", 3 0, L_0x55ebcda9b380;  alias, 1 drivers
v0x55ebcda22f90_0 .net "o_format", 5 0, L_0x55ebcda96300;  alias, 1 drivers
v0x55ebcda23070_0 .net "opcode", 6 0, L_0x55ebcda96490;  alias, 1 drivers
v0x55ebcda23150_0 .net "pc_src_op", 0 0, L_0x55ebcda9a750;  alias, 1 drivers
v0x55ebcda23220_0 .net "reg_write", 0 0, L_0x55ebcda991a0;  alias, 1 drivers
v0x55ebcda232c0_0 .net "reg_write_source_op", 1 0, L_0x55ebcda99b30;  alias, 1 drivers
L_0x55ebcda97bb0 .cmp/eq 6, L_0x55ebcda96300, L_0x7efe54aaafa0;
L_0x55ebcda97ca0 .cmp/eq 6, L_0x55ebcda96300, L_0x7efe54aaafe8;
L_0x55ebcda97d90 .cmp/ne 7, L_0x55ebcda96490, L_0x7efe54aab030;
L_0x55ebcda980a0 .functor MUXZ 3, L_0x7efe54aab078, L_0x55ebcda96ef0, L_0x55ebcda97f90, C4<>;
L_0x55ebcda981e0 .cmp/eq 6, L_0x55ebcda96300, L_0x7efe54aab0c0;
L_0x55ebcda98280 .cmp/eq 7, L_0x55ebcda96490, L_0x7efe54aab108;
L_0x55ebcda98480 .cmp/eq 6, L_0x55ebcda96300, L_0x7efe54aab150;
L_0x55ebcda98570 .functor MUXZ 3, L_0x7efe54aab198, L_0x55ebcda96ef0, L_0x55ebcda98480, C4<>;
L_0x55ebcda98700 .concat [ 3 1 0 0], L_0x55ebcda98570, L_0x55ebcda98370;
L_0x55ebcda987f0 .cmp/eq 6, L_0x55ebcda96300, L_0x7efe54aab1e0;
L_0x55ebcda98940 .functor MUXZ 1, L_0x7efe54aab270, L_0x7efe54aab228, L_0x55ebcda987f0, C4<>;
L_0x55ebcda98a80 .cmp/eq 6, L_0x55ebcda96300, L_0x7efe54aab2b8;
L_0x55ebcda98be0 .cmp/eq 6, L_0x55ebcda96300, L_0x7efe54aab300;
L_0x55ebcda98d90 .cmp/eq 6, L_0x55ebcda96300, L_0x7efe54aab348;
L_0x55ebcda98fa0 .cmp/eq 6, L_0x55ebcda96300, L_0x7efe54aab390;
L_0x55ebcda991a0 .functor MUXZ 1, L_0x7efe54aab420, L_0x7efe54aab3d8, L_0x55ebcda99090, C4<>;
L_0x55ebcda99370 .cmp/eq 6, L_0x55ebcda96300, L_0x7efe54aab468;
L_0x55ebcda99460 .cmp/eq 7, L_0x55ebcda96490, L_0x7efe54aab4b0;
L_0x55ebcda998a0 .cmp/eq 7, L_0x55ebcda96490, L_0x7efe54aab540;
L_0x55ebcda99990 .functor MUXZ 2, L_0x7efe54aab5d0, L_0x7efe54aab588, L_0x55ebcda998a0, C4<>;
L_0x55ebcda99b30 .functor MUXZ 2, L_0x55ebcda99990, L_0x7efe54aab4f8, L_0x55ebcda99240, C4<>;
L_0x55ebcda99cc0 .cmp/eq 6, L_0x55ebcda96300, L_0x7efe54aab618;
L_0x55ebcda99a30 .cmp/eq 6, L_0x55ebcda96300, L_0x7efe54aab660;
L_0x55ebcda9a020 .functor MUXZ 1, L_0x7efe54aab6f0, L_0x7efe54aab6a8, L_0x55ebcda99ec0, C4<>;
L_0x55ebcda9a1e0 .cmp/eq 6, L_0x55ebcda96300, L_0x7efe54aab738;
L_0x55ebcda9a2d0 .cmp/eq 6, L_0x55ebcda96300, L_0x7efe54aab780;
L_0x55ebcda9a4f0 .cmp/eq 7, L_0x55ebcda96490, L_0x7efe54aab7c8;
L_0x55ebcda9a750 .functor MUXZ 1, L_0x7efe54aab858, L_0x7efe54aab810, L_0x55ebcda9a5e0, C4<>;
L_0x55ebcda9a8e0 .cmp/eq 6, L_0x55ebcda96300, L_0x7efe54aab8a0;
L_0x55ebcda9a9d0 .cmp/eq 7, L_0x55ebcda96490, L_0x7efe54aab8e8;
L_0x55ebcda9ac10 .part L_0x55ebcda96ef0, 0, 2;
L_0x55ebcda9acb0 .cmp/eq 2, L_0x55ebcda9ac10, L_0x7efe54aab930;
L_0x55ebcda9aac0 .part L_0x55ebcda96ef0, 0, 2;
L_0x55ebcda9af00 .cmp/eq 2, L_0x55ebcda9aac0, L_0x7efe54aab9c0;
L_0x55ebcda9adf0 .functor MUXZ 4, L_0x7efe54aaba50, L_0x7efe54aaba08, L_0x55ebcda9af00, C4<>;
L_0x55ebcda9b1b0 .functor MUXZ 4, L_0x55ebcda9adf0, L_0x7efe54aab978, L_0x55ebcda9acb0, C4<>;
L_0x55ebcda9b380 .functor MUXZ 4, L_0x7efe54aaba98, L_0x55ebcda9b1b0, L_0x55ebcda9a7f0, C4<>;
L_0x55ebcda9b510 .cmp/eq 6, L_0x55ebcda96300, L_0x7efe54aabae0;
L_0x55ebcda9b250 .cmp/eq 7, L_0x55ebcda97890, L_0x7efe54aabb28;
L_0x55ebcda9b8c0 .functor MUXZ 1, L_0x7efe54aabbb8, L_0x7efe54aabb70, L_0x55ebcda9b740, C4<>;
L_0x55ebcda9b6a0 .cmp/eq 6, L_0x55ebcda96300, L_0x7efe54aabc00;
L_0x55ebcda9bb00 .cmp/eq 3, L_0x55ebcda96ef0, L_0x7efe54aabc48;
L_0x55ebcda9bd50 .cmp/eq 6, L_0x55ebcda96300, L_0x7efe54aabc90;
L_0x55ebcda9be40 .cmp/eq 3, L_0x55ebcda96ef0, L_0x7efe54aabcd8;
L_0x55ebcda9c170 .cmp/eq 6, L_0x55ebcda96300, L_0x7efe54aabd20;
L_0x55ebcda9c260 .part L_0x55ebcda96ef0, 1, 1;
L_0x55ebcda9c710 .functor MUXZ 1, L_0x7efe54aabdf8, L_0x7efe54aabdb0, L_0x55ebcda9c560, C4<>;
L_0x55ebcda9c850 .cmp/eq 6, L_0x55ebcda96300, L_0x7efe54aabe40;
L_0x55ebcda9c300 .cmp/eq 3, L_0x55ebcda96ef0, L_0x7efe54aabe88;
L_0x55ebcda9cb70 .cmp/eq 7, L_0x55ebcda97890, L_0x7efe54aabed0;
L_0x55ebcda9c670 .cmp/eq 6, L_0x55ebcda96300, L_0x7efe54aabf18;
L_0x55ebcda9ce60 .cmp/eq 3, L_0x55ebcda96ef0, L_0x7efe54aabf60;
L_0x55ebcda9d100 .cmp/eq 7, L_0x55ebcda97890, L_0x7efe54aabfa8;
L_0x55ebcda9d3c0 .functor MUXZ 1, L_0x7efe54aac038, L_0x7efe54aabff0, L_0x55ebcda9cd70, C4<>;
L_0x55ebcda9d040 .cmp/eq 7, L_0x55ebcda96490, L_0x7efe54aac080;
L_0x55ebcda9d670 .functor MUXZ 1, L_0x7efe54aac110, L_0x7efe54aac0c8, L_0x55ebcda9d040, C4<>;
L_0x55ebcda9d550 .cmp/eq 7, L_0x55ebcda96490, L_0x7efe54aac158;
L_0x55ebcda9d930 .functor MUXZ 1, L_0x7efe54aac1e8, L_0x7efe54aac1a0, L_0x55ebcda9d550, C4<>;
L_0x55ebcda9d840 .cmp/eq 7, L_0x55ebcda96490, L_0x7efe54aac230;
L_0x55ebcda9dc00 .functor MUXZ 1, L_0x7efe54aac2c0, L_0x7efe54aac278, L_0x55ebcda9d840, C4<>;
L_0x55ebcda9dac0 .cmp/eq 7, L_0x55ebcda96490, L_0x7efe54aac308;
L_0x55ebcda9de90 .functor MUXZ 1, L_0x7efe54aac398, L_0x7efe54aac350, L_0x55ebcda9dac0, C4<>;
S_0x55ebcda236a0 .scope module, "i_imm" "imm" 7 120, 10 6 0, S_0x55ebcd7c5260;
 .timescale 0 0;
    .port_info 0 /INPUT 32 "i_inst";
    .port_info 1 /INPUT 6 "i_format";
    .port_info 2 /OUTPUT 32 "o_immediate";
v0x55ebcda1a310_0 .net *"_ivl_11", 0 0, L_0x55ebcda9f5b0;  1 drivers
v0x55ebcda238e0_0 .net *"_ivl_13", 20 0, L_0x55ebcda9f650;  1 drivers
v0x55ebcda239c0_0 .net *"_ivl_15", 5 0, L_0x55ebcda9f740;  1 drivers
v0x55ebcda23a80_0 .net *"_ivl_17", 4 0, L_0x55ebcda9f7e0;  1 drivers
v0x55ebcda23b60_0 .net *"_ivl_21", 0 0, L_0x55ebcda9fa60;  1 drivers
v0x55ebcda23c90_0 .net *"_ivl_23", 19 0, L_0x55ebcda9fb60;  1 drivers
v0x55ebcda23d70_0 .net *"_ivl_25", 0 0, L_0x55ebcda9fc00;  1 drivers
v0x55ebcda23e50_0 .net *"_ivl_27", 5 0, L_0x55ebcda9fd10;  1 drivers
v0x55ebcda23f30_0 .net *"_ivl_29", 3 0, L_0x55ebcda9ffc0;  1 drivers
v0x55ebcda24010_0 .net *"_ivl_3", 0 0, L_0x55ebcda9f240;  1 drivers
L_0x7efe54aac668 .functor BUFT 1, C4<0>, C4<0>, C4<0>, C4<0>;
v0x55ebcda240f0_0 .net/2u *"_ivl_30", 0 0, L_0x7efe54aac668;  1 drivers
v0x55ebcda241d0_0 .net *"_ivl_35", 19 0, L_0x55ebcdaa0270;  1 drivers
L_0x7efe54aac6b0 .functor BUFT 1, C4<000000000000>, C4<0>, C4<0>, C4<0>;
v0x55ebcda242b0_0 .net/2u *"_ivl_36", 11 0, L_0x7efe54aac6b0;  1 drivers
v0x55ebcda24390_0 .net *"_ivl_41", 0 0, L_0x55ebcdaa0490;  1 drivers
v0x55ebcda24470_0 .net *"_ivl_43", 11 0, L_0x55ebcdaa05d0;  1 drivers
v0x55ebcda24550_0 .net *"_ivl_45", 7 0, L_0x55ebcdaa0670;  1 drivers
v0x55ebcda24630_0 .net *"_ivl_47", 0 0, L_0x55ebcdaa0530;  1 drivers
v0x55ebcda24710_0 .net *"_ivl_49", 9 0, L_0x55ebcdaa07c0;  1 drivers
v0x55ebcda247f0_0 .net *"_ivl_5", 20 0, L_0x55ebcda9f2e0;  1 drivers
L_0x7efe54aac6f8 .functor BUFT 1, C4<0>, C4<0>, C4<0>, C4<0>;
v0x55ebcda248d0_0 .net/2u *"_ivl_50", 0 0, L_0x7efe54aac6f8;  1 drivers
v0x55ebcda249b0_0 .net *"_ivl_55", 0 0, L_0x55ebcdaa0ab0;  1 drivers
v0x55ebcda24a90_0 .net *"_ivl_57", 0 0, L_0x55ebcdaa0860;  1 drivers
v0x55ebcda24b70_0 .net *"_ivl_59", 0 0, L_0x55ebcdaa0c20;  1 drivers
v0x55ebcda24c50_0 .net *"_ivl_61", 0 0, L_0x55ebcdaa0b50;  1 drivers
v0x55ebcda24d30_0 .net *"_ivl_63", 0 0, L_0x55ebcdaa0da0;  1 drivers
v0x55ebcda24e10_0 .net *"_ivl_64", 31 0, L_0x55ebcdaa0cc0;  1 drivers
v0x55ebcda24ef0_0 .net *"_ivl_66", 31 0, L_0x55ebcdaa1020;  1 drivers
v0x55ebcda24fd0_0 .net *"_ivl_68", 31 0, L_0x55ebcdaa11c0;  1 drivers
v0x55ebcda250b0_0 .net *"_ivl_7", 10 0, L_0x55ebcda9f3d0;  1 drivers
v0x55ebcda25190_0 .net *"_ivl_70", 31 0, L_0x55ebcdaa1350;  1 drivers
v0x55ebcda25270_0 .net "i_format", 5 0, L_0x55ebcda96300;  alias, 1 drivers
v0x55ebcda25330_0 .net "i_inst", 31 0, v0x55ebcda5a710_0;  alias, 1 drivers
v0x55ebcda253f0_0 .net "imm_b", 31 0, L_0x55ebcdaa00e0;  1 drivers
v0x55ebcda254d0_0 .net "imm_i", 31 0, L_0x55ebcda9f470;  1 drivers
v0x55ebcda255b0_0 .net "imm_j", 31 0, L_0x55ebcdaa0710;  1 drivers
L_0x7efe54aac620 .functor BUFT 1, C4<xxxxxxxxxxxxxxxxxxxxxxxxxxxxxxxx>, C4<0>, C4<0>, C4<0>;
v0x55ebcda25690_0 .net "imm_r", 31 0, L_0x7efe54aac620;  1 drivers
v0x55ebcda25770_0 .net "imm_s", 31 0, L_0x55ebcda9f8d0;  1 drivers
v0x55ebcda25850_0 .net "imm_u", 31 0, L_0x55ebcdaa03a0;  1 drivers
v0x55ebcda25930_0 .net "o_immediate", 31 0, L_0x55ebcdaa1500;  alias, 1 drivers
L_0x55ebcda9f240 .part v0x55ebcda5a710_0, 31, 1;
L_0x55ebcda9f2e0 .repeat 21, 21, L_0x55ebcda9f240;
L_0x55ebcda9f3d0 .part v0x55ebcda5a710_0, 20, 11;
L_0x55ebcda9f470 .concat [ 11 21 0 0], L_0x55ebcda9f3d0, L_0x55ebcda9f2e0;
L_0x55ebcda9f5b0 .part v0x55ebcda5a710_0, 31, 1;
L_0x55ebcda9f650 .repeat 21, 21, L_0x55ebcda9f5b0;
L_0x55ebcda9f740 .part v0x55ebcda5a710_0, 25, 6;
L_0x55ebcda9f7e0 .part v0x55ebcda5a710_0, 7, 5;
L_0x55ebcda9f8d0 .concat [ 5 6 21 0], L_0x55ebcda9f7e0, L_0x55ebcda9f740, L_0x55ebcda9f650;
L_0x55ebcda9fa60 .part v0x55ebcda5a710_0, 31, 1;
L_0x55ebcda9fb60 .repeat 20, 20, L_0x55ebcda9fa60;
L_0x55ebcda9fc00 .part v0x55ebcda5a710_0, 7, 1;
L_0x55ebcda9fd10 .part v0x55ebcda5a710_0, 25, 6;
L_0x55ebcda9ffc0 .part v0x55ebcda5a710_0, 8, 4;
LS_0x55ebcdaa00e0_0_0 .concat [ 1 4 6 1], L_0x7efe54aac668, L_0x55ebcda9ffc0, L_0x55ebcda9fd10, L_0x55ebcda9fc00;
LS_0x55ebcdaa00e0_0_4 .concat [ 20 0 0 0], L_0x55ebcda9fb60;
L_0x55ebcdaa00e0 .concat [ 12 20 0 0], LS_0x55ebcdaa00e0_0_0, LS_0x55ebcdaa00e0_0_4;
L_0x55ebcdaa0270 .part v0x55ebcda5a710_0, 12, 20;
L_0x55ebcdaa03a0 .concat [ 12 20 0 0], L_0x7efe54aac6b0, L_0x55ebcdaa0270;
L_0x55ebcdaa0490 .part v0x55ebcda5a710_0, 31, 1;
L_0x55ebcdaa05d0 .repeat 12, 12, L_0x55ebcdaa0490;
L_0x55ebcdaa0670 .part v0x55ebcda5a710_0, 12, 8;
L_0x55ebcdaa0530 .part v0x55ebcda5a710_0, 20, 1;
L_0x55ebcdaa07c0 .part v0x55ebcda5a710_0, 21, 10;
LS_0x55ebcdaa0710_0_0 .concat [ 1 10 1 8], L_0x7efe54aac6f8, L_0x55ebcdaa07c0, L_0x55ebcdaa0530, L_0x55ebcdaa0670;
LS_0x55ebcdaa0710_0_4 .concat [ 12 0 0 0], L_0x55ebcdaa05d0;
L_0x55ebcdaa0710 .concat [ 20 12 0 0], LS_0x55ebcdaa0710_0_0, LS_0x55ebcdaa0710_0_4;
L_0x55ebcdaa0ab0 .part L_0x55ebcda96300, 0, 1;
L_0x55ebcdaa0860 .part L_0x55ebcda96300, 1, 1;
L_0x55ebcdaa0c20 .part L_0x55ebcda96300, 2, 1;
L_0x55ebcdaa0b50 .part L_0x55ebcda96300, 3, 1;
L_0x55ebcdaa0da0 .part L_0x55ebcda96300, 4, 1;
L_0x55ebcdaa0cc0 .functor MUXZ 32, L_0x55ebcdaa0710, L_0x55ebcdaa03a0, L_0x55ebcdaa0da0, C4<>;
L_0x55ebcdaa1020 .functor MUXZ 32, L_0x55ebcdaa0cc0, L_0x55ebcdaa00e0, L_0x55ebcdaa0b50, C4<>;
L_0x55ebcdaa11c0 .functor MUXZ 32, L_0x55ebcdaa1020, L_0x55ebcda9f8d0, L_0x55ebcdaa0c20, C4<>;
L_0x55ebcdaa1350 .functor MUXZ 32, L_0x55ebcdaa11c0, L_0x55ebcda9f470, L_0x55ebcdaa0860, C4<>;
L_0x55ebcdaa1500 .functor MUXZ 32, L_0x55ebcdaa1350, L_0x7efe54aac620, L_0x55ebcdaa0ab0, C4<>;
S_0x55ebcda25a80 .scope module, "i_rf" "rf" 7 107, 11 8 0, S_0x55ebcd7c5260;
 .timescale 0 0;
    .port_info 0 /INPUT 1 "i_clk";
    .port_info 1 /INPUT 1 "i_rst";
    .port_info 2 /INPUT 5 "i_rs1_raddr";
    .port_info 3 /OUTPUT 32 "o_rs1_rdata";
    .port_info 4 /INPUT 5 "i_rs2_raddr";
    .port_info 5 /OUTPUT 32 "o_rs2_rdata";
    .port_info 6 /INPUT 1 "i_rd_wen";
    .port_info 7 /INPUT 5 "i_rd_waddr";
    .port_info 8 /INPUT 32 "i_rd_wdata";
P_0x55ebcda25c10 .param/l "BYPASS_EN" 0 11 17, +C4<00000000000000000000000000000001>;
L_0x7efe54aac470 .functor BUFT 1, C4<1>, C4<0>, C4<0>, C4<0>;
L_0x55ebcda9e130 .functor AND 1, L_0x7efe54aac470, L_0x55ebcdaa4860, C4<1>, C4<1>;
L_0x55ebcda9e2e0 .functor AND 1, L_0x55ebcda9e130, L_0x55ebcda9e240, C4<1>, C4<1>;
L_0x7efe54aac590 .functor BUFT 1, C4<1>, C4<0>, C4<0>, C4<0>;
L_0x55ebcda9e990 .functor AND 1, L_0x7efe54aac590, L_0x55ebcdaa4860, C4<1>, C4<1>;
L_0x55ebcda9eb40 .functor AND 1, L_0x55ebcda9e990, L_0x55ebcda9ea50, C4<1>, C4<1>;
L_0x7efe54aac3e0 .functor BUFT 1, C4<00000>, C4<0>, C4<0>, C4<0>;
v0x55ebcda25d30_0 .net/2u *"_ivl_0", 4 0, L_0x7efe54aac3e0;  1 drivers
v0x55ebcda25e10_0 .net *"_ivl_10", 0 0, L_0x55ebcda9e240;  1 drivers
v0x55ebcda25ed0_0 .net *"_ivl_13", 0 0, L_0x55ebcda9e2e0;  1 drivers
v0x55ebcda25fa0_0 .net *"_ivl_14", 31 0, L_0x55ebcda9e3f0;  1 drivers
v0x55ebcda26080_0 .net *"_ivl_16", 6 0, L_0x55ebcda9e490;  1 drivers
L_0x7efe54aac4b8 .functor BUFT 1, C4<00>, C4<0>, C4<0>, C4<0>;
v0x55ebcda261b0_0 .net *"_ivl_19", 1 0, L_0x7efe54aac4b8;  1 drivers
v0x55ebcda26290_0 .net *"_ivl_2", 0 0, L_0x55ebcda9dd90;  1 drivers
v0x55ebcda26350_0 .net *"_ivl_20", 31 0, L_0x55ebcda9e5d0;  1 drivers
L_0x7efe54aac500 .functor BUFT 1, C4<00000>, C4<0>, C4<0>, C4<0>;
v0x55ebcda26430_0 .net/2u *"_ivl_24", 4 0, L_0x7efe54aac500;  1 drivers
v0x55ebcda26510_0 .net *"_ivl_26", 0 0, L_0x55ebcda9e8a0;  1 drivers
L_0x7efe54aac548 .functor BUFT 1, C4<00000000000000000000000000000000>, C4<0>, C4<0>, C4<0>;
v0x55ebcda265d0_0 .net/2u *"_ivl_28", 31 0, L_0x7efe54aac548;  1 drivers
v0x55ebcda266b0_0 .net/2u *"_ivl_30", 0 0, L_0x7efe54aac590;  1 drivers
v0x55ebcda26790_0 .net *"_ivl_33", 0 0, L_0x55ebcda9e990;  1 drivers
v0x55ebcda26850_0 .net *"_ivl_34", 0 0, L_0x55ebcda9ea50;  1 drivers
v0x55ebcda26910_0 .net *"_ivl_37", 0 0, L_0x55ebcda9eb40;  1 drivers
v0x55ebcda269d0_0 .net *"_ivl_38", 31 0, L_0x55ebcda9ec50;  1 drivers
L_0x7efe54aac428 .functor BUFT 1, C4<00000000000000000000000000000000>, C4<0>, C4<0>, C4<0>;
v0x55ebcda26ab0_0 .net/2u *"_ivl_4", 31 0, L_0x7efe54aac428;  1 drivers
v0x55ebcda26b90_0 .net *"_ivl_40", 6 0, L_0x55ebcda9ecf0;  1 drivers
L_0x7efe54aac5d8 .functor BUFT 1, C4<00>, C4<0>, C4<0>, C4<0>;
v0x55ebcda26c70_0 .net *"_ivl_43", 1 0, L_0x7efe54aac5d8;  1 drivers
v0x55ebcda26d50_0 .net *"_ivl_44", 31 0, L_0x55ebcda9ef50;  1 drivers
v0x55ebcda26e30_0 .net/2u *"_ivl_6", 0 0, L_0x7efe54aac470;  1 drivers
v0x55ebcda26f10_0 .net *"_ivl_9", 0 0, L_0x55ebcda9e130;  1 drivers
v0x55ebcda26fd0_0 .net "i_clk", 0 0, v0x55ebcda65f10_0;  alias, 1 drivers
v0x55ebcda27070_0 .net "i_rd_waddr", 4 0, v0x55ebcda5b2e0_0;  alias, 1 drivers
v0x55ebcda27130_0 .net "i_rd_wdata", 31 0, L_0x55ebcdab31c0;  alias, 1 drivers
v0x55ebcda271f0_0 .net "i_rd_wen", 0 0, L_0x55ebcdaa4860;  alias, 1 drivers
v0x55ebcda272b0_0 .net "i_rs1_raddr", 4 0, L_0x55ebcda970b0;  alias, 1 drivers
v0x55ebcda27390_0 .net "i_rs2_raddr", 4 0, L_0x55ebcda971e0;  alias, 1 drivers
v0x55ebcda27470_0 .net "i_rst", 0 0, v0x55ebcda67940_0;  alias, 1 drivers
v0x55ebcda27560_0 .net "o_rs1_rdata", 31 0, L_0x55ebcda9e710;  alias, 1 drivers
v0x55ebcda27640_0 .net "o_rs2_rdata", 31 0, L_0x55ebcda9f090;  alias, 1 drivers
v0x55ebcda27720 .array "registers", 31 0, 31 0;
L_0x55ebcda9dd90 .cmp/eq 5, L_0x55ebcda970b0, L_0x7efe54aac3e0;
L_0x55ebcda9e240 .cmp/eq 5, v0x55ebcda5b2e0_0, L_0x55ebcda970b0;
L_0x55ebcda9e3f0 .array/port v0x55ebcda27720, L_0x55ebcda9e490;
L_0x55ebcda9e490 .concat [ 5 2 0 0], L_0x55ebcda970b0, L_0x7efe54aac4b8;
L_0x55ebcda9e5d0 .functor MUXZ 32, L_0x55ebcda9e3f0, L_0x55ebcdab31c0, L_0x55ebcda9e2e0, C4<>;
L_0x55ebcda9e710 .functor MUXZ 32, L_0x55ebcda9e5d0, L_0x7efe54aac428, L_0x55ebcda9dd90, C4<>;
L_0x55ebcda9e8a0 .cmp/eq 5, L_0x55ebcda971e0, L_0x7efe54aac500;
L_0x55ebcda9ea50 .cmp/eq 5, v0x55ebcda5b2e0_0, L_0x55ebcda971e0;
L_0x55ebcda9ec50 .array/port v0x55ebcda27720, L_0x55ebcda9ecf0;
L_0x55ebcda9ecf0 .concat [ 5 2 0 0], L_0x55ebcda971e0, L_0x7efe54aac5d8;
L_0x55ebcda9ef50 .functor MUXZ 32, L_0x55ebcda9ec50, L_0x55ebcdab31c0, L_0x55ebcda9eb40, C4<>;
L_0x55ebcda9f090 .functor MUXZ 32, L_0x55ebcda9ef50, L_0x7efe54aac548, L_0x55ebcda9e8a0, C4<>;
S_0x55ebcda2d5c0 .scope module, "i_execute" "execute" 4 529, 12 1 0, S_0x55ebcd956580;
 .timescale 0 0;
    .port_info 0 /INPUT 1 "alu_src_op";
    .port_info 1 /INPUT 3 "alu_op";
    .port_info 2 /INPUT 32 "rs1_data";
    .port_info 3 /INPUT 32 "rs2_data";
    .port_info 4 /INPUT 32 "immediate";
    .port_info 5 /OUTPUT 32 "alu_result";
    .port_info 6 /INPUT 1 "i_sub";
    .port_info 7 /INPUT 1 "i_unsigned";
    .port_info 8 /INPUT 1 "i_arith";
    .port_info 9 /INPUT 1 "alu_pc_op";
    .port_info 10 /INPUT 32 "PC";
    .port_info 11 /INPUT 1 "lui_op";
v0x55ebcda361b0_0 .net "PC", 31 0, v0x55ebcda58700_0;  1 drivers
L_0x7efe54aacae8 .functor BUFT 1, C4<00000000000000000000000000000000>, C4<0>, C4<0>, C4<0>;
v0x55ebcda362b0_0 .net/2u *"_ivl_0", 31 0, L_0x7efe54aacae8;  1 drivers
v0x55ebcda36390_0 .net *"_ivl_2", 31 0, L_0x55ebcdaa49f0;  1 drivers
v0x55ebcda36450_0 .net "alu_op", 2 0, v0x55ebcda58810_0;  1 drivers
v0x55ebcda36540_0 .net "alu_pc_op", 0 0, v0x55ebcda588b0_0;  1 drivers
v0x55ebcda365e0_0 .net "alu_result", 31 0, L_0x55ebcdaabc80;  alias, 1 drivers
v0x55ebcda366a0_0 .net "alu_src_op", 0 0, v0x55ebcda58980_0;  1 drivers
v0x55ebcda36740_0 .net "i_arith", 0 0, v0x55ebcda58c00_0;  1 drivers
v0x55ebcda36810_0 .net "i_sub", 0 0, v0x55ebcda58cf0_0;  1 drivers
v0x55ebcda368e0_0 .net "i_unsigned", 0 0, v0x55ebcda58de0_0;  1 drivers
v0x55ebcda369b0_0 .net "immediate", 31 0, v0x55ebcda58e80_0;  1 drivers
v0x55ebcda36a50_0 .net "lui_op", 0 0, v0x55ebcda590c0_0;  1 drivers
v0x55ebcda36af0_0 .net "op1_muxed", 31 0, L_0x55ebcdaa4a90;  1 drivers
v0x55ebcda36be0_0 .net "rs1_data", 31 0, L_0x55ebcdabaac0;  alias, 1 drivers
v0x55ebcda36ca0_0 .net "rs2_data", 31 0, L_0x55ebcdabad20;  alias, 1 drivers
v0x55ebcda36d80_0 .net "rs2_data_muxed", 31 0, L_0x55ebcdaa4c20;  1 drivers
L_0x55ebcdaa49f0 .functor MUXZ 32, L_0x55ebcdabaac0, L_0x7efe54aacae8, v0x55ebcda590c0_0, C4<>;
L_0x55ebcdaa4a90 .functor MUXZ 32, L_0x55ebcdaa49f0, v0x55ebcda58700_0, v0x55ebcda588b0_0, C4<>;
L_0x55ebcdaa4c20 .functor MUXZ 32, L_0x55ebcdabad20, v0x55ebcda58e80_0, v0x55ebcda58980_0, C4<>;
S_0x55ebcda2d930 .scope module, "i_alu" "alu" 12 20, 13 8 0, S_0x55ebcda2d5c0;
 .timescale 0 0;
    .port_info 0 /INPUT 3 "i_opsel";
    .port_info 1 /INPUT 1 "i_sub";
    .port_info 2 /INPUT 1 "i_unsigned";
    .port_info 3 /INPUT 1 "i_arith";
    .port_info 4 /INPUT 32 "i_op1";
    .port_info 5 /INPUT 32 "i_op2";
    .port_info 6 /OUTPUT 32 "o_result";
L_0x55ebcdaa9390 .functor AND 1, L_0x55ebcdaa95b0, L_0x55ebcdaa92f0, C4<1>, C4<1>;
L_0x55ebcdaa94a0 .functor XNOR 1, L_0x55ebcdaa95b0, L_0x55ebcdaa9650, C4<0>, C4<0>;
L_0x55ebcdaa96f0 .functor AND 1, L_0x55ebcdaa94a0, L_0x55ebcdaa9920, C4<1>, C4<1>;
L_0x55ebcdaa9800 .functor OR 1, L_0x55ebcdaa9390, L_0x55ebcdaa96f0, C4<0>, C4<0>;
L_0x55ebcdaa9d90 .functor OR 1, L_0x55ebcdaaa100, L_0x55ebcdaa9e00, C4<0>, C4<0>;
L_0x55ebcdaaa650 .functor XOR 32, L_0x55ebcdaa4a90, L_0x55ebcdaa4c20, C4<00000000000000000000000000000000>, C4<00000000000000000000000000000000>;
L_0x55ebcdaaab10 .functor OR 32, L_0x55ebcdaa4a90, L_0x55ebcdaa4c20, C4<00000000000000000000000000000000>, C4<00000000000000000000000000000000>;
L_0x55ebcdaaacc0 .functor AND 32, L_0x55ebcdaa4a90, L_0x55ebcdaa4c20, C4<11111111111111111111111111111111>, C4<11111111111111111111111111111111>;
v0x55ebcda2db30_0 .net *"_ivl_103", 0 0, L_0x55ebcdaa7d00;  1 drivers
L_0x7efe54aacc98 .functor BUFT 1, C4<0>, C4<0>, C4<0>, C4<0>;
v0x55ebcda2dc30_0 .net/2u *"_ivl_104", 0 0, L_0x7efe54aacc98;  1 drivers
v0x55ebcda2dd10_0 .net *"_ivl_107", 30 0, L_0x55ebcdaa7ff0;  1 drivers
v0x55ebcda2de00_0 .net *"_ivl_108", 31 0, L_0x55ebcdaa7e70;  1 drivers
v0x55ebcda2dee0_0 .net *"_ivl_113", 0 0, L_0x55ebcdaa81f0;  1 drivers
L_0x7efe54aacce0 .functor BUFT 1, C4<00>, C4<0>, C4<0>, C4<0>;
v0x55ebcda2e010_0 .net/2u *"_ivl_114", 1 0, L_0x7efe54aacce0;  1 drivers
v0x55ebcda2e0f0_0 .net *"_ivl_117", 29 0, L_0x55ebcdaa8290;  1 drivers
v0x55ebcda2e1d0_0 .net *"_ivl_118", 31 0, L_0x55ebcdaa83d0;  1 drivers
v0x55ebcda2e2b0_0 .net *"_ivl_123", 0 0, L_0x55ebcdaa8610;  1 drivers
L_0x7efe54aacd28 .functor BUFT 1, C4<0000>, C4<0>, C4<0>, C4<0>;
v0x55ebcda2e390_0 .net/2u *"_ivl_124", 3 0, L_0x7efe54aacd28;  1 drivers
v0x55ebcda2e470_0 .net *"_ivl_127", 27 0, L_0x55ebcdaa86b0;  1 drivers
v0x55ebcda2e550_0 .net *"_ivl_128", 31 0, L_0x55ebcdaa8810;  1 drivers
v0x55ebcda2e630_0 .net *"_ivl_13", 0 0, L_0x55ebcdaa5340;  1 drivers
v0x55ebcda2e710_0 .net *"_ivl_133", 0 0, L_0x55ebcdaa8a70;  1 drivers
L_0x7efe54aacd70 .functor BUFT 1, C4<00000000>, C4<0>, C4<0>, C4<0>;
v0x55ebcda2e7f0_0 .net/2u *"_ivl_134", 7 0, L_0x7efe54aacd70;  1 drivers
v0x55ebcda2e8d0_0 .net *"_ivl_137", 23 0, L_0x55ebcdaa8b10;  1 drivers
v0x55ebcda2e9b0_0 .net *"_ivl_138", 31 0, L_0x55ebcdaa8c90;  1 drivers
v0x55ebcda2ea90_0 .net *"_ivl_143", 0 0, L_0x55ebcdaa9160;  1 drivers
L_0x7efe54aacdb8 .functor BUFT 1, C4<0000000000000000>, C4<0>, C4<0>, C4<0>;
v0x55ebcda2eb70_0 .net/2u *"_ivl_144", 15 0, L_0x7efe54aacdb8;  1 drivers
v0x55ebcda2ec50_0 .net *"_ivl_147", 15 0, L_0x55ebcdaa9200;  1 drivers
v0x55ebcda2ed30_0 .net *"_ivl_148", 31 0, L_0x55ebcdaa8ec0;  1 drivers
v0x55ebcda2ee10_0 .net *"_ivl_15", 1 0, L_0x55ebcdaa53e0;  1 drivers
v0x55ebcda2eef0_0 .net *"_ivl_157", 0 0, L_0x55ebcdaa92f0;  1 drivers
v0x55ebcda2efb0_0 .net *"_ivl_159", 0 0, L_0x55ebcdaa9390;  1 drivers
v0x55ebcda2f070_0 .net *"_ivl_160", 0 0, L_0x55ebcdaa94a0;  1 drivers
v0x55ebcda2f130_0 .net *"_ivl_162", 0 0, L_0x55ebcdaa9920;  1 drivers
v0x55ebcda2f1f0_0 .net *"_ivl_165", 0 0, L_0x55ebcdaa96f0;  1 drivers
L_0x7efe54aace00 .functor BUFT 1, C4<000>, C4<0>, C4<0>, C4<0>;
v0x55ebcda2f2b0_0 .net/2u *"_ivl_168", 2 0, L_0x7efe54aace00;  1 drivers
v0x55ebcda2f390_0 .net *"_ivl_17", 29 0, L_0x55ebcdaa54d0;  1 drivers
v0x55ebcda2f470_0 .net *"_ivl_170", 0 0, L_0x55ebcdaa9c00;  1 drivers
v0x55ebcda2f530_0 .net *"_ivl_172", 31 0, L_0x55ebcdaa9cf0;  1 drivers
v0x55ebcda2f610_0 .net *"_ivl_174", 31 0, L_0x55ebcdaa99c0;  1 drivers
v0x55ebcda2f6f0_0 .net *"_ivl_176", 31 0, L_0x55ebcdaa9a60;  1 drivers
L_0x7efe54aace48 .functor BUFT 1, C4<001>, C4<0>, C4<0>, C4<0>;
v0x55ebcda2f7d0_0 .net/2u *"_ivl_178", 2 0, L_0x7efe54aace48;  1 drivers
v0x55ebcda2f8b0_0 .net *"_ivl_18", 31 0, L_0x55ebcdaa55c0;  1 drivers
v0x55ebcda2f990_0 .net *"_ivl_180", 0 0, L_0x55ebcdaaa060;  1 drivers
L_0x7efe54aace90 .functor BUFT 1, C4<010>, C4<0>, C4<0>, C4<0>;
v0x55ebcda2fa50_0 .net/2u *"_ivl_182", 2 0, L_0x7efe54aace90;  1 drivers
v0x55ebcda2fb30_0 .net *"_ivl_184", 0 0, L_0x55ebcdaaa100;  1 drivers
L_0x7efe54aaced8 .functor BUFT 1, C4<011>, C4<0>, C4<0>, C4<0>;
v0x55ebcda2fbf0_0 .net/2u *"_ivl_186", 2 0, L_0x7efe54aaced8;  1 drivers
v0x55ebcda2fcd0_0 .net *"_ivl_188", 0 0, L_0x55ebcdaa9e00;  1 drivers
v0x55ebcda2fd90_0 .net *"_ivl_191", 0 0, L_0x55ebcdaa9d90;  1 drivers
v0x55ebcda2fe50_0 .net *"_ivl_192", 0 0, L_0x55ebcdaa9f90;  1 drivers
L_0x7efe54aacf20 .functor BUFT 1, C4<00000000000000000000000000000001>, C4<0>, C4<0>, C4<0>;
v0x55ebcda2ff10_0 .net/2u *"_ivl_194", 31 0, L_0x7efe54aacf20;  1 drivers
L_0x7efe54aacf68 .functor BUFT 1, C4<00000000000000000000000000000000>, C4<0>, C4<0>, C4<0>;
v0x55ebcda2fff0_0 .net/2u *"_ivl_196", 31 0, L_0x7efe54aacf68;  1 drivers
v0x55ebcda300d0_0 .net *"_ivl_198", 31 0, L_0x55ebcdaaa420;  1 drivers
L_0x7efe54aacfb0 .functor BUFT 1, C4<00000000000000000000000000000001>, C4<0>, C4<0>, C4<0>;
v0x55ebcda301b0_0 .net/2u *"_ivl_200", 31 0, L_0x7efe54aacfb0;  1 drivers
L_0x7efe54aacff8 .functor BUFT 1, C4<00000000000000000000000000000000>, C4<0>, C4<0>, C4<0>;
v0x55ebcda30290_0 .net/2u *"_ivl_202", 31 0, L_0x7efe54aacff8;  1 drivers
v0x55ebcda30370_0 .net *"_ivl_204", 31 0, L_0x55ebcdaaa5b0;  1 drivers
v0x55ebcda30450_0 .net *"_ivl_206", 31 0, L_0x55ebcdaaa290;  1 drivers
L_0x7efe54aad040 .functor BUFT 1, C4<100>, C4<0>, C4<0>, C4<0>;
v0x55ebcda30530_0 .net/2u *"_ivl_208", 2 0, L_0x7efe54aad040;  1 drivers
v0x55ebcda30610_0 .net *"_ivl_210", 0 0, L_0x55ebcdaaa8e0;  1 drivers
v0x55ebcda306d0_0 .net *"_ivl_212", 31 0, L_0x55ebcdaaa650;  1 drivers
L_0x7efe54aad088 .functor BUFT 1, C4<101>, C4<0>, C4<0>, C4<0>;
v0x55ebcda307b0_0 .net/2u *"_ivl_214", 2 0, L_0x7efe54aad088;  1 drivers
v0x55ebcda30890_0 .net *"_ivl_216", 0 0, L_0x55ebcdaaa6c0;  1 drivers
v0x55ebcda30950_0 .net *"_ivl_218", 31 0, L_0x55ebcdaaac20;  1 drivers
L_0x7efe54aad0d0 .functor BUFT 1, C4<110>, C4<0>, C4<0>, C4<0>;
v0x55ebcda30a30_0 .net/2u *"_ivl_220", 2 0, L_0x7efe54aad0d0;  1 drivers
v0x55ebcda30b10_0 .net *"_ivl_222", 0 0, L_0x55ebcdaaaa20;  1 drivers
v0x55ebcda30bd0_0 .net *"_ivl_224", 31 0, L_0x55ebcdaaab10;  1 drivers
L_0x7efe54aad118 .functor BUFT 1, C4<111>, C4<0>, C4<0>, C4<0>;
v0x55ebcda30cb0_0 .net/2u *"_ivl_226", 2 0, L_0x7efe54aad118;  1 drivers
v0x55ebcda30d90_0 .net *"_ivl_228", 0 0, L_0x55ebcdaaab80;  1 drivers
v0x55ebcda30e50_0 .net *"_ivl_23", 0 0, L_0x55ebcdaa5850;  1 drivers
v0x55ebcda30f30_0 .net *"_ivl_230", 31 0, L_0x55ebcdaaacc0;  1 drivers
L_0x7efe54aad160 .functor BUFT 1, C4<00000000000000000000000000000000>, C4<0>, C4<0>, C4<0>;
v0x55ebcda31010_0 .net/2u *"_ivl_232", 31 0, L_0x7efe54aad160;  1 drivers
v0x55ebcda310f0_0 .net *"_ivl_234", 31 0, L_0x55ebcdaaad80;  1 drivers
v0x55ebcda311d0_0 .net *"_ivl_236", 31 0, L_0x55ebcdaab490;  1 drivers
v0x55ebcda316c0_0 .net *"_ivl_238", 31 0, L_0x55ebcdaab270;  1 drivers
v0x55ebcda317a0_0 .net *"_ivl_240", 31 0, L_0x55ebcdaab800;  1 drivers
v0x55ebcda31880_0 .net *"_ivl_242", 31 0, L_0x55ebcdaab5d0;  1 drivers
v0x55ebcda31960_0 .net *"_ivl_244", 31 0, L_0x55ebcdaab760;  1 drivers
v0x55ebcda31a40_0 .net *"_ivl_248", 0 0, L_0x55ebcdaabe10;  1 drivers
v0x55ebcda31b00_0 .net *"_ivl_25", 3 0, L_0x55ebcdaa59f0;  1 drivers
L_0x7efe54aad1a8 .functor BUFT 1, C4<1>, C4<0>, C4<0>, C4<0>;
v0x55ebcda31be0_0 .net/2u *"_ivl_250", 0 0, L_0x7efe54aad1a8;  1 drivers
L_0x7efe54aad1f0 .functor BUFT 1, C4<0>, C4<0>, C4<0>, C4<0>;
v0x55ebcda31cc0_0 .net/2u *"_ivl_252", 0 0, L_0x7efe54aad1f0;  1 drivers
v0x55ebcda31da0_0 .net *"_ivl_256", 0 0, L_0x55ebcdaaba30;  1 drivers
L_0x7efe54aad238 .functor BUFT 1, C4<1>, C4<0>, C4<0>, C4<0>;
v0x55ebcda31e60_0 .net/2u *"_ivl_258", 0 0, L_0x7efe54aad238;  1 drivers
L_0x7efe54aad280 .functor BUFT 1, C4<0>, C4<0>, C4<0>, C4<0>;
v0x55ebcda31f40_0 .net/2u *"_ivl_260", 0 0, L_0x7efe54aad280;  1 drivers
v0x55ebcda32020_0 .net *"_ivl_262", 0 0, L_0x55ebcdaabad0;  1 drivers
L_0x7efe54aad2c8 .functor BUFT 1, C4<1>, C4<0>, C4<0>, C4<0>;
v0x55ebcda32100_0 .net/2u *"_ivl_264", 0 0, L_0x7efe54aad2c8;  1 drivers
L_0x7efe54aad310 .functor BUFT 1, C4<0>, C4<0>, C4<0>, C4<0>;
v0x55ebcda321e0_0 .net/2u *"_ivl_266", 0 0, L_0x7efe54aad310;  1 drivers
v0x55ebcda322c0_0 .net *"_ivl_268", 0 0, L_0x55ebcdaac2b0;  1 drivers
v0x55ebcda323a0_0 .net *"_ivl_27", 27 0, L_0x55ebcdaa5b20;  1 drivers
v0x55ebcda32480_0 .net *"_ivl_28", 31 0, L_0x55ebcdaa5c40;  1 drivers
v0x55ebcda32560_0 .net *"_ivl_33", 0 0, L_0x55ebcdaa5e10;  1 drivers
v0x55ebcda32640_0 .net *"_ivl_35", 7 0, L_0x55ebcdaa5eb0;  1 drivers
v0x55ebcda32720_0 .net *"_ivl_37", 23 0, L_0x55ebcdaa5ff0;  1 drivers
v0x55ebcda32800_0 .net *"_ivl_38", 31 0, L_0x55ebcdaa6090;  1 drivers
v0x55ebcda328e0_0 .net *"_ivl_43", 0 0, L_0x55ebcdaa6320;  1 drivers
v0x55ebcda329c0_0 .net *"_ivl_45", 15 0, L_0x55ebcdaa61d0;  1 drivers
v0x55ebcda32aa0_0 .net *"_ivl_47", 15 0, L_0x55ebcdaa6480;  1 drivers
v0x55ebcda32b80_0 .net *"_ivl_48", 31 0, L_0x55ebcdaa63c0;  1 drivers
v0x55ebcda32c60_0 .net *"_ivl_5", 0 0, L_0x55ebcdaa4ef0;  1 drivers
v0x55ebcda32d40_0 .net *"_ivl_53", 0 0, L_0x55ebcdaa6860;  1 drivers
v0x55ebcda32e20_0 .net *"_ivl_55", 30 0, L_0x55ebcdaa6900;  1 drivers
L_0x7efe54aacb30 .functor BUFT 1, C4<0>, C4<0>, C4<0>, C4<0>;
v0x55ebcda32f00_0 .net/2u *"_ivl_56", 0 0, L_0x7efe54aacb30;  1 drivers
v0x55ebcda32fe0_0 .net *"_ivl_58", 31 0, L_0x55ebcdaa6780;  1 drivers
v0x55ebcda330c0_0 .net *"_ivl_63", 0 0, L_0x55ebcdaa6cd0;  1 drivers
v0x55ebcda331a0_0 .net *"_ivl_65", 29 0, L_0x55ebcdaa6e80;  1 drivers
L_0x7efe54aacb78 .functor BUFT 1, C4<00>, C4<0>, C4<0>, C4<0>;
v0x55ebcda33280_0 .net/2u *"_ivl_66", 1 0, L_0x7efe54aacb78;  1 drivers
v0x55ebcda33360_0 .net *"_ivl_68", 31 0, L_0x55ebcdaa6bd0;  1 drivers
v0x55ebcda33440_0 .net *"_ivl_7", 30 0, L_0x55ebcdaa4fe0;  1 drivers
v0x55ebcda33520_0 .net *"_ivl_73", 0 0, L_0x55ebcdaa7240;  1 drivers
v0x55ebcda33600_0 .net *"_ivl_75", 27 0, L_0x55ebcdaa72e0;  1 drivers
L_0x7efe54aacbc0 .functor BUFT 1, C4<0000>, C4<0>, C4<0>, C4<0>;
v0x55ebcda336e0_0 .net/2u *"_ivl_76", 3 0, L_0x7efe54aacbc0;  1 drivers
v0x55ebcda337c0_0 .net *"_ivl_78", 31 0, L_0x55ebcdaa7120;  1 drivers
v0x55ebcda338a0_0 .net *"_ivl_8", 31 0, L_0x55ebcdaa5110;  1 drivers
v0x55ebcda33980_0 .net *"_ivl_83", 0 0, L_0x55ebcdaa76e0;  1 drivers
v0x55ebcda33a60_0 .net *"_ivl_85", 23 0, L_0x55ebcdaa7780;  1 drivers
L_0x7efe54aacc08 .functor BUFT 1, C4<00000000>, C4<0>, C4<0>, C4<0>;
v0x55ebcda33b40_0 .net/2u *"_ivl_86", 7 0, L_0x7efe54aacc08;  1 drivers
v0x55ebcda33c20_0 .net *"_ivl_88", 31 0, L_0x55ebcdaa75a0;  1 drivers
v0x55ebcda33d00_0 .net *"_ivl_93", 0 0, L_0x55ebcdaa78c0;  1 drivers
v0x55ebcda33de0_0 .net *"_ivl_95", 15 0, L_0x55ebcdaa7b70;  1 drivers
L_0x7efe54aacc50 .functor BUFT 1, C4<0000000000000000>, C4<0>, C4<0>, C4<0>;
v0x55ebcda33ec0_0 .net/2u *"_ivl_96", 15 0, L_0x7efe54aacc50;  1 drivers
v0x55ebcda33fa0_0 .net *"_ivl_98", 31 0, L_0x55ebcdaa7a10;  1 drivers
v0x55ebcda34080_0 .net "i_arith", 0 0, v0x55ebcda58c00_0;  alias, 1 drivers
v0x55ebcda34140_0 .net "i_op1", 31 0, L_0x55ebcdaa4a90;  alias, 1 drivers
v0x55ebcda34220_0 .net "i_op2", 31 0, L_0x55ebcdaa4c20;  alias, 1 drivers
v0x55ebcda34300_0 .net "i_opsel", 2 0, v0x55ebcda58810_0;  alias, 1 drivers
v0x55ebcda343e0_0 .net "i_sub", 0 0, v0x55ebcda58cf0_0;  alias, 1 drivers
v0x55ebcda344a0_0 .net "i_unsigned", 0 0, v0x55ebcda58de0_0;  alias, 1 drivers
v0x55ebcda34560_0 .net "msb", 0 0, L_0x55ebcdaa4db0;  1 drivers
v0x55ebcda34620_0 .net "o_eq", 0 0, L_0x55ebcdaab8a0;  1 drivers
v0x55ebcda346e0_0 .net "o_result", 31 0, L_0x55ebcdaabc80;  alias, 1 drivers
v0x55ebcda347c0_0 .net "o_slt", 0 0, L_0x55ebcdaabf50;  1 drivers
v0x55ebcda34880_0 .net "op1_neg", 0 0, L_0x55ebcdaa95b0;  1 drivers
v0x55ebcda34940_0 .net "op2_neg", 0 0, L_0x55ebcdaa9650;  1 drivers
v0x55ebcda34a00_0 .net "shamt", 4 0, L_0x55ebcdaa4e50;  1 drivers
v0x55ebcda34ae0_0 .net "signed_lt", 0 0, L_0x55ebcdaa9800;  1 drivers
v0x55ebcda34ba0_0 .net "sll1", 31 0, L_0x55ebcdaa6b30;  1 drivers
v0x55ebcda34c80_0 .net "sll16", 31 0, L_0x55ebcdaa7dd0;  1 drivers
v0x55ebcda35570_0 .net "sll2", 31 0, L_0x55ebcdaa7080;  1 drivers
v0x55ebcda35650_0 .net "sll4", 31 0, L_0x55ebcdaa7500;  1 drivers
v0x55ebcda35730_0 .net "sll8", 31 0, L_0x55ebcdaa7970;  1 drivers
v0x55ebcda35810_0 .net "sra1", 31 0, L_0x55ebcdaa5200;  1 drivers
v0x55ebcda358f0_0 .net "sra16", 31 0, L_0x55ebcdaa66e0;  1 drivers
v0x55ebcda359d0_0 .net "sra2", 31 0, L_0x55ebcdaa5760;  1 drivers
v0x55ebcda35ab0_0 .net "sra4", 31 0, L_0x55ebcdaa5ce0;  1 drivers
v0x55ebcda35b90_0 .net "sra8", 31 0, L_0x55ebcdaa5f50;  1 drivers
v0x55ebcda35c70_0 .net "srl1", 31 0, L_0x55ebcdaa8330;  1 drivers
v0x55ebcda35d50_0 .net "srl16", 31 0, L_0x55ebcdaa9000;  1 drivers
v0x55ebcda35e30_0 .net "srl2", 31 0, L_0x55ebcdaa8770;  1 drivers
v0x55ebcda35f10_0 .net "srl4", 31 0, L_0x55ebcdaa8bf0;  1 drivers
v0x55ebcda35ff0_0 .net "srl8", 31 0, L_0x55ebcdaa8dd0;  1 drivers
L_0x55ebcdaa4db0 .part L_0x55ebcdaa4a90, 31, 1;
L_0x55ebcdaa4e50 .part L_0x55ebcdaa4c20, 0, 5;
L_0x55ebcdaa4ef0 .part L_0x55ebcdaa4e50, 0, 1;
L_0x55ebcdaa4fe0 .part L_0x55ebcdaa4a90, 1, 31;
L_0x55ebcdaa5110 .concat [ 31 1 0 0], L_0x55ebcdaa4fe0, L_0x55ebcdaa4db0;
L_0x55ebcdaa5200 .functor MUXZ 32, L_0x55ebcdaa4a90, L_0x55ebcdaa5110, L_0x55ebcdaa4ef0, C4<>;
L_0x55ebcdaa5340 .part L_0x55ebcdaa4e50, 1, 1;
L_0x55ebcdaa53e0 .repeat 2, 2, L_0x55ebcdaa4db0;
L_0x55ebcdaa54d0 .part L_0x55ebcdaa5200, 2, 30;
L_0x55ebcdaa55c0 .concat [ 30 2 0 0], L_0x55ebcdaa54d0, L_0x55ebcdaa53e0;
L_0x55ebcdaa5760 .functor MUXZ 32, L_0x55ebcdaa5200, L_0x55ebcdaa55c0, L_0x55ebcdaa5340, C4<>;
L_0x55ebcdaa5850 .part L_0x55ebcdaa4e50, 2, 1;
L_0x55ebcdaa59f0 .repeat 4, 4, L_0x55ebcdaa4db0;
L_0x55ebcdaa5b20 .part L_0x55ebcdaa5760, 4, 28;
L_0x55ebcdaa5c40 .concat [ 28 4 0 0], L_0x55ebcdaa5b20, L_0x55ebcdaa59f0;
L_0x55ebcdaa5ce0 .functor MUXZ 32, L_0x55ebcdaa5760, L_0x55ebcdaa5c40, L_0x55ebcdaa5850, C4<>;
L_0x55ebcdaa5e10 .part L_0x55ebcdaa4e50, 3, 1;
L_0x55ebcdaa5eb0 .repeat 8, 8, L_0x55ebcdaa4db0;
L_0x55ebcdaa5ff0 .part L_0x55ebcdaa5ce0, 8, 24;
L_0x55ebcdaa6090 .concat [ 24 8 0 0], L_0x55ebcdaa5ff0, L_0x55ebcdaa5eb0;
L_0x55ebcdaa5f50 .functor MUXZ 32, L_0x55ebcdaa5ce0, L_0x55ebcdaa6090, L_0x55ebcdaa5e10, C4<>;
L_0x55ebcdaa6320 .part L_0x55ebcdaa4e50, 4, 1;
L_0x55ebcdaa61d0 .repeat 16, 16, L_0x55ebcdaa4db0;
L_0x55ebcdaa6480 .part L_0x55ebcdaa5f50, 16, 16;
L_0x55ebcdaa63c0 .concat [ 16 16 0 0], L_0x55ebcdaa6480, L_0x55ebcdaa61d0;
L_0x55ebcdaa66e0 .functor MUXZ 32, L_0x55ebcdaa5f50, L_0x55ebcdaa63c0, L_0x55ebcdaa6320, C4<>;
L_0x55ebcdaa6860 .part L_0x55ebcdaa4e50, 0, 1;
L_0x55ebcdaa6900 .part L_0x55ebcdaa4a90, 0, 31;
L_0x55ebcdaa6780 .concat [ 1 31 0 0], L_0x7efe54aacb30, L_0x55ebcdaa6900;
L_0x55ebcdaa6b30 .functor MUXZ 32, L_0x55ebcdaa4a90, L_0x55ebcdaa6780, L_0x55ebcdaa6860, C4<>;
L_0x55ebcdaa6cd0 .part L_0x55ebcdaa4e50, 1, 1;
L_0x55ebcdaa6e80 .part L_0x55ebcdaa6b30, 0, 30;
L_0x55ebcdaa6bd0 .concat [ 2 30 0 0], L_0x7efe54aacb78, L_0x55ebcdaa6e80;
L_0x55ebcdaa7080 .functor MUXZ 32, L_0x55ebcdaa6b30, L_0x55ebcdaa6bd0, L_0x55ebcdaa6cd0, C4<>;
L_0x55ebcdaa7240 .part L_0x55ebcdaa4e50, 2, 1;
L_0x55ebcdaa72e0 .part L_0x55ebcdaa7080, 0, 28;
L_0x55ebcdaa7120 .concat [ 4 28 0 0], L_0x7efe54aacbc0, L_0x55ebcdaa72e0;
L_0x55ebcdaa7500 .functor MUXZ 32, L_0x55ebcdaa7080, L_0x55ebcdaa7120, L_0x55ebcdaa7240, C4<>;
L_0x55ebcdaa76e0 .part L_0x55ebcdaa4e50, 3, 1;
L_0x55ebcdaa7780 .part L_0x55ebcdaa7500, 0, 24;
L_0x55ebcdaa75a0 .concat [ 8 24 0 0], L_0x7efe54aacc08, L_0x55ebcdaa7780;
L_0x55ebcdaa7970 .functor MUXZ 32, L_0x55ebcdaa7500, L_0x55ebcdaa75a0, L_0x55ebcdaa76e0, C4<>;
L_0x55ebcdaa78c0 .part L_0x55ebcdaa4e50, 4, 1;
L_0x55ebcdaa7b70 .part L_0x55ebcdaa7970, 0, 16;
L_0x55ebcdaa7a10 .concat [ 16 16 0 0], L_0x7efe54aacc50, L_0x55ebcdaa7b70;
L_0x55ebcdaa7dd0 .functor MUXZ 32, L_0x55ebcdaa7970, L_0x55ebcdaa7a10, L_0x55ebcdaa78c0, C4<>;
L_0x55ebcdaa7d00 .part L_0x55ebcdaa4e50, 0, 1;
L_0x55ebcdaa7ff0 .part L_0x55ebcdaa4a90, 1, 31;
L_0x55ebcdaa7e70 .concat [ 31 1 0 0], L_0x55ebcdaa7ff0, L_0x7efe54aacc98;
L_0x55ebcdaa8330 .functor MUXZ 32, L_0x55ebcdaa4a90, L_0x55ebcdaa7e70, L_0x55ebcdaa7d00, C4<>;
L_0x55ebcdaa81f0 .part L_0x55ebcdaa4e50, 1, 1;
L_0x55ebcdaa8290 .part L_0x55ebcdaa8330, 2, 30;
L_0x55ebcdaa83d0 .concat [ 30 2 0 0], L_0x55ebcdaa8290, L_0x7efe54aacce0;
L_0x55ebcdaa8770 .functor MUXZ 32, L_0x55ebcdaa8330, L_0x55ebcdaa83d0, L_0x55ebcdaa81f0, C4<>;
L_0x55ebcdaa8610 .part L_0x55ebcdaa4e50, 2, 1;
L_0x55ebcdaa86b0 .part L_0x55ebcdaa8770, 4, 28;
L_0x55ebcdaa8810 .concat [ 28 4 0 0], L_0x55ebcdaa86b0, L_0x7efe54aacd28;
L_0x55ebcdaa8bf0 .functor MUXZ 32, L_0x55ebcdaa8770, L_0x55ebcdaa8810, L_0x55ebcdaa8610, C4<>;
L_0x55ebcdaa8a70 .part L_0x55ebcdaa4e50, 3, 1;
L_0x55ebcdaa8b10 .part L_0x55ebcdaa8bf0, 8, 24;
L_0x55ebcdaa8c90 .concat [ 24 8 0 0], L_0x55ebcdaa8b10, L_0x7efe54aacd70;
L_0x55ebcdaa8dd0 .functor MUXZ 32, L_0x55ebcdaa8bf0, L_0x55ebcdaa8c90, L_0x55ebcdaa8a70, C4<>;
L_0x55ebcdaa9160 .part L_0x55ebcdaa4e50, 4, 1;
L_0x55ebcdaa9200 .part L_0x55ebcdaa8dd0, 16, 16;
L_0x55ebcdaa8ec0 .concat [ 16 16 0 0], L_0x55ebcdaa9200, L_0x7efe54aacdb8;
L_0x55ebcdaa9000 .functor MUXZ 32, L_0x55ebcdaa8dd0, L_0x55ebcdaa8ec0, L_0x55ebcdaa9160, C4<>;
L_0x55ebcdaa95b0 .part L_0x55ebcdaa4a90, 31, 1;
L_0x55ebcdaa9650 .part L_0x55ebcdaa4c20, 31, 1;
L_0x55ebcdaa92f0 .reduce/nor L_0x55ebcdaa9650;
L_0x55ebcdaa9920 .cmp/gt 32, L_0x55ebcdaa4c20, L_0x55ebcdaa4a90;
L_0x55ebcdaa9c00 .cmp/eq 3, v0x55ebcda58810_0, L_0x7efe54aace00;
L_0x55ebcdaa9cf0 .arith/sub 32, L_0x55ebcdaa4a90, L_0x55ebcdaa4c20;
L_0x55ebcdaa99c0 .arith/sum 32, L_0x55ebcdaa4a90, L_0x55ebcdaa4c20;
L_0x55ebcdaa9a60 .functor MUXZ 32, L_0x55ebcdaa99c0, L_0x55ebcdaa9cf0, v0x55ebcda58cf0_0, C4<>;
L_0x55ebcdaaa060 .cmp/eq 3, v0x55ebcda58810_0, L_0x7efe54aace48;
L_0x55ebcdaaa100 .cmp/eq 3, v0x55ebcda58810_0, L_0x7efe54aace90;
L_0x55ebcdaa9e00 .cmp/eq 3, v0x55ebcda58810_0, L_0x7efe54aaced8;
L_0x55ebcdaa9f90 .cmp/gt 32, L_0x55ebcdaa4c20, L_0x55ebcdaa4a90;
L_0x55ebcdaaa420 .functor MUXZ 32, L_0x7efe54aacf68, L_0x7efe54aacf20, L_0x55ebcdaa9f90, C4<>;
L_0x55ebcdaaa5b0 .functor MUXZ 32, L_0x7efe54aacff8, L_0x7efe54aacfb0, L_0x55ebcdaa9800, C4<>;
L_0x55ebcdaaa290 .functor MUXZ 32, L_0x55ebcdaaa5b0, L_0x55ebcdaaa420, v0x55ebcda58de0_0, C4<>;
L_0x55ebcdaaa8e0 .cmp/eq 3, v0x55ebcda58810_0, L_0x7efe54aad040;
L_0x55ebcdaaa6c0 .cmp/eq 3, v0x55ebcda58810_0, L_0x7efe54aad088;
L_0x55ebcdaaac20 .functor MUXZ 32, L_0x55ebcdaa9000, L_0x55ebcdaa66e0, v0x55ebcda58c00_0, C4<>;
L_0x55ebcdaaaa20 .cmp/eq 3, v0x55ebcda58810_0, L_0x7efe54aad0d0;
L_0x55ebcdaaab80 .cmp/eq 3, v0x55ebcda58810_0, L_0x7efe54aad118;
L_0x55ebcdaaad80 .functor MUXZ 32, L_0x7efe54aad160, L_0x55ebcdaaacc0, L_0x55ebcdaaab80, C4<>;
L_0x55ebcdaab490 .functor MUXZ 32, L_0x55ebcdaaad80, L_0x55ebcdaaab10, L_0x55ebcdaaaa20, C4<>;
L_0x55ebcdaab270 .functor MUXZ 32, L_0x55ebcdaab490, L_0x55ebcdaaac20, L_0x55ebcdaaa6c0, C4<>;
L_0x55ebcdaab800 .functor MUXZ 32, L_0x55ebcdaab270, L_0x55ebcdaaa650, L_0x55ebcdaaa8e0, C4<>;
L_0x55ebcdaab5d0 .functor MUXZ 32, L_0x55ebcdaab800, L_0x55ebcdaaa290, L_0x55ebcdaa9d90, C4<>;
L_0x55ebcdaab760 .functor MUXZ 32, L_0x55ebcdaab5d0, L_0x55ebcdaa7dd0, L_0x55ebcdaaa060, C4<>;
L_0x55ebcdaabc80 .functor MUXZ 32, L_0x55ebcdaab760, L_0x55ebcdaa9a60, L_0x55ebcdaa9c00, C4<>;
L_0x55ebcdaabe10 .cmp/eq 32, L_0x55ebcdaa4a90, L_0x55ebcdaa4c20;
L_0x55ebcdaab8a0 .functor MUXZ 1, L_0x7efe54aad1f0, L_0x7efe54aad1a8, L_0x55ebcdaabe10, C4<>;
L_0x55ebcdaaba30 .cmp/gt 32, L_0x55ebcdaa4c20, L_0x55ebcdaa4a90;
L_0x55ebcdaabad0 .functor MUXZ 1, L_0x7efe54aad280, L_0x7efe54aad238, L_0x55ebcdaaba30, C4<>;
L_0x55ebcdaac2b0 .functor MUXZ 1, L_0x7efe54aad310, L_0x7efe54aad2c8, L_0x55ebcdaa9800, C4<>;
L_0x55ebcdaabf50 .functor MUXZ 1, L_0x55ebcdaac2b0, L_0x55ebcdaabad0, v0x55ebcda58de0_0, C4<>;
S_0x55ebcda36fd0 .scope module, "i_fetch" "fetch" 4 301, 14 1 0, S_0x55ebcd956580;
 .timescale 0 0;
    .port_info 0 /INPUT 1 "i_clk";
    .port_info 1 /INPUT 1 "i_rst";
    .port_info 2 /INPUT 1 "i_stall";
    .port_info 3 /INPUT 32 "address_in";
    .port_info 4 /OUTPUT 32 "o_mem_raddr";
P_0x55ebcda371b0 .param/l "RESET_ADDR" 0 14 2, C4<00000000000000000000000000000000>;
v0x55ebcda37330_0 .var "PC", 31 0;
v0x55ebcda37430_0 .net "address_in", 31 0, L_0x55ebcda94aa0;  alias, 1 drivers
v0x55ebcda37510_0 .net "i_clk", 0 0, v0x55ebcda65f10_0;  alias, 1 drivers
v0x55ebcda375e0_0 .net "i_rst", 0 0, v0x55ebcda67940_0;  alias, 1 drivers
v0x55ebcda37680_0 .net "i_stall", 0 0, L_0x55ebcda94290;  alias, 1 drivers
v0x55ebcda37720_0 .net "o_mem_raddr", 31 0, v0x55ebcda37330_0;  alias, 1 drivers
S_0x55ebcda378a0 .scope module, "i_forwardingUnit" "forwardingUnit" 4 818, 15 1 0, S_0x55ebcd956580;
 .timescale 0 0;
    .port_info 0 /OUTPUT 32 "rs1_forwarded_data";
    .port_info 1 /OUTPUT 32 "rs2_forwarded_data";
    .port_info 2 /INPUT 32 "DE_rs1_data";
    .port_info 3 /INPUT 32 "DE_rs2_data";
    .port_info 4 /INPUT 5 "rs1_addr";
    .port_info 5 /INPUT 5 "rs2_addr";
    .port_info 6 /INPUT 5 "ex_dest_addr";
    .port_info 7 /INPUT 5 "mem_dest_addr";
    .port_info 8 /INPUT 1 "ex_reg_write";
    .port_info 9 /INPUT 1 "mem_reg_write";
    .port_info 10 /INPUT 32 "ex_data";
    .port_info 11 /INPUT 32 "mem_data";
L_0x55ebcdab96b0 .functor AND 1, v0x55ebcda5a180_0, L_0x55ebcdab9570, C4<1>, C4<1>;
L_0x55ebcdab9810 .functor AND 1, L_0x55ebcdab96b0, L_0x55ebcdab9770, C4<1>, C4<1>;
L_0x55ebcdab9b50 .functor AND 1, v0x55ebcda5a180_0, L_0x55ebcdab9a10, C4<1>, C4<1>;
L_0x55ebcdab9cb0 .functor AND 1, L_0x55ebcdab9b50, L_0x55ebcdab9c10, C4<1>, C4<1>;
L_0x55ebcdaba040 .functor AND 1, v0x55ebcda5b380_0, L_0x55ebcdab9eb0, C4<1>, C4<1>;
L_0x55ebcdaba1f0 .functor AND 1, L_0x55ebcdaba040, L_0x55ebcdaba100, C4<1>, C4<1>;
L_0x55ebcdaba540 .functor AND 1, v0x55ebcda5b380_0, L_0x55ebcdaba400, C4<1>, C4<1>;
L_0x55ebcdaba870 .functor AND 1, L_0x55ebcdaba540, L_0x55ebcdaba710, C4<1>, C4<1>;
v0x55ebcda37bc0_0 .net "DE_rs1_data", 31 0, v0x55ebcda59650_0;  1 drivers
v0x55ebcda37cc0_0 .net "DE_rs2_data", 31 0, v0x55ebcda59740_0;  1 drivers
v0x55ebcda37da0_0 .net *"_ivl_0", 31 0, L_0x55ebcdab9480;  1 drivers
v0x55ebcda37e60_0 .net *"_ivl_10", 0 0, L_0x55ebcdab9770;  1 drivers
v0x55ebcda37f20_0 .net *"_ivl_14", 31 0, L_0x55ebcdab9920;  1 drivers
L_0x7efe54aaea20 .functor BUFT 1, C4<000000000000000000000000000>, C4<0>, C4<0>, C4<0>;
v0x55ebcda38050_0 .net *"_ivl_17", 26 0, L_0x7efe54aaea20;  1 drivers
L_0x7efe54aaea68 .functor BUFT 1, C4<00000000000000000000000000000000>, C4<0>, C4<0>, C4<0>;
v0x55ebcda38130_0 .net/2u *"_ivl_18", 31 0, L_0x7efe54aaea68;  1 drivers
v0x55ebcda38210_0 .net *"_ivl_20", 0 0, L_0x55ebcdab9a10;  1 drivers
v0x55ebcda382d0_0 .net *"_ivl_23", 0 0, L_0x55ebcdab9b50;  1 drivers
v0x55ebcda38390_0 .net *"_ivl_24", 0 0, L_0x55ebcdab9c10;  1 drivers
v0x55ebcda38450_0 .net *"_ivl_28", 31 0, L_0x55ebcdab9dc0;  1 drivers
L_0x7efe54aae990 .functor BUFT 1, C4<000000000000000000000000000>, C4<0>, C4<0>, C4<0>;
v0x55ebcda38530_0 .net *"_ivl_3", 26 0, L_0x7efe54aae990;  1 drivers
L_0x7efe54aaeab0 .functor BUFT 1, C4<000000000000000000000000000>, C4<0>, C4<0>, C4<0>;
v0x55ebcda38610_0 .net *"_ivl_31", 26 0, L_0x7efe54aaeab0;  1 drivers
L_0x7efe54aaeaf8 .functor BUFT 1, C4<00000000000000000000000000000000>, C4<0>, C4<0>, C4<0>;
v0x55ebcda386f0_0 .net/2u *"_ivl_32", 31 0, L_0x7efe54aaeaf8;  1 drivers
v0x55ebcda387d0_0 .net *"_ivl_34", 0 0, L_0x55ebcdab9eb0;  1 drivers
v0x55ebcda38890_0 .net *"_ivl_37", 0 0, L_0x55ebcdaba040;  1 drivers
v0x55ebcda38950_0 .net *"_ivl_38", 0 0, L_0x55ebcdaba100;  1 drivers
L_0x7efe54aae9d8 .functor BUFT 1, C4<00000000000000000000000000000000>, C4<0>, C4<0>, C4<0>;
v0x55ebcda38a10_0 .net/2u *"_ivl_4", 31 0, L_0x7efe54aae9d8;  1 drivers
v0x55ebcda38af0_0 .net *"_ivl_42", 31 0, L_0x55ebcdaba300;  1 drivers
L_0x7efe54aaeb40 .functor BUFT 1, C4<000000000000000000000000000>, C4<0>, C4<0>, C4<0>;
v0x55ebcda38bd0_0 .net *"_ivl_45", 26 0, L_0x7efe54aaeb40;  1 drivers
L_0x7efe54aaeb88 .functor BUFT 1, C4<00000000000000000000000000000000>, C4<0>, C4<0>, C4<0>;
v0x55ebcda38cb0_0 .net/2u *"_ivl_46", 31 0, L_0x7efe54aaeb88;  1 drivers
v0x55ebcda38d90_0 .net *"_ivl_48", 0 0, L_0x55ebcdaba400;  1 drivers
v0x55ebcda38e50_0 .net *"_ivl_51", 0 0, L_0x55ebcdaba540;  1 drivers
v0x55ebcda38f10_0 .net *"_ivl_52", 0 0, L_0x55ebcdaba710;  1 drivers
v0x55ebcda38fd0_0 .net *"_ivl_56", 31 0, L_0x55ebcdaba980;  1 drivers
v0x55ebcda390b0_0 .net *"_ivl_6", 0 0, L_0x55ebcdab9570;  1 drivers
v0x55ebcda39170_0 .net *"_ivl_60", 31 0, L_0x55ebcdababe0;  1 drivers
v0x55ebcda39250_0 .net *"_ivl_9", 0 0, L_0x55ebcdab96b0;  1 drivers
v0x55ebcda39310_0 .net "ex_data", 31 0, v0x55ebcda598b0_0;  1 drivers
v0x55ebcda393f0_0 .net "ex_dest_addr", 4 0, v0x55ebcda5a0c0_0;  alias, 1 drivers
v0x55ebcda394b0_0 .net "ex_reg_write", 0 0, v0x55ebcda5a180_0;  alias, 1 drivers
v0x55ebcda39550_0 .net "mem_data", 31 0, L_0x55ebcdab31c0;  alias, 1 drivers
v0x55ebcda395f0_0 .net "mem_dest_addr", 4 0, v0x55ebcda5b2e0_0;  alias, 1 drivers
v0x55ebcda396b0_0 .net "mem_reg_write", 0 0, v0x55ebcda5b380_0;  alias, 1 drivers
v0x55ebcda39750_0 .net "rs1_EX_forwarded", 0 0, L_0x55ebcdab9810;  1 drivers
v0x55ebcda397f0_0 .net "rs1_MEM_forwarded", 0 0, L_0x55ebcdaba1f0;  1 drivers
v0x55ebcda398b0_0 .net "rs1_addr", 4 0, L_0x55ebcdabaff0;  1 drivers
v0x55ebcda39990_0 .net "rs1_forwarded_data", 31 0, L_0x55ebcdabaac0;  alias, 1 drivers
v0x55ebcda39a80_0 .net "rs2_EX_forwarded", 0 0, L_0x55ebcdab9cb0;  1 drivers
v0x55ebcda39b20_0 .net "rs2_MEM_forwarded", 0 0, L_0x55ebcdaba870;  1 drivers
v0x55ebcda39be0_0 .net "rs2_addr", 4 0, L_0x55ebcdab9340;  1 drivers
v0x55ebcda39cc0_0 .net "rs2_forwarded_data", 31 0, L_0x55ebcdabad20;  alias, 1 drivers
L_0x55ebcdab9480 .concat [ 5 27 0 0], v0x55ebcda5a0c0_0, L_0x7efe54aae990;
L_0x55ebcdab9570 .cmp/ne 32, L_0x55ebcdab9480, L_0x7efe54aae9d8;
L_0x55ebcdab9770 .cmp/eq 5, v0x55ebcda5a0c0_0, L_0x55ebcdabaff0;
L_0x55ebcdab9920 .concat [ 5 27 0 0], v0x55ebcda5a0c0_0, L_0x7efe54aaea20;
L_0x55ebcdab9a10 .cmp/ne 32, L_0x55ebcdab9920, L_0x7efe54aaea68;
L_0x55ebcdab9c10 .cmp/eq 5, v0x55ebcda5a0c0_0, L_0x55ebcdab9340;
L_0x55ebcdab9dc0 .concat [ 5 27 0 0], v0x55ebcda5b2e0_0, L_0x7efe54aaeab0;
L_0x55ebcdab9eb0 .cmp/ne 32, L_0x55ebcdab9dc0, L_0x7efe54aaeaf8;
L_0x55ebcdaba100 .cmp/eq 5, v0x55ebcda5b2e0_0, L_0x55ebcdabaff0;
L_0x55ebcdaba300 .concat [ 5 27 0 0], v0x55ebcda5b2e0_0, L_0x7efe54aaeb40;
L_0x55ebcdaba400 .cmp/ne 32, L_0x55ebcdaba300, L_0x7efe54aaeb88;
L_0x55ebcdaba710 .cmp/eq 5, v0x55ebcda5b2e0_0, L_0x55ebcdab9340;
L_0x55ebcdaba980 .functor MUXZ 32, v0x55ebcda59650_0, L_0x55ebcdab31c0, L_0x55ebcdaba1f0, C4<>;
L_0x55ebcdabaac0 .functor MUXZ 32, L_0x55ebcdaba980, v0x55ebcda598b0_0, L_0x55ebcdab9810, C4<>;
L_0x55ebcdababe0 .functor MUXZ 32, v0x55ebcda59740_0, L_0x55ebcdab31c0, L_0x55ebcdaba870, C4<>;
L_0x55ebcdabad20 .functor MUXZ 32, L_0x55ebcdababe0, v0x55ebcda598b0_0, L_0x55ebcdab9cb0, C4<>;
S_0x55ebcda39f10 .scope module, "i_hazardDetection" "hazardDetection" 4 780, 16 1 0, S_0x55ebcd956580;
 .timescale 0 0;
    .port_info 0 /INPUT 5 "i_rs1_raddr";
    .port_info 1 /INPUT 5 "i_rs2_raddr";
    .port_info 2 /INPUT 5 "DE_rd";
    .port_info 3 /INPUT 1 "DE_mem_read";
    .port_info 4 /INPUT 1 "DE_reg_write";
    .port_info 5 /INPUT 5 "EM_rd";
    .port_info 6 /INPUT 1 "EM_mem_read";
    .port_info 7 /INPUT 7 "opcode";
    .port_info 8 /INPUT 1 "imem_wait";
    .port_info 9 /INPUT 1 "dmem_wait";
    .port_info 10 /OUTPUT 1 "stall";
    .port_info 11 /OUTPUT 1 "pipeline_freeze";
L_0x55ebcdab33f0 .functor AND 1, L_0x55ebcdab3c30, L_0x55ebcdab3d70, C4<1>, C4<1>;
L_0x55ebcdab3eb0 .functor AND 1, L_0x55ebcdab33f0, v0x55ebcda594e0_0, C4<1>, C4<1>;
L_0x55ebcdab4320 .functor AND 1, L_0x55ebcdab40f0, L_0x55ebcdab4230, C4<1>, C4<1>;
L_0x55ebcdab4430 .functor AND 1, L_0x55ebcdab4320, v0x55ebcda594e0_0, C4<1>, C4<1>;
L_0x55ebcdab4860 .functor AND 1, L_0x55ebcdab4620, L_0x55ebcdab47c0, C4<1>, C4<1>;
L_0x55ebcdab4920 .functor AND 1, L_0x55ebcdab4860, v0x55ebcda59dc0_0, C4<1>, C4<1>;
L_0x55ebcdab4b10 .functor AND 1, L_0x55ebcdab4b80, L_0x55ebcdab4c70, C4<1>, C4<1>;
L_0x55ebcdab4e30 .functor AND 1, L_0x55ebcdab4b10, v0x55ebcda59dc0_0, C4<1>, C4<1>;
L_0x55ebcdab4d10 .functor AND 1, v0x55ebcda59160_0, L_0x55ebcdab5030, C4<1>, C4<1>;
L_0x55ebcdab5170 .functor OR 1, L_0x55ebcdab52a0, L_0x55ebcdab5340, C4<0>, C4<0>;
L_0x55ebcdab5690 .functor AND 1, L_0x55ebcdab4d10, L_0x55ebcdab5170, C4<1>, C4<1>;
L_0x55ebcdab5750 .functor OR 1, L_0x55ebcdab3eb0, L_0x55ebcdab4430, C4<0>, C4<0>;
L_0x55ebcdab58d0 .functor OR 1, L_0x55ebcdab5750, L_0x55ebcdab4920, C4<0>, C4<0>;
L_0x55ebcdab5990 .functor OR 1, L_0x55ebcdab58d0, L_0x55ebcdab4e30, C4<0>, C4<0>;
L_0x55ebcdab5860 .functor AND 1, L_0x55ebcdab3910, L_0x55ebcdab5990, C4<1>, C4<1>;
L_0x55ebcdab5bc0 .functor OR 1, L_0x55ebcdab3eb0, L_0x55ebcdab4920, C4<0>, C4<0>;
L_0x55ebcdab5aa0 .functor AND 1, L_0x55ebcdab3a00, L_0x55ebcdab5bc0, C4<1>, C4<1>;
L_0x55ebcdab5d60 .functor OR 1, L_0x55ebcda93b50, L_0x55ebcda93e20, C4<0>, C4<0>;
L_0x55ebcdab5c30 .functor OR 1, L_0x55ebcdab5690, L_0x55ebcdab5860, C4<0>, C4<0>;
L_0x55ebcdab5f60 .functor OR 1, L_0x55ebcdab5c30, L_0x55ebcdab5aa0, C4<0>, C4<0>;
L_0x55ebcdab5e20 .functor OR 1, L_0x55ebcdab5f60, L_0x55ebcdab5d60, C4<0>, C4<0>;
v0x55ebcda3a280_0 .net "DE_mem_read", 0 0, v0x55ebcda59160_0;  1 drivers
v0x55ebcda3a360_0 .net "DE_rd", 4 0, v0x55ebcda59420_0;  1 drivers
v0x55ebcda3a440_0 .net "DE_reg_write", 0 0, v0x55ebcda594e0_0;  1 drivers
v0x55ebcda3a510_0 .net "EM_mem_read", 0 0, v0x55ebcda59dc0_0;  1 drivers
v0x55ebcda3a5d0_0 .net "EM_rd", 4 0, v0x55ebcda5a0c0_0;  alias, 1 drivers
L_0x7efe54aadf70 .functor BUFT 1, C4<1100011>, C4<0>, C4<0>, C4<0>;
v0x55ebcda3a730_0 .net/2u *"_ivl_0", 6 0, L_0x7efe54aadf70;  1 drivers
L_0x7efe54aae000 .functor BUFT 1, C4<000000000000000000000000000>, C4<0>, C4<0>, C4<0>;
v0x55ebcda3a810_0 .net *"_ivl_11", 26 0, L_0x7efe54aae000;  1 drivers
L_0x7efe54aae048 .functor BUFT 1, C4<00000000000000000000000000000000>, C4<0>, C4<0>, C4<0>;
v0x55ebcda3a8f0_0 .net/2u *"_ivl_12", 31 0, L_0x7efe54aae048;  1 drivers
v0x55ebcda3a9d0_0 .net *"_ivl_14", 0 0, L_0x55ebcdab3c30;  1 drivers
v0x55ebcda3aa90_0 .net *"_ivl_16", 0 0, L_0x55ebcdab3d70;  1 drivers
v0x55ebcda3ab50_0 .net *"_ivl_19", 0 0, L_0x55ebcdab33f0;  1 drivers
v0x55ebcda3ac10_0 .net *"_ivl_22", 31 0, L_0x55ebcdab3fc0;  1 drivers
L_0x7efe54aae090 .functor BUFT 1, C4<000000000000000000000000000>, C4<0>, C4<0>, C4<0>;
v0x55ebcda3acf0_0 .net *"_ivl_25", 26 0, L_0x7efe54aae090;  1 drivers
L_0x7efe54aae0d8 .functor BUFT 1, C4<00000000000000000000000000000000>, C4<0>, C4<0>, C4<0>;
v0x55ebcda3add0_0 .net/2u *"_ivl_26", 31 0, L_0x7efe54aae0d8;  1 drivers
v0x55ebcda3aeb0_0 .net *"_ivl_28", 0 0, L_0x55ebcdab40f0;  1 drivers
v0x55ebcda3af70_0 .net *"_ivl_30", 0 0, L_0x55ebcdab4230;  1 drivers
v0x55ebcda3b030_0 .net *"_ivl_33", 0 0, L_0x55ebcdab4320;  1 drivers
v0x55ebcda3b0f0_0 .net *"_ivl_36", 31 0, L_0x55ebcdab44f0;  1 drivers
L_0x7efe54aae120 .functor BUFT 1, C4<000000000000000000000000000>, C4<0>, C4<0>, C4<0>;
v0x55ebcda3b1d0_0 .net *"_ivl_39", 26 0, L_0x7efe54aae120;  1 drivers
L_0x7efe54aadfb8 .functor BUFT 1, C4<1100111>, C4<0>, C4<0>, C4<0>;
v0x55ebcda3b2b0_0 .net/2u *"_ivl_4", 6 0, L_0x7efe54aadfb8;  1 drivers
L_0x7efe54aae168 .functor BUFT 1, C4<00000000000000000000000000000000>, C4<0>, C4<0>, C4<0>;
v0x55ebcda3b390_0 .net/2u *"_ivl_40", 31 0, L_0x7efe54aae168;  1 drivers
v0x55ebcda3b470_0 .net *"_ivl_42", 0 0, L_0x55ebcdab4620;  1 drivers
v0x55ebcda3b530_0 .net *"_ivl_44", 0 0, L_0x55ebcdab47c0;  1 drivers
v0x55ebcda3b5f0_0 .net *"_ivl_47", 0 0, L_0x55ebcdab4860;  1 drivers
v0x55ebcda3b6b0_0 .net *"_ivl_50", 31 0, L_0x55ebcdab4a70;  1 drivers
L_0x7efe54aae1b0 .functor BUFT 1, C4<000000000000000000000000000>, C4<0>, C4<0>, C4<0>;
v0x55ebcda3b790_0 .net *"_ivl_53", 26 0, L_0x7efe54aae1b0;  1 drivers
L_0x7efe54aae1f8 .functor BUFT 1, C4<00000000000000000000000000000000>, C4<0>, C4<0>, C4<0>;
v0x55ebcda3b870_0 .net/2u *"_ivl_54", 31 0, L_0x7efe54aae1f8;  1 drivers
v0x55ebcda3b950_0 .net *"_ivl_56", 0 0, L_0x55ebcdab4b80;  1 drivers
v0x55ebcda3ba10_0 .net *"_ivl_58", 0 0, L_0x55ebcdab4c70;  1 drivers
v0x55ebcda3bad0_0 .net *"_ivl_61", 0 0, L_0x55ebcdab4b10;  1 drivers
v0x55ebcda3bb90_0 .net *"_ivl_64", 31 0, L_0x55ebcdab4f40;  1 drivers
L_0x7efe54aae240 .functor BUFT 1, C4<000000000000000000000000000>, C4<0>, C4<0>, C4<0>;
v0x55ebcda3bc70_0 .net *"_ivl_67", 26 0, L_0x7efe54aae240;  1 drivers
L_0x7efe54aae288 .functor BUFT 1, C4<00000000000000000000000000000000>, C4<0>, C4<0>, C4<0>;
v0x55ebcda3bd50_0 .net/2u *"_ivl_68", 31 0, L_0x7efe54aae288;  1 drivers
v0x55ebcda3c040_0 .net *"_ivl_70", 0 0, L_0x55ebcdab5030;  1 drivers
v0x55ebcda3c100_0 .net *"_ivl_73", 0 0, L_0x55ebcdab4d10;  1 drivers
v0x55ebcda3c1c0_0 .net *"_ivl_74", 0 0, L_0x55ebcdab52a0;  1 drivers
v0x55ebcda3c280_0 .net *"_ivl_76", 0 0, L_0x55ebcdab5340;  1 drivers
v0x55ebcda3c340_0 .net *"_ivl_79", 0 0, L_0x55ebcdab5170;  1 drivers
v0x55ebcda3c400_0 .net *"_ivl_8", 31 0, L_0x55ebcdab3af0;  1 drivers
v0x55ebcda3c4e0_0 .net *"_ivl_83", 0 0, L_0x55ebcdab5750;  1 drivers
v0x55ebcda3c5a0_0 .net *"_ivl_85", 0 0, L_0x55ebcdab58d0;  1 drivers
v0x55ebcda3c660_0 .net *"_ivl_87", 0 0, L_0x55ebcdab5990;  1 drivers
v0x55ebcda3c720_0 .net *"_ivl_91", 0 0, L_0x55ebcdab5bc0;  1 drivers
v0x55ebcda3c7e0_0 .net *"_ivl_97", 0 0, L_0x55ebcdab5c30;  1 drivers
v0x55ebcda3c8a0_0 .net *"_ivl_99", 0 0, L_0x55ebcdab5f60;  1 drivers
v0x55ebcda3c960_0 .net "branch_hazard", 0 0, L_0x55ebcdab5860;  1 drivers
v0x55ebcda3ca20_0 .net "dmem_wait", 0 0, L_0x55ebcda93e20;  alias, 1 drivers
v0x55ebcda3cae0_0 .net "i_rs1_raddr", 4 0, L_0x55ebcda970b0;  alias, 1 drivers
v0x55ebcda3cba0_0 .net "i_rs2_raddr", 4 0, L_0x55ebcda971e0;  alias, 1 drivers
v0x55ebcda3ccb0_0 .net "imem_wait", 0 0, L_0x55ebcda93b50;  alias, 1 drivers
v0x55ebcda3cd70_0 .net "is_branch", 0 0, L_0x55ebcdab3910;  1 drivers
v0x55ebcda3ce30_0 .net "is_jalr", 0 0, L_0x55ebcdab3a00;  1 drivers
v0x55ebcda3cef0_0 .net "jalr_hazard", 0 0, L_0x55ebcdab5aa0;  1 drivers
v0x55ebcda3cfb0_0 .net "load_use_hazard", 0 0, L_0x55ebcdab5690;  1 drivers
v0x55ebcda3d070_0 .net "opcode", 6 0, L_0x55ebcda96490;  alias, 1 drivers
v0x55ebcda3d180_0 .net "pipeline_freeze", 0 0, L_0x55ebcdab5d60;  alias, 1 drivers
v0x55ebcda3d240_0 .net "rs1_conflict_de", 0 0, L_0x55ebcdab3eb0;  1 drivers
v0x55ebcda3d300_0 .net "rs1_conflict_em_load", 0 0, L_0x55ebcdab4920;  1 drivers
v0x55ebcda3d3c0_0 .net "rs2_conflict_de", 0 0, L_0x55ebcdab4430;  1 drivers
v0x55ebcda3d480_0 .net "rs2_conflict_em_load", 0 0, L_0x55ebcdab4e30;  1 drivers
v0x55ebcda3d540_0 .net "stall", 0 0, L_0x55ebcdab5e20;  alias, 1 drivers
L_0x55ebcdab3910 .cmp/eq 7, L_0x55ebcda96490, L_0x7efe54aadf70;
L_0x55ebcdab3a00 .cmp/eq 7, L_0x55ebcda96490, L_0x7efe54aadfb8;
L_0x55ebcdab3af0 .concat [ 5 27 0 0], v0x55ebcda59420_0, L_0x7efe54aae000;
L_0x55ebcdab3c30 .cmp/ne 32, L_0x55ebcdab3af0, L_0x7efe54aae048;
L_0x55ebcdab3d70 .cmp/eq 5, v0x55ebcda59420_0, L_0x55ebcda970b0;
L_0x55ebcdab3fc0 .concat [ 5 27 0 0], v0x55ebcda59420_0, L_0x7efe54aae090;
L_0x55ebcdab40f0 .cmp/ne 32, L_0x55ebcdab3fc0, L_0x7efe54aae0d8;
L_0x55ebcdab4230 .cmp/eq 5, v0x55ebcda59420_0, L_0x55ebcda971e0;
L_0x55ebcdab44f0 .concat [ 5 27 0 0], v0x55ebcda5a0c0_0, L_0x7efe54aae120;
L_0x55ebcdab4620 .cmp/ne 32, L_0x55ebcdab44f0, L_0x7efe54aae168;
L_0x55ebcdab47c0 .cmp/eq 5, v0x55ebcda5a0c0_0, L_0x55ebcda970b0;
L_0x55ebcdab4a70 .concat [ 5 27 0 0], v0x55ebcda5a0c0_0, L_0x7efe54aae1b0;
L_0x55ebcdab4b80 .cmp/ne 32, L_0x55ebcdab4a70, L_0x7efe54aae1f8;
L_0x55ebcdab4c70 .cmp/eq 5, v0x55ebcda5a0c0_0, L_0x55ebcda971e0;
L_0x55ebcdab4f40 .concat [ 5 27 0 0], v0x55ebcda59420_0, L_0x7efe54aae240;
L_0x55ebcdab5030 .cmp/ne 32, L_0x55ebcdab4f40, L_0x7efe54aae288;
L_0x55ebcdab52a0 .cmp/eq 5, v0x55ebcda59420_0, L_0x55ebcda970b0;
L_0x55ebcdab5340 .cmp/eq 5, v0x55ebcda59420_0, L_0x55ebcda971e0;
S_0x55ebcda3d780 .scope module, "i_memoryAccess" "memoryAccess" 4 631, 17 1 0, S_0x55ebcd956580;
 .timescale 0 0;
    .port_info 0 /INPUT 1 "mem_write";
    .port_info 1 /INPUT 32 "alu_result";
    .port_info 2 /INPUT 32 "rs2_data";
    .port_info 3 /INPUT 4 "dmem_mask_base";
    .port_info 4 /INPUT 1 "i_dmem_ready";
    .port_info 5 /OUTPUT 32 "o_dmem_addr";
    .port_info 6 /OUTPUT 32 "o_dmem_wdata";
    .port_info 7 /OUTPUT 1 "o_dmem_ren";
    .port_info 8 /OUTPUT 1 "o_dmem_wen";
    .port_info 9 /INPUT 32 "i_dmem_rdata";
    .port_info 10 /OUTPUT 4 "o_dmem_mask";
    .port_info 11 /INPUT 1 "mem_read";
    .port_info 12 /INPUT 3 "funct3";
    .port_info 13 /OUTPUT 32 "o_load_data";
L_0x55ebcdaaf230 .functor BUFZ 32, L_0x55ebcdabc370, C4<00000000000000000000000000000000>, C4<00000000000000000000000000000000>, C4<00000000000000000000000000000000>;
L_0x7efe54aaddc0 .functor BUFT 1, C4<1>, C4<0>, C4<0>, C4<0>;
L_0x55ebcdab1150 .functor AND 1, v0x55ebcda59dc0_0, L_0x7efe54aaddc0, C4<1>, C4<1>;
L_0x55ebcdab11c0 .functor AND 1, v0x55ebcda59eb0_0, L_0x7efe54aaddc0, C4<1>, C4<1>;
L_0x55ebcdab2310 .functor BUFZ 32, L_0x55ebcdabc430, C4<00000000000000000000000000000000>, C4<00000000000000000000000000000000>, C4<00000000000000000000000000000000>;
v0x55ebcda42960_0 .net *"_ivl_10", 0 0, L_0x55ebcdaac760;  1 drivers
v0x55ebcda42a40_0 .net *"_ivl_100", 0 0, L_0x55ebcdab2620;  1 drivers
v0x55ebcda42b00_0 .net *"_ivl_102", 31 0, L_0x55ebcdab2510;  1 drivers
L_0x7efe54aad3e8 .functor BUFT 1, C4<01>, C4<0>, C4<0>, C4<0>;
v0x55ebcda42bc0_0 .net/2u *"_ivl_12", 1 0, L_0x7efe54aad3e8;  1 drivers
v0x55ebcda42ca0_0 .net *"_ivl_14", 0 0, L_0x55ebcdaac800;  1 drivers
v0x55ebcda42d60_0 .net *"_ivl_17", 2 0, L_0x55ebcdaac8f0;  1 drivers
L_0x7efe54aad430 .functor BUFT 1, C4<0>, C4<0>, C4<0>, C4<0>;
v0x55ebcda42e40_0 .net/2u *"_ivl_18", 0 0, L_0x7efe54aad430;  1 drivers
v0x55ebcda42f20_0 .net *"_ivl_20", 3 0, L_0x55ebcdaac9e0;  1 drivers
L_0x7efe54aad478 .functor BUFT 1, C4<10>, C4<0>, C4<0>, C4<0>;
v0x55ebcda43000_0 .net/2u *"_ivl_22", 1 0, L_0x7efe54aad478;  1 drivers
v0x55ebcda430e0_0 .net *"_ivl_24", 0 0, L_0x55ebcdaacb20;  1 drivers
v0x55ebcda431a0_0 .net *"_ivl_27", 1 0, L_0x55ebcdaacc60;  1 drivers
L_0x7efe54aad4c0 .functor BUFT 1, C4<00>, C4<0>, C4<0>, C4<0>;
v0x55ebcda43280_0 .net/2u *"_ivl_28", 1 0, L_0x7efe54aad4c0;  1 drivers
v0x55ebcda43360_0 .net *"_ivl_3", 29 0, L_0x55ebcdaac0e0;  1 drivers
v0x55ebcda43440_0 .net *"_ivl_30", 3 0, L_0x55ebcdaacd00;  1 drivers
v0x55ebcda43520_0 .net *"_ivl_33", 0 0, L_0x55ebcdaacea0;  1 drivers
L_0x7efe54aad508 .functor BUFT 1, C4<000>, C4<0>, C4<0>, C4<0>;
v0x55ebcda43600_0 .net/2u *"_ivl_34", 2 0, L_0x7efe54aad508;  1 drivers
v0x55ebcda436e0_0 .net *"_ivl_36", 3 0, L_0x55ebcdaacfd0;  1 drivers
v0x55ebcda437c0_0 .net *"_ivl_38", 3 0, L_0x55ebcdaad0e0;  1 drivers
L_0x7efe54aad358 .functor BUFT 1, C4<00>, C4<0>, C4<0>, C4<0>;
v0x55ebcda438a0_0 .net/2u *"_ivl_4", 1 0, L_0x7efe54aad358;  1 drivers
v0x55ebcda43980_0 .net *"_ivl_40", 3 0, L_0x55ebcdaad220;  1 drivers
L_0x7efe54aadca0 .functor BUFT 1, C4<000000000000000000000000>, C4<0>, C4<0>, C4<0>;
v0x55ebcda43a60_0 .net/2u *"_ivl_56", 23 0, L_0x7efe54aadca0;  1 drivers
v0x55ebcda43b40_0 .net *"_ivl_59", 7 0, L_0x55ebcdab1450;  1 drivers
v0x55ebcda43c20_0 .net *"_ivl_60", 31 0, L_0x55ebcdab14f0;  1 drivers
v0x55ebcda43d00_0 .net *"_ivl_63", 0 0, L_0x55ebcdab16d0;  1 drivers
v0x55ebcda43de0_0 .net *"_ivl_65", 23 0, L_0x55ebcdab1770;  1 drivers
v0x55ebcda43ec0_0 .net *"_ivl_67", 7 0, L_0x55ebcdab1630;  1 drivers
v0x55ebcda43fa0_0 .net *"_ivl_68", 31 0, L_0x55ebcdab18c0;  1 drivers
L_0x7efe54aadce8 .functor BUFT 1, C4<0000000000000000>, C4<0>, C4<0>, C4<0>;
v0x55ebcda44080_0 .net/2u *"_ivl_72", 15 0, L_0x7efe54aadce8;  1 drivers
v0x55ebcda44160_0 .net *"_ivl_75", 15 0, L_0x55ebcdab1b60;  1 drivers
v0x55ebcda44240_0 .net *"_ivl_76", 31 0, L_0x55ebcdab19b0;  1 drivers
v0x55ebcda44320_0 .net *"_ivl_79", 0 0, L_0x55ebcdab1d70;  1 drivers
L_0x7efe54aad3a0 .functor BUFT 1, C4<00>, C4<0>, C4<0>, C4<0>;
v0x55ebcda44400_0 .net/2u *"_ivl_8", 1 0, L_0x7efe54aad3a0;  1 drivers
v0x55ebcda444e0_0 .net *"_ivl_81", 15 0, L_0x55ebcdab1c00;  1 drivers
v0x55ebcda447d0_0 .net *"_ivl_83", 15 0, L_0x55ebcdab1f40;  1 drivers
v0x55ebcda448b0_0 .net *"_ivl_84", 31 0, L_0x55ebcdab1e10;  1 drivers
v0x55ebcda44990_0 .net *"_ivl_91", 1 0, L_0x55ebcdab2380;  1 drivers
L_0x7efe54aadd30 .functor BUFT 1, C4<00>, C4<0>, C4<0>, C4<0>;
v0x55ebcda44a70_0 .net/2u *"_ivl_92", 1 0, L_0x7efe54aadd30;  1 drivers
v0x55ebcda44b50_0 .net *"_ivl_94", 0 0, L_0x55ebcdab2420;  1 drivers
v0x55ebcda44c10_0 .net *"_ivl_97", 1 0, L_0x55ebcdab2210;  1 drivers
L_0x7efe54aadd78 .functor BUFT 1, C4<01>, C4<0>, C4<0>, C4<0>;
v0x55ebcda44cf0_0 .net/2u *"_ivl_98", 1 0, L_0x7efe54aadd78;  1 drivers
v0x55ebcda44dd0_0 .net "alu_result", 31 0, v0x55ebcda598b0_0;  alias, 1 drivers
v0x55ebcda44e90_0 .net "byte_offset", 1 0, L_0x55ebcdaac040;  1 drivers
v0x55ebcda44f30_0 .net "dmem_mask_base", 3 0, v0x55ebcda59f50_0;  1 drivers
v0x55ebcda45010_0 .net "funct3", 2 0, v0x55ebcda59b80_0;  1 drivers
v0x55ebcda450f0_0 .net "i_dmem_rdata", 31 0, L_0x55ebcda93170;  alias, 1 drivers
v0x55ebcda45200_0 .net "i_dmem_ready", 0 0, L_0x7efe54aaddc0;  1 drivers
v0x55ebcda452c0_0 .net "load_byte", 31 0, L_0x55ebcdab1810;  1 drivers
v0x55ebcda453a0_0 .net "load_half", 31 0, L_0x55ebcdab2170;  1 drivers
v0x55ebcda45480_0 .net "load_unsigned", 0 0, L_0x55ebcdab12d0;  1 drivers
v0x55ebcda45540_0 .net "load_word", 31 0, L_0x55ebcdab2310;  1 drivers
v0x55ebcda45620_0 .net "mem_read", 0 0, v0x55ebcda59dc0_0;  alias, 1 drivers
v0x55ebcda456c0_0 .net "mem_write", 0 0, v0x55ebcda59eb0_0;  1 drivers
v0x55ebcda45760_0 .net "o_dmem_addr", 31 0, L_0x55ebcdaac670;  alias, 1 drivers
v0x55ebcda45820_0 .net "o_dmem_mask", 3 0, L_0x55ebcdaad3e0;  alias, 1 drivers
v0x55ebcda458f0_0 .net "o_dmem_ren", 0 0, L_0x55ebcdab1150;  alias, 1 drivers
v0x55ebcda45990_0 .net "o_dmem_wdata", 31 0, L_0x55ebcdaaf230;  alias, 1 drivers
v0x55ebcda45a80_0 .net "o_dmem_wen", 0 0, L_0x55ebcdab11c0;  alias, 1 drivers
v0x55ebcda45b20_0 .net "o_load_data", 31 0, L_0x55ebcdab2880;  alias, 1 drivers
v0x55ebcda45c00_0 .net "rdata_shifted", 31 0, L_0x55ebcdabc430;  1 drivers
v0x55ebcda45cf0_0 .net "rs2_data", 31 0, v0x55ebcda5a430_0;  1 drivers
v0x55ebcda45dc0_0 .net "wdata_shifted", 31 0, L_0x55ebcdabc370;  1 drivers
L_0x55ebcdaac040 .part v0x55ebcda598b0_0, 0, 2;
L_0x55ebcdaac0e0 .part v0x55ebcda598b0_0, 2, 30;
L_0x55ebcdaac670 .concat [ 2 30 0 0], L_0x7efe54aad358, L_0x55ebcdaac0e0;
L_0x55ebcdaac760 .cmp/eq 2, L_0x55ebcdaac040, L_0x7efe54aad3a0;
L_0x55ebcdaac800 .cmp/eq 2, L_0x55ebcdaac040, L_0x7efe54aad3e8;
L_0x55ebcdaac8f0 .part v0x55ebcda59f50_0, 0, 3;
L_0x55ebcdaac9e0 .concat [ 1 3 0 0], L_0x7efe54aad430, L_0x55ebcdaac8f0;
L_0x55ebcdaacb20 .cmp/eq 2, L_0x55ebcdaac040, L_0x7efe54aad478;
L_0x55ebcdaacc60 .part v0x55ebcda59f50_0, 0, 2;
L_0x55ebcdaacd00 .concat [ 2 2 0 0], L_0x7efe54aad4c0, L_0x55ebcdaacc60;
L_0x55ebcdaacea0 .part v0x55ebcda59f50_0, 0, 1;
L_0x55ebcdaacfd0 .concat [ 3 1 0 0], L_0x7efe54aad508, L_0x55ebcdaacea0;
L_0x55ebcdaad0e0 .functor MUXZ 4, L_0x55ebcdaacfd0, L_0x55ebcdaacd00, L_0x55ebcdaacb20, C4<>;
L_0x55ebcdaad220 .functor MUXZ 4, L_0x55ebcdaad0e0, L_0x55ebcdaac9e0, L_0x55ebcdaac800, C4<>;
L_0x55ebcdaad3e0 .functor MUXZ 4, L_0x55ebcdaad220, v0x55ebcda59f50_0, L_0x55ebcdaac760, C4<>;
L_0x55ebcdab12d0 .part v0x55ebcda59b80_0, 2, 1;
L_0x55ebcdab1450 .part L_0x55ebcdabc430, 0, 8;
L_0x55ebcdab14f0 .concat [ 8 24 0 0], L_0x55ebcdab1450, L_0x7efe54aadca0;
L_0x55ebcdab16d0 .part L_0x55ebcdabc430, 7, 1;
L_0x55ebcdab1770 .repeat 24, 24, L_0x55ebcdab16d0;
L_0x55ebcdab1630 .part L_0x55ebcdabc430, 0, 8;
L_0x55ebcdab18c0 .concat [ 8 24 0 0], L_0x55ebcdab1630, L_0x55ebcdab1770;
L_0x55ebcdab1810 .functor MUXZ 32, L_0x55ebcdab18c0, L_0x55ebcdab14f0, L_0x55ebcdab12d0, C4<>;
L_0x55ebcdab1b60 .part L_0x55ebcdabc430, 0, 16;
L_0x55ebcdab19b0 .concat [ 16 16 0 0], L_0x55ebcdab1b60, L_0x7efe54aadce8;
L_0x55ebcdab1d70 .part L_0x55ebcdabc430, 15, 1;
L_0x55ebcdab1c00 .repeat 16, 16, L_0x55ebcdab1d70;
L_0x55ebcdab1f40 .part L_0x55ebcdabc430, 0, 16;
L_0x55ebcdab1e10 .concat [ 16 16 0 0], L_0x55ebcdab1f40, L_0x55ebcdab1c00;
L_0x55ebcdab2170 .functor MUXZ 32, L_0x55ebcdab1e10, L_0x55ebcdab19b0, L_0x55ebcdab12d0, C4<>;
L_0x55ebcdab2380 .part v0x55ebcda59b80_0, 0, 2;
L_0x55ebcdab2420 .cmp/eq 2, L_0x55ebcdab2380, L_0x7efe54aadd30;
L_0x55ebcdab2210 .part v0x55ebcda59b80_0, 0, 2;
L_0x55ebcdab2620 .cmp/eq 2, L_0x55ebcdab2210, L_0x7efe54aadd78;
L_0x55ebcdab2510 .functor MUXZ 32, L_0x55ebcdab2310, L_0x55ebcdab2170, L_0x55ebcdab2620, C4<>;
L_0x55ebcdab2880 .functor MUXZ 32, L_0x55ebcdab2510, L_0x55ebcdab1810, L_0x55ebcdab2420, C4<>;
S_0x55ebcda3db30 .scope module, "i_barrel_shifter" "barrel_shifter" 17 30, 18 1 0, S_0x55ebcda3d780;
 .timescale 0 0;
    .port_info 0 /INPUT 32 "in";
    .port_info 1 /INPUT 2 "shft_amt";
    .port_info 2 /OUTPUT 32 "out";
    .port_info 3 /INPUT 1 "direction";
L_0x55ebcdabc370 .functor BUFT 32, L_0x55ebcdaae1d0, C4<00000000000000000000000000000000>, C4<00000000000000000000000000000000>, C4<00000000000000000000000000000000>;
L_0x7efe54aad550 .functor BUFT 1, C4<00>, C4<0>, C4<0>, C4<0>;
v0x55ebcda3dd30_0 .net/2u *"_ivl_0", 1 0, L_0x7efe54aad550;  1 drivers
L_0x7efe54aad5e0 .functor BUFT 1, C4<00000000>, C4<0>, C4<0>, C4<0>;
v0x55ebcda3de30_0 .net/2u *"_ivl_10", 7 0, L_0x7efe54aad5e0;  1 drivers
v0x55ebcda3df10_0 .net *"_ivl_12", 31 0, L_0x55ebcdaad8b0;  1 drivers
L_0x7efe54aad628 .functor BUFT 1, C4<10>, C4<0>, C4<0>, C4<0>;
v0x55ebcda3dfd0_0 .net/2u *"_ivl_14", 1 0, L_0x7efe54aad628;  1 drivers
v0x55ebcda3e0b0_0 .net *"_ivl_16", 0 0, L_0x55ebcdaad9f0;  1 drivers
v0x55ebcda3e1c0_0 .net *"_ivl_19", 15 0, L_0x55ebcdaadae0;  1 drivers
v0x55ebcda3e2a0_0 .net *"_ivl_2", 0 0, L_0x55ebcdaad520;  1 drivers
L_0x7efe54aad670 .functor BUFT 1, C4<0000000000000000>, C4<0>, C4<0>, C4<0>;
v0x55ebcda3e360_0 .net/2u *"_ivl_20", 15 0, L_0x7efe54aad670;  1 drivers
v0x55ebcda3e440_0 .net *"_ivl_22", 31 0, L_0x55ebcdaadb80;  1 drivers
v0x55ebcda3e5b0_0 .net *"_ivl_25", 7 0, L_0x55ebcdaadc70;  1 drivers
L_0x7efe54aad6b8 .functor BUFT 1, C4<000000000000000000000000>, C4<0>, C4<0>, C4<0>;
v0x55ebcda3e690_0 .net/2u *"_ivl_26", 23 0, L_0x7efe54aad6b8;  1 drivers
v0x55ebcda3e770_0 .net *"_ivl_28", 31 0, L_0x55ebcdaadd60;  1 drivers
v0x55ebcda3e850_0 .net *"_ivl_30", 31 0, L_0x55ebcdaadea0;  1 drivers
v0x55ebcda3e930_0 .net *"_ivl_32", 31 0, L_0x55ebcdaae040;  1 drivers
L_0x7efe54aad700 .functor BUFT 1, C4<00>, C4<0>, C4<0>, C4<0>;
v0x55ebcda3ea10_0 .net/2u *"_ivl_36", 1 0, L_0x7efe54aad700;  1 drivers
v0x55ebcda3eaf0_0 .net *"_ivl_38", 0 0, L_0x55ebcdaae330;  1 drivers
L_0x7efe54aad598 .functor BUFT 1, C4<01>, C4<0>, C4<0>, C4<0>;
v0x55ebcda3ebb0_0 .net/2u *"_ivl_4", 1 0, L_0x7efe54aad598;  1 drivers
L_0x7efe54aad748 .functor BUFT 1, C4<01>, C4<0>, C4<0>, C4<0>;
v0x55ebcda3ec90_0 .net/2u *"_ivl_40", 1 0, L_0x7efe54aad748;  1 drivers
v0x55ebcda3ed70_0 .net *"_ivl_42", 0 0, L_0x55ebcdaae420;  1 drivers
L_0x7efe54aad790 .functor BUFT 1, C4<00000000>, C4<0>, C4<0>, C4<0>;
v0x55ebcda3ee30_0 .net/2u *"_ivl_44", 7 0, L_0x7efe54aad790;  1 drivers
v0x55ebcda3ef10_0 .net *"_ivl_47", 23 0, L_0x55ebcdaae590;  1 drivers
v0x55ebcda3eff0_0 .net *"_ivl_48", 31 0, L_0x55ebcdaae630;  1 drivers
L_0x7efe54aad7d8 .functor BUFT 1, C4<10>, C4<0>, C4<0>, C4<0>;
v0x55ebcda3f0d0_0 .net/2u *"_ivl_50", 1 0, L_0x7efe54aad7d8;  1 drivers
v0x55ebcda3f1b0_0 .net *"_ivl_52", 0 0, L_0x55ebcdaae7b0;  1 drivers
L_0x7efe54aad820 .functor BUFT 1, C4<0000000000000000>, C4<0>, C4<0>, C4<0>;
v0x55ebcda3f270_0 .net/2u *"_ivl_54", 15 0, L_0x7efe54aad820;  1 drivers
v0x55ebcda3f350_0 .net *"_ivl_57", 15 0, L_0x55ebcdaae850;  1 drivers
v0x55ebcda3f430_0 .net *"_ivl_58", 31 0, L_0x55ebcdaaeaa0;  1 drivers
v0x55ebcda3f510_0 .net *"_ivl_6", 0 0, L_0x55ebcdaad610;  1 drivers
L_0x7efe54aad868 .functor BUFT 1, C4<000000000000000000000000>, C4<0>, C4<0>, C4<0>;
v0x55ebcda3f5d0_0 .net/2u *"_ivl_60", 23 0, L_0x7efe54aad868;  1 drivers
v0x55ebcda3f6b0_0 .net *"_ivl_63", 7 0, L_0x55ebcdaaeb90;  1 drivers
v0x55ebcda3f790_0 .net *"_ivl_64", 31 0, L_0x55ebcdaaea00;  1 drivers
v0x55ebcda3f870_0 .net *"_ivl_66", 31 0, L_0x55ebcdaaed80;  1 drivers
v0x55ebcda3f950_0 .net *"_ivl_68", 31 0, L_0x55ebcdaaef30;  1 drivers
v0x55ebcda3fc40_0 .net *"_ivl_9", 23 0, L_0x55ebcdaad810;  1 drivers
L_0x7efe54aad8b0 .functor BUFT 1, C4<1>, C4<0>, C4<0>, C4<0>;
v0x55ebcda3fd20_0 .net "direction", 0 0, L_0x7efe54aad8b0;  1 drivers
v0x55ebcda3fde0_0 .net "in", 31 0, v0x55ebcda5a430_0;  alias, 1 drivers
v0x55ebcda3fec0_0 .net "left_shifted", 31 0, L_0x55ebcdaae1d0;  1 drivers
v0x55ebcda3ffa0_0 .net "out", 31 0, L_0x55ebcdabc370;  alias, 1 drivers
v0x55ebcda40080_0 .net "right_shifted", 31 0, L_0x55ebcdaaf0c0;  1 drivers
v0x55ebcda40160_0 .net "shft_amt", 1 0, L_0x55ebcdaac040;  alias, 1 drivers
L_0x55ebcdaad520 .cmp/eq 2, L_0x55ebcdaac040, L_0x7efe54aad550;
L_0x55ebcdaad610 .cmp/eq 2, L_0x55ebcdaac040, L_0x7efe54aad598;
L_0x55ebcdaad810 .part v0x55ebcda5a430_0, 0, 24;
L_0x55ebcdaad8b0 .concat [ 8 24 0 0], L_0x7efe54aad5e0, L_0x55ebcdaad810;
L_0x55ebcdaad9f0 .cmp/eq 2, L_0x55ebcdaac040, L_0x7efe54aad628;
L_0x55ebcdaadae0 .part v0x55ebcda5a430_0, 0, 16;
L_0x55ebcdaadb80 .concat [ 16 16 0 0], L_0x7efe54aad670, L_0x55ebcdaadae0;
L_0x55ebcdaadc70 .part v0x55ebcda5a430_0, 0, 8;
L_0x55ebcdaadd60 .concat [ 24 8 0 0], L_0x7efe54aad6b8, L_0x55ebcdaadc70;
L_0x55ebcdaadea0 .functor MUXZ 32, L_0x55ebcdaadd60, L_0x55ebcdaadb80, L_0x55ebcdaad9f0, C4<>;
L_0x55ebcdaae040 .functor MUXZ 32, L_0x55ebcdaadea0, L_0x55ebcdaad8b0, L_0x55ebcdaad610, C4<>;
L_0x55ebcdaae1d0 .functor MUXZ 32, L_0x55ebcdaae040, v0x55ebcda5a430_0, L_0x55ebcdaad520, C4<>;
L_0x55ebcdaae330 .cmp/eq 2, L_0x55ebcdaac040, L_0x7efe54aad700;
L_0x55ebcdaae420 .cmp/eq 2, L_0x55ebcdaac040, L_0x7efe54aad748;
L_0x55ebcdaae590 .part v0x55ebcda5a430_0, 8, 24;
L_0x55ebcdaae630 .concat [ 24 8 0 0], L_0x55ebcdaae590, L_0x7efe54aad790;
L_0x55ebcdaae7b0 .cmp/eq 2, L_0x55ebcdaac040, L_0x7efe54aad7d8;
L_0x55ebcdaae850 .part v0x55ebcda5a430_0, 16, 16;
L_0x55ebcdaaeaa0 .concat [ 16 16 0 0], L_0x55ebcdaae850, L_0x7efe54aad820;
L_0x55ebcdaaeb90 .part v0x55ebcda5a430_0, 24, 8;
L_0x55ebcdaaea00 .concat [ 8 24 0 0], L_0x55ebcdaaeb90, L_0x7efe54aad868;
L_0x55ebcdaaed80 .functor MUXZ 32, L_0x55ebcdaaea00, L_0x55ebcdaaeaa0, L_0x55ebcdaae7b0, C4<>;
L_0x55ebcdaaef30 .functor MUXZ 32, L_0x55ebcdaaed80, L_0x55ebcdaae630, L_0x55ebcdaae420, C4<>;
L_0x55ebcdaaf0c0 .functor MUXZ 32, L_0x55ebcdaaef30, v0x55ebcda5a430_0, L_0x55ebcdaae330, C4<>;
S_0x55ebcda402c0 .scope module, "i_barrel_shifter_rdata" "barrel_shifter" 17 42, 18 1 0, S_0x55ebcda3d780;
 .timescale 0 0;
    .port_info 0 /INPUT 32 "in";
    .port_info 1 /INPUT 2 "shft_amt";
    .port_info 2 /OUTPUT 32 "out";
    .port_info 3 /INPUT 1 "direction";
L_0x55ebcdabc430 .functor BUFT 32, L_0x55ebcdab0fe0, C4<00000000000000000000000000000000>, C4<00000000000000000000000000000000>, C4<00000000000000000000000000000000>;
L_0x7efe54aad8f8 .functor BUFT 1, C4<00>, C4<0>, C4<0>, C4<0>;
v0x55ebcda40470_0 .net/2u *"_ivl_0", 1 0, L_0x7efe54aad8f8;  1 drivers
L_0x7efe54aad988 .functor BUFT 1, C4<00000000>, C4<0>, C4<0>, C4<0>;
v0x55ebcda40550_0 .net/2u *"_ivl_10", 7 0, L_0x7efe54aad988;  1 drivers
v0x55ebcda40630_0 .net *"_ivl_12", 31 0, L_0x55ebcdaaf570;  1 drivers
L_0x7efe54aad9d0 .functor BUFT 1, C4<10>, C4<0>, C4<0>, C4<0>;
v0x55ebcda406f0_0 .net/2u *"_ivl_14", 1 0, L_0x7efe54aad9d0;  1 drivers
v0x55ebcda407d0_0 .net *"_ivl_16", 0 0, L_0x55ebcdaaf6b0;  1 drivers
v0x55ebcda408e0_0 .net *"_ivl_19", 15 0, L_0x55ebcdaaf7a0;  1 drivers
v0x55ebcda409c0_0 .net *"_ivl_2", 0 0, L_0x55ebcdaaf2f0;  1 drivers
L_0x7efe54aada18 .functor BUFT 1, C4<0000000000000000>, C4<0>, C4<0>, C4<0>;
v0x55ebcda40a80_0 .net/2u *"_ivl_20", 15 0, L_0x7efe54aada18;  1 drivers
v0x55ebcda40b60_0 .net *"_ivl_22", 31 0, L_0x55ebcdaaf840;  1 drivers
v0x55ebcda40cd0_0 .net *"_ivl_25", 7 0, L_0x55ebcdaaf980;  1 drivers
L_0x7efe54aada60 .functor BUFT 1, C4<000000000000000000000000>, C4<0>, C4<0>, C4<0>;
v0x55ebcda40db0_0 .net/2u *"_ivl_26", 23 0, L_0x7efe54aada60;  1 drivers
v0x55ebcda40e90_0 .net *"_ivl_28", 31 0, L_0x55ebcdaafa70;  1 drivers
v0x55ebcda40f70_0 .net *"_ivl_30", 31 0, L_0x55ebcdaafbb0;  1 drivers
v0x55ebcda41050_0 .net *"_ivl_32", 31 0, L_0x55ebcdaafd50;  1 drivers
L_0x7efe54aadaa8 .functor BUFT 1, C4<00>, C4<0>, C4<0>, C4<0>;
v0x55ebcda41130_0 .net/2u *"_ivl_36", 1 0, L_0x7efe54aadaa8;  1 drivers
v0x55ebcda41210_0 .net *"_ivl_38", 0 0, L_0x55ebcdab0150;  1 drivers
L_0x7efe54aad940 .functor BUFT 1, C4<01>, C4<0>, C4<0>, C4<0>;
v0x55ebcda412d0_0 .net/2u *"_ivl_4", 1 0, L_0x7efe54aad940;  1 drivers
L_0x7efe54aadaf0 .functor BUFT 1, C4<01>, C4<0>, C4<0>, C4<0>;
v0x55ebcda413b0_0 .net/2u *"_ivl_40", 1 0, L_0x7efe54aadaf0;  1 drivers
v0x55ebcda41490_0 .net *"_ivl_42", 0 0, L_0x55ebcdab0450;  1 drivers
L_0x7efe54aadb38 .functor BUFT 1, C4<00000000>, C4<0>, C4<0>, C4<0>;
v0x55ebcda41550_0 .net/2u *"_ivl_44", 7 0, L_0x7efe54aadb38;  1 drivers
v0x55ebcda41630_0 .net *"_ivl_47", 23 0, L_0x55ebcdab05c0;  1 drivers
v0x55ebcda41710_0 .net *"_ivl_48", 31 0, L_0x55ebcdab0660;  1 drivers
L_0x7efe54aadb80 .functor BUFT 1, C4<10>, C4<0>, C4<0>, C4<0>;
v0x55ebcda417f0_0 .net/2u *"_ivl_50", 1 0, L_0x7efe54aadb80;  1 drivers
v0x55ebcda418d0_0 .net *"_ivl_52", 0 0, L_0x55ebcdab07e0;  1 drivers
L_0x7efe54aadbc8 .functor BUFT 1, C4<0000000000000000>, C4<0>, C4<0>, C4<0>;
v0x55ebcda41990_0 .net/2u *"_ivl_54", 15 0, L_0x7efe54aadbc8;  1 drivers
v0x55ebcda41a70_0 .net *"_ivl_57", 15 0, L_0x55ebcdab0880;  1 drivers
v0x55ebcda41b50_0 .net *"_ivl_58", 31 0, L_0x55ebcdab09c0;  1 drivers
v0x55ebcda41c30_0 .net *"_ivl_6", 0 0, L_0x55ebcdaaf3e0;  1 drivers
L_0x7efe54aadc10 .functor BUFT 1, C4<000000000000000000000000>, C4<0>, C4<0>, C4<0>;
v0x55ebcda41cf0_0 .net/2u *"_ivl_60", 23 0, L_0x7efe54aadc10;  1 drivers
v0x55ebcda41dd0_0 .net *"_ivl_63", 7 0, L_0x55ebcdab0ab0;  1 drivers
v0x55ebcda41eb0_0 .net *"_ivl_64", 31 0, L_0x55ebcdab0920;  1 drivers
v0x55ebcda41f90_0 .net *"_ivl_66", 31 0, L_0x55ebcdab0ca0;  1 drivers
v0x55ebcda42070_0 .net *"_ivl_68", 31 0, L_0x55ebcdab0e50;  1 drivers
v0x55ebcda42360_0 .net *"_ivl_9", 23 0, L_0x55ebcdaaf4d0;  1 drivers
L_0x7efe54aadc58 .functor BUFT 1, C4<0>, C4<0>, C4<0>, C4<0>;
v0x55ebcda42440_0 .net "direction", 0 0, L_0x7efe54aadc58;  1 drivers
v0x55ebcda42500_0 .net "in", 31 0, L_0x55ebcda93170;  alias, 1 drivers
v0x55ebcda425c0_0 .net "left_shifted", 31 0, L_0x55ebcdaafee0;  1 drivers
v0x55ebcda42680_0 .net "out", 31 0, L_0x55ebcdabc430;  alias, 1 drivers
v0x55ebcda42760_0 .net "right_shifted", 31 0, L_0x55ebcdab0fe0;  1 drivers
v0x55ebcda42840_0 .net "shft_amt", 1 0, L_0x55ebcdaac040;  alias, 1 drivers
L_0x55ebcdaaf2f0 .cmp/eq 2, L_0x55ebcdaac040, L_0x7efe54aad8f8;
L_0x55ebcdaaf3e0 .cmp/eq 2, L_0x55ebcdaac040, L_0x7efe54aad940;
L_0x55ebcdaaf4d0 .part L_0x55ebcda93170, 0, 24;
L_0x55ebcdaaf570 .concat [ 8 24 0 0], L_0x7efe54aad988, L_0x55ebcdaaf4d0;
L_0x55ebcdaaf6b0 .cmp/eq 2, L_0x55ebcdaac040, L_0x7efe54aad9d0;
L_0x55ebcdaaf7a0 .part L_0x55ebcda93170, 0, 16;
L_0x55ebcdaaf840 .concat [ 16 16 0 0], L_0x7efe54aada18, L_0x55ebcdaaf7a0;
L_0x55ebcdaaf980 .part L_0x55ebcda93170, 0, 8;
L_0x55ebcdaafa70 .concat [ 24 8 0 0], L_0x7efe54aada60, L_0x55ebcdaaf980;
L_0x55ebcdaafbb0 .functor MUXZ 32, L_0x55ebcdaafa70, L_0x55ebcdaaf840, L_0x55ebcdaaf6b0, C4<>;
L_0x55ebcdaafd50 .functor MUXZ 32, L_0x55ebcdaafbb0, L_0x55ebcdaaf570, L_0x55ebcdaaf3e0, C4<>;
L_0x55ebcdaafee0 .functor MUXZ 32, L_0x55ebcdaafd50, L_0x55ebcda93170, L_0x55ebcdaaf2f0, C4<>;
L_0x55ebcdab0150 .cmp/eq 2, L_0x55ebcdaac040, L_0x7efe54aadaa8;
L_0x55ebcdab0450 .cmp/eq 2, L_0x55ebcdaac040, L_0x7efe54aadaf0;
L_0x55ebcdab05c0 .part L_0x55ebcda93170, 8, 24;
L_0x55ebcdab0660 .concat [ 24 8 0 0], L_0x55ebcdab05c0, L_0x7efe54aadb38;
L_0x55ebcdab07e0 .cmp/eq 2, L_0x55ebcdaac040, L_0x7efe54aadb80;
L_0x55ebcdab0880 .part L_0x55ebcda93170, 16, 16;
L_0x55ebcdab09c0 .concat [ 16 16 0 0], L_0x55ebcdab0880, L_0x7efe54aadbc8;
L_0x55ebcdab0ab0 .part L_0x55ebcda93170, 24, 8;
L_0x55ebcdab0920 .concat [ 8 24 0 0], L_0x55ebcdab0ab0, L_0x7efe54aadc10;
L_0x55ebcdab0ca0 .functor MUXZ 32, L_0x55ebcdab0920, L_0x55ebcdab09c0, L_0x55ebcdab07e0, C4<>;
L_0x55ebcdab0e50 .functor MUXZ 32, L_0x55ebcdab0ca0, L_0x55ebcdab0660, L_0x55ebcdab0450, C4<>;
L_0x55ebcdab0fe0 .functor MUXZ 32, L_0x55ebcdab0e50, L_0x55ebcda93170, L_0x55ebcdab0150, C4<>;
S_0x55ebcda46030 .scope module, "i_writeback" "writeback" 4 764, 19 1 0, S_0x55ebcd956580;
 .timescale 0 0;
    .port_info 0 /INPUT 1 "RegWrite";
    .port_info 1 /INPUT 2 "MemtoReg";
    .port_info 2 /INPUT 1 "pc_src_op";
    .port_info 3 /INPUT 1 "jalr_op";
    .port_info 4 /INPUT 5 "rd";
    .port_info 5 /INPUT 32 "ReadData";
    .port_info 6 /INPUT 32 "ALUResult";
    .port_info 7 /INPUT 32 "branch_out";
    .port_info 8 /INPUT 32 "PC";
    .port_info 9 /OUTPUT 32 "WriteData";
    .port_info 10 /OUTPUT 32 "current_PC";
P_0x55ebcda37160 .param/l "RESET_ADDR" 0 19 2, C4<00000000000000000000000000000000>;
L_0x7efe54aadee0 .functor BUFT 1, C4<11111111111111111111111111111110>, C4<0>, C4<0>, C4<0>;
L_0x55ebcdab2e30 .functor AND 32, v0x55ebcda5a8e0_0, L_0x7efe54aadee0, C4<11111111111111111111111111111111>, C4<11111111111111111111111111111111>;
v0x55ebcda46320_0 .net "ALUResult", 31 0, v0x55ebcda5a8e0_0;  1 drivers
v0x55ebcda46420_0 .net "MemtoReg", 1 0, v0x55ebcda5b420_0;  1 drivers
v0x55ebcda46500_0 .net "PC", 31 0, v0x55ebcda5aa40_0;  1 drivers
v0x55ebcda465f0_0 .net "ReadData", 31 0, v0x55ebcda5a9a0_0;  1 drivers
v0x55ebcda466d0_0 .net "RegWrite", 0 0, v0x55ebcda5b380_0;  alias, 1 drivers
v0x55ebcda46810_0 .net "WriteData", 31 0, L_0x55ebcdab31c0;  alias, 1 drivers
L_0x7efe54aade08 .functor BUFT 1, C4<01>, C4<0>, C4<0>, C4<0>;
v0x55ebcda468d0_0 .net/2u *"_ivl_0", 1 0, L_0x7efe54aade08;  1 drivers
v0x55ebcda469b0_0 .net *"_ivl_10", 0 0, L_0x55ebcdab2f40;  1 drivers
v0x55ebcda46a70_0 .net *"_ivl_12", 31 0, L_0x55ebcdab3030;  1 drivers
v0x55ebcda46b50_0 .net/2u *"_ivl_16", 31 0, L_0x7efe54aadee0;  1 drivers
v0x55ebcda46c30_0 .net *"_ivl_18", 31 0, L_0x55ebcdab2e30;  1 drivers
v0x55ebcda46d10_0 .net *"_ivl_2", 0 0, L_0x55ebcdab2c50;  1 drivers
v0x55ebcda46dd0_0 .net *"_ivl_20", 31 0, L_0x55ebcdab3350;  1 drivers
L_0x7efe54aadf28 .functor BUFT 1, C4<00000000000000000000000000000100>, C4<0>, C4<0>, C4<0>;
v0x55ebcda46eb0_0 .net/2u *"_ivl_22", 31 0, L_0x7efe54aadf28;  1 drivers
v0x55ebcda46f90_0 .net *"_ivl_24", 31 0, L_0x55ebcdab34b0;  1 drivers
v0x55ebcda47070_0 .net *"_ivl_26", 31 0, L_0x55ebcdab3550;  1 drivers
L_0x7efe54aade50 .functor BUFT 1, C4<00000000000000000000000000000100>, C4<0>, C4<0>, C4<0>;
v0x55ebcda47150_0 .net/2u *"_ivl_4", 31 0, L_0x7efe54aade50;  1 drivers
v0x55ebcda47230_0 .net *"_ivl_6", 31 0, L_0x55ebcdab2d90;  1 drivers
L_0x7efe54aade98 .functor BUFT 1, C4<10>, C4<0>, C4<0>, C4<0>;
v0x55ebcda47310_0 .net/2u *"_ivl_8", 1 0, L_0x7efe54aade98;  1 drivers
v0x55ebcda473f0_0 .net "branch_out", 31 0, v0x55ebcda5aae0_0;  1 drivers
v0x55ebcda474d0_0 .net "current_PC", 31 0, L_0x55ebcdab3730;  alias, 1 drivers
v0x55ebcda475b0_0 .net "jalr_op", 0 0, v0x55ebcda5b140_0;  1 drivers
v0x55ebcda47670_0 .net "pc_src_op", 0 0, v0x55ebcda5b210_0;  1 drivers
v0x55ebcda47730_0 .net "rd", 4 0, v0x55ebcda5b2e0_0;  alias, 1 drivers
L_0x55ebcdab2c50 .cmp/eq 2, v0x55ebcda5b420_0, L_0x7efe54aade08;
L_0x55ebcdab2d90 .arith/sum 32, v0x55ebcda5aa40_0, L_0x7efe54aade50;
L_0x55ebcdab2f40 .cmp/eq 2, v0x55ebcda5b420_0, L_0x7efe54aade98;
L_0x55ebcdab3030 .functor MUXZ 32, v0x55ebcda5a8e0_0, v0x55ebcda5a9a0_0, L_0x55ebcdab2f40, C4<>;
L_0x55ebcdab31c0 .functor MUXZ 32, L_0x55ebcdab3030, L_0x55ebcdab2d90, L_0x55ebcdab2c50, C4<>;
L_0x55ebcdab3350 .arith/sum 32, v0x55ebcda5aa40_0, v0x55ebcda5aae0_0;
L_0x55ebcdab34b0 .arith/sum 32, v0x55ebcda5aa40_0, L_0x7efe54aadf28;
L_0x55ebcdab3550 .functor MUXZ 32, L_0x55ebcdab34b0, L_0x55ebcdab3350, v0x55ebcda5b210_0, C4<>;
L_0x55ebcdab3730 .functor MUXZ 32, L_0x55ebcdab3550, L_0x55ebcdab2e30, v0x55ebcda5b140_0, C4<>;
S_0x55ebcda47950 .scope module, "icache" "cache" 4 169, 5 3 0, S_0x55ebcd956580;
 .timescale 0 0;
    .port_info 0 /INPUT 1 "i_clk";
    .port_info 1 /INPUT 1 "i_rst";
    .port_info 2 /INPUT 1 "i_mem_ready";
    .port_info 3 /OUTPUT 32 "o_mem_addr";
    .port_info 4 /OUTPUT 1 "o_mem_ren";
    .port_info 5 /OUTPUT 1 "o_mem_wen";
    .port_info 6 /OUTPUT 32 "o_mem_wdata";
    .port_info 7 /INPUT 32 "i_mem_rdata";
    .port_info 8 /INPUT 1 "i_mem_valid";
    .port_info 9 /OUTPUT 1 "o_busy";
    .port_info 10 /INPUT 32 "i_req_addr";
    .port_info 11 /INPUT 1 "i_req_ren";
    .port_info 12 /INPUT 1 "i_req_wen";
    .port_info 13 /INPUT 4 "i_req_mask";
    .port_info 14 /INPUT 32 "i_req_wdata";
    .port_info 15 /OUTPUT 32 "o_res_rdata";
P_0x55ebcda47ae0 .param/l "D" 1 5 26, +C4<00000000000000000000000000000100>;
P_0x55ebcda47b20 .param/l "DEPTH" 1 5 23, +C4<00000000000000000000000000100000>;
P_0x55ebcda47b60 .param/l "MISS_FILL" 1 5 140, C4<01>;
P_0x55ebcda47ba0 .param/l "MISS_WB" 1 5 141, C4<10>;
P_0x55ebcda47be0 .param/l "O" 1 5 21, +C4<00000000000000000000000000000100>;
P_0x55ebcda47c20 .param/l "PREFETCH_FILL" 1 5 142, C4<11>;
P_0x55ebcda47c60 .param/l "READY" 1 5 139, C4<00>;
P_0x55ebcda47ca0 .param/l "S" 1 5 22, +C4<00000000000000000000000000000101>;
P_0x55ebcda47ce0 .param/l "T" 1 5 25, +C4<00000000000000000000000000010111>;
P_0x55ebcda47d20 .param/l "W" 1 5 24, +C4<00000000000000000000000000000100>;
L_0x55ebcda7bd80 .functor AND 1, L_0x55ebcda7b8f0, L_0x55ebcda7bbd0, C4<1>, C4<1>;
L_0x55ebcda7c220 .functor AND 1, L_0x55ebcda7c0e0, L_0x55ebcda7c3a0, C4<1>, C4<1>;
L_0x55ebcda7c950 .functor AND 1, L_0x55ebcda7c810, L_0x55ebcda7cab0, C4<1>, C4<1>;
L_0x55ebcda7d1c0 .functor AND 1, L_0x55ebcda7d080, L_0x55ebcda7d350, C4<1>, C4<1>;
L_0x55ebcda7d590 .functor OR 1, L_0x55ebcda7bd80, L_0x55ebcda7c220, C4<0>, C4<0>;
L_0x55ebcda7d6a0 .functor OR 1, L_0x55ebcda7d590, L_0x55ebcda7c950, C4<0>, C4<0>;
L_0x55ebcda7d7b0 .functor OR 1, L_0x55ebcda7d6a0, L_0x55ebcda7d1c0, C4<0>, C4<0>;
L_0x55ebcda7d960 .functor AND 1, L_0x55ebcda94c80, L_0x55ebcda7d8c0, C4<1>, C4<1>;
L_0x55ebcda7d440 .functor AND 1, L_0x55ebcda7d960, L_0x55ebcda7dac0, C4<1>, C4<1>;
L_0x55ebcda7de50 .functor AND 1, L_0x55ebcda7d440, L_0x55ebcda7dd60, C4<1>, C4<1>;
L_0x55ebcda7e7c0 .functor AND 1, L_0x55ebcda7e350, L_0x55ebcda7e490, C4<1>, C4<1>;
L_0x55ebcda7eeb0 .functor AND 1, L_0x55ebcda7ead0, L_0x55ebcda7ebc0, C4<1>, C4<1>;
L_0x55ebcda7f680 .functor AND 1, L_0x55ebcda7f260, L_0x55ebcda7f500, C4<1>, C4<1>;
L_0x55ebcda80080 .functor AND 1, L_0x55ebcda7fcc0, L_0x55ebcda7ff90, C4<1>, C4<1>;
L_0x55ebcda7efc0 .functor OR 1, L_0x55ebcda7e7c0, L_0x55ebcda7eeb0, C4<0>, C4<0>;
L_0x55ebcda802b0 .functor OR 1, L_0x55ebcda7efc0, L_0x55ebcda7f680, C4<0>, C4<0>;
L_0x55ebcda80190 .functor OR 1, L_0x55ebcda802b0, L_0x55ebcda80080, C4<0>, C4<0>;
L_0x7efe54aa9578 .functor BUFT 1, C4<0>, C4<0>, C4<0>, C4<0>;
L_0x55ebcda80630 .functor OR 1, L_0x55ebcda94c80, L_0x7efe54aa9578, C4<0>, C4<0>;
L_0x55ebcda803c0 .functor AND 1, L_0x55ebcda80630, L_0x55ebcda80ac0, C4<1>, C4<1>;
L_0x55ebcda811e0 .functor BUFZ 32, L_0x55ebcda80c00, C4<00000000000000000000000000000000>, C4<00000000000000000000000000000000>, C4<00000000000000000000000000000000>;
L_0x55ebcda81f00 .functor BUFZ 32, L_0x55ebcda80a00, C4<00000000000000000000000000000000>, C4<00000000000000000000000000000000>, C4<00000000000000000000000000000000>;
L_0x55ebcda82930 .functor BUFZ 32, L_0x55ebcda820b0, C4<00000000000000000000000000000000>, C4<00000000000000000000000000000000>, C4<00000000000000000000000000000000>;
L_0x55ebcda833b0 .functor BUFZ 32, L_0x55ebcda816a0, C4<00000000000000000000000000000000>, C4<00000000000000000000000000000000>, C4<00000000000000000000000000000000>;
L_0x55ebcda85cd0 .functor OR 1, L_0x55ebcda85af0, L_0x55ebcda85be0, C4<0>, C4<0>;
L_0x55ebcda865d0 .functor AND 1, L_0x55ebcda85cd0, L_0x55ebcda82ae0, C4<1>, C4<1>;
L_0x55ebcda866e0 .functor AND 1, L_0x55ebcda865d0, L_0x55ebcda79420, C4<1>, C4<1>;
L_0x55ebcda86500 .functor AND 1, L_0x55ebcda80190, L_0x7efe54aa9578, C4<1>, C4<1>;
L_0x55ebcda868d0 .functor AND 1, L_0x55ebcda86500, L_0x55ebcda79420, C4<1>, C4<1>;
L_0x55ebcda860b0 .functor AND 1, L_0x55ebcda867f0, L_0x55ebcda79420, C4<1>, C4<1>;
L_0x55ebcda86170 .functor OR 1, L_0x55ebcda868d0, L_0x55ebcda860b0, C4<0>, C4<0>;
L_0x55ebcda863d0 .functor AND 1, L_0x55ebcda80190, L_0x7efe54aa9578, C4<1>, C4<1>;
v0x55ebcda48df0_0 .net *"_ivl_100", 0 0, L_0x55ebcda7dac0;  1 drivers
v0x55ebcda48ed0_0 .net *"_ivl_105", 0 0, L_0x55ebcda7dd60;  1 drivers
v0x55ebcda48f90_0 .net *"_ivl_112", 3 0, L_0x55ebcda7e180;  1 drivers
v0x55ebcda49080_0 .net *"_ivl_114", 6 0, L_0x55ebcda7e060;  1 drivers
L_0x7efe54aa8768 .functor BUFT 1, C4<00>, C4<0>, C4<0>, C4<0>;
v0x55ebcda49160_0 .net *"_ivl_117", 1 0, L_0x7efe54aa8768;  1 drivers
v0x55ebcda49290_0 .net *"_ivl_119", 0 0, L_0x55ebcda7e350;  1 drivers
v0x55ebcda49370_0 .net *"_ivl_120", 22 0, L_0x55ebcda7e220;  1 drivers
v0x55ebcda49450_0 .net *"_ivl_122", 6 0, L_0x55ebcda7e580;  1 drivers
L_0x7efe54aa87b0 .functor BUFT 1, C4<00>, C4<0>, C4<0>, C4<0>;
v0x55ebcda49530_0 .net *"_ivl_125", 1 0, L_0x7efe54aa87b0;  1 drivers
v0x55ebcda496a0_0 .net *"_ivl_126", 0 0, L_0x55ebcda7e490;  1 drivers
v0x55ebcda49760_0 .net *"_ivl_130", 3 0, L_0x55ebcda7e8d0;  1 drivers
v0x55ebcda49840_0 .net *"_ivl_132", 6 0, L_0x55ebcda7e620;  1 drivers
L_0x7efe54aa87f8 .functor BUFT 1, C4<00>, C4<0>, C4<0>, C4<0>;
v0x55ebcda49920_0 .net *"_ivl_135", 1 0, L_0x7efe54aa87f8;  1 drivers
v0x55ebcda49a00_0 .net *"_ivl_137", 0 0, L_0x55ebcda7ead0;  1 drivers
v0x55ebcda49ae0_0 .net *"_ivl_138", 22 0, L_0x55ebcda7e970;  1 drivers
v0x55ebcda49bc0_0 .net *"_ivl_140", 6 0, L_0x55ebcda7ea10;  1 drivers
L_0x7efe54aa8840 .functor BUFT 1, C4<00>, C4<0>, C4<0>, C4<0>;
v0x55ebcda49ca0_0 .net *"_ivl_143", 1 0, L_0x7efe54aa8840;  1 drivers
v0x55ebcda49e90_0 .net *"_ivl_144", 0 0, L_0x55ebcda7ebc0;  1 drivers
v0x55ebcda49f50_0 .net *"_ivl_148", 3 0, L_0x55ebcda7f030;  1 drivers
v0x55ebcda4a030_0 .net *"_ivl_150", 6 0, L_0x55ebcda7ed30;  1 drivers
L_0x7efe54aa8888 .functor BUFT 1, C4<00>, C4<0>, C4<0>, C4<0>;
v0x55ebcda4a110_0 .net *"_ivl_153", 1 0, L_0x7efe54aa8888;  1 drivers
v0x55ebcda4a1f0_0 .net *"_ivl_155", 0 0, L_0x55ebcda7f260;  1 drivers
v0x55ebcda4a2d0_0 .net *"_ivl_156", 22 0, L_0x55ebcda7f0d0;  1 drivers
v0x55ebcda4a3b0_0 .net *"_ivl_158", 6 0, L_0x55ebcda7f170;  1 drivers
v0x55ebcda4a490_0 .net *"_ivl_16", 3 0, L_0x55ebcda7b6c0;  1 drivers
L_0x7efe54aa88d0 .functor BUFT 1, C4<00>, C4<0>, C4<0>, C4<0>;
v0x55ebcda4a570_0 .net *"_ivl_161", 1 0, L_0x7efe54aa88d0;  1 drivers
v0x55ebcda4a650_0 .net *"_ivl_162", 0 0, L_0x55ebcda7f500;  1 drivers
v0x55ebcda4a710_0 .net *"_ivl_166", 3 0, L_0x55ebcda7f740;  1 drivers
v0x55ebcda4a7f0_0 .net *"_ivl_168", 6 0, L_0x55ebcda7f300;  1 drivers
L_0x7efe54aa8918 .functor BUFT 1, C4<00>, C4<0>, C4<0>, C4<0>;
v0x55ebcda4a8d0_0 .net *"_ivl_171", 1 0, L_0x7efe54aa8918;  1 drivers
v0x55ebcda4a9b0_0 .net *"_ivl_173", 0 0, L_0x55ebcda7fcc0;  1 drivers
v0x55ebcda4aa90_0 .net *"_ivl_174", 22 0, L_0x55ebcda7f7e0;  1 drivers
v0x55ebcda4ab70_0 .net *"_ivl_176", 6 0, L_0x55ebcda7f880;  1 drivers
L_0x7efe54aa8960 .functor BUFT 1, C4<00>, C4<0>, C4<0>, C4<0>;
v0x55ebcda4ae60_0 .net *"_ivl_179", 1 0, L_0x7efe54aa8960;  1 drivers
v0x55ebcda4af40_0 .net *"_ivl_18", 6 0, L_0x55ebcda7b760;  1 drivers
v0x55ebcda4b020_0 .net *"_ivl_180", 0 0, L_0x55ebcda7ff90;  1 drivers
v0x55ebcda4b0e0_0 .net *"_ivl_185", 0 0, L_0x55ebcda7efc0;  1 drivers
v0x55ebcda4b1a0_0 .net *"_ivl_187", 0 0, L_0x55ebcda802b0;  1 drivers
L_0x7efe54aa89a8 .functor BUFT 1, C4<11>, C4<0>, C4<0>, C4<0>;
v0x55ebcda4b260_0 .net/2u *"_ivl_190", 1 0, L_0x7efe54aa89a8;  1 drivers
L_0x7efe54aa89f0 .functor BUFT 1, C4<10>, C4<0>, C4<0>, C4<0>;
v0x55ebcda4b340_0 .net/2u *"_ivl_192", 1 0, L_0x7efe54aa89f0;  1 drivers
L_0x7efe54aa8a38 .functor BUFT 1, C4<01>, C4<0>, C4<0>, C4<0>;
v0x55ebcda4b420_0 .net/2u *"_ivl_194", 1 0, L_0x7efe54aa8a38;  1 drivers
L_0x7efe54aa8a80 .functor BUFT 1, C4<00>, C4<0>, C4<0>, C4<0>;
v0x55ebcda4b500_0 .net/2u *"_ivl_196", 1 0, L_0x7efe54aa8a80;  1 drivers
v0x55ebcda4b5e0_0 .net *"_ivl_198", 1 0, L_0x55ebcda804f0;  1 drivers
L_0x7efe54aa8450 .functor BUFT 1, C4<0000000000000000000000000001>, C4<0>, C4<0>, C4<0>;
v0x55ebcda4b6c0_0 .net/2u *"_ivl_2", 27 0, L_0x7efe54aa8450;  1 drivers
v0x55ebcda4b7a0_0 .net *"_ivl_200", 1 0, L_0x55ebcda7fe00;  1 drivers
v0x55ebcda4b880_0 .net *"_ivl_205", 0 0, L_0x55ebcda80630;  1 drivers
v0x55ebcda4b940_0 .net *"_ivl_207", 0 0, L_0x55ebcda80ac0;  1 drivers
L_0x7efe54aa84e0 .functor BUFT 1, C4<00>, C4<0>, C4<0>, C4<0>;
v0x55ebcda4ba00_0 .net *"_ivl_21", 1 0, L_0x7efe54aa84e0;  1 drivers
v0x55ebcda4bae0_0 .net *"_ivl_210", 31 0, L_0x55ebcda80c00;  1 drivers
v0x55ebcda4bbc0_0 .net *"_ivl_212", 9 0, L_0x55ebcda80820;  1 drivers
L_0x7efe54aa8ac8 .functor BUFT 1, C4<00000>, C4<0>, C4<0>, C4<0>;
v0x55ebcda4bca0_0 .net *"_ivl_215", 4 0, L_0x7efe54aa8ac8;  1 drivers
v0x55ebcda4bd80_0 .net *"_ivl_216", 11 0, L_0x55ebcda80910;  1 drivers
L_0x7efe54aa8b10 .functor BUFT 1, C4<00>, C4<0>, C4<0>, C4<0>;
v0x55ebcda4be60_0 .net *"_ivl_219", 1 0, L_0x7efe54aa8b10;  1 drivers
L_0x7efe54aa8b58 .functor BUFT 1, C4<000000000100>, C4<0>, C4<0>, C4<0>;
v0x55ebcda4bf40_0 .net/2u *"_ivl_220", 11 0, L_0x7efe54aa8b58;  1 drivers
v0x55ebcda4c020_0 .net *"_ivl_223", 11 0, L_0x55ebcda80f10;  1 drivers
v0x55ebcda4c100_0 .net *"_ivl_224", 3 0, L_0x55ebcda81050;  1 drivers
L_0x7efe54aa8ba0 .functor BUFT 1, C4<00>, C4<0>, C4<0>, C4<0>;
v0x55ebcda4c1e0_0 .net *"_ivl_227", 1 0, L_0x7efe54aa8ba0;  1 drivers
v0x55ebcda4c2c0_0 .net *"_ivl_23", 0 0, L_0x55ebcda7b8f0;  1 drivers
L_0x7efe54aa8be8 .functor BUFT 1, C4<0>, C4<0>, C4<0>, C4<0>;
v0x55ebcda4c3a0_0 .net *"_ivl_230", 0 0, L_0x7efe54aa8be8;  1 drivers
v0x55ebcda4c480_0 .net *"_ivl_231", 12 0, L_0x55ebcda80cf0;  1 drivers
L_0x7efe54aa8c30 .functor BUFT 1, C4<000000000>, C4<0>, C4<0>, C4<0>;
v0x55ebcda4c560_0 .net *"_ivl_234", 8 0, L_0x7efe54aa8c30;  1 drivers
v0x55ebcda4c640_0 .net *"_ivl_235", 12 0, L_0x55ebcda81320;  1 drivers
v0x55ebcda4c720_0 .net *"_ivl_236", 12 0, L_0x55ebcda81140;  1 drivers
v0x55ebcda4c800_0 .net *"_ivl_24", 22 0, L_0x55ebcda7b9e0;  1 drivers
v0x55ebcda4c8e0_0 .net *"_ivl_240", 31 0, L_0x55ebcda80a00;  1 drivers
v0x55ebcda4c9c0_0 .net *"_ivl_242", 9 0, L_0x55ebcda813c0;  1 drivers
L_0x7efe54aa8c78 .functor BUFT 1, C4<00000>, C4<0>, C4<0>, C4<0>;
v0x55ebcda4caa0_0 .net *"_ivl_245", 4 0, L_0x7efe54aa8c78;  1 drivers
v0x55ebcda4cb80_0 .net *"_ivl_246", 11 0, L_0x55ebcda814b0;  1 drivers
L_0x7efe54aa8cc0 .functor BUFT 1, C4<00>, C4<0>, C4<0>, C4<0>;
v0x55ebcda4cc60_0 .net *"_ivl_249", 1 0, L_0x7efe54aa8cc0;  1 drivers
L_0x7efe54aa8d08 .functor BUFT 1, C4<000000000100>, C4<0>, C4<0>, C4<0>;
v0x55ebcda4cd40_0 .net/2u *"_ivl_250", 11 0, L_0x7efe54aa8d08;  1 drivers
v0x55ebcda4ce20_0 .net *"_ivl_253", 11 0, L_0x55ebcda819b0;  1 drivers
v0x55ebcda4cf00_0 .net *"_ivl_254", 3 0, L_0x55ebcda81af0;  1 drivers
L_0x7efe54aa8d50 .functor BUFT 1, C4<00>, C4<0>, C4<0>, C4<0>;
v0x55ebcda4cfe0_0 .net *"_ivl_257", 1 0, L_0x7efe54aa8d50;  1 drivers
v0x55ebcda4d0c0_0 .net *"_ivl_26", 6 0, L_0x55ebcda7bae0;  1 drivers
L_0x7efe54aa8d98 .functor BUFT 1, C4<0>, C4<0>, C4<0>, C4<0>;
v0x55ebcda4d1a0_0 .net *"_ivl_260", 0 0, L_0x7efe54aa8d98;  1 drivers
v0x55ebcda4d280_0 .net *"_ivl_261", 12 0, L_0x55ebcda81750;  1 drivers
L_0x7efe54aa8de0 .functor BUFT 1, C4<000000000>, C4<0>, C4<0>, C4<0>;
v0x55ebcda4d360_0 .net *"_ivl_264", 8 0, L_0x7efe54aa8de0;  1 drivers
v0x55ebcda4d440_0 .net *"_ivl_265", 12 0, L_0x55ebcda81890;  1 drivers
v0x55ebcda4d520_0 .net *"_ivl_266", 12 0, L_0x55ebcda81e60;  1 drivers
v0x55ebcda4d600_0 .net *"_ivl_270", 31 0, L_0x55ebcda820b0;  1 drivers
v0x55ebcda4d6e0_0 .net *"_ivl_272", 9 0, L_0x55ebcda81b90;  1 drivers
L_0x7efe54aa8e28 .functor BUFT 1, C4<00000>, C4<0>, C4<0>, C4<0>;
v0x55ebcda4d7c0_0 .net *"_ivl_275", 4 0, L_0x7efe54aa8e28;  1 drivers
v0x55ebcda4d8a0_0 .net *"_ivl_276", 11 0, L_0x55ebcda81c80;  1 drivers
L_0x7efe54aa8e70 .functor BUFT 1, C4<00>, C4<0>, C4<0>, C4<0>;
v0x55ebcda4d980_0 .net *"_ivl_279", 1 0, L_0x7efe54aa8e70;  1 drivers
L_0x7efe54aa8eb8 .functor BUFT 1, C4<000000000100>, C4<0>, C4<0>, C4<0>;
v0x55ebcda4da60_0 .net/2u *"_ivl_280", 11 0, L_0x7efe54aa8eb8;  1 drivers
v0x55ebcda4db40_0 .net *"_ivl_283", 11 0, L_0x55ebcda823f0;  1 drivers
v0x55ebcda4dc20_0 .net *"_ivl_284", 3 0, L_0x55ebcda824e0;  1 drivers
L_0x7efe54aa8f00 .functor BUFT 1, C4<00>, C4<0>, C4<0>, C4<0>;
v0x55ebcda4dd00_0 .net *"_ivl_287", 1 0, L_0x7efe54aa8f00;  1 drivers
L_0x7efe54aa8528 .functor BUFT 1, C4<00>, C4<0>, C4<0>, C4<0>;
v0x55ebcda4dde0_0 .net *"_ivl_29", 1 0, L_0x7efe54aa8528;  1 drivers
L_0x7efe54aa8f48 .functor BUFT 1, C4<0>, C4<0>, C4<0>, C4<0>;
v0x55ebcda4dec0_0 .net *"_ivl_290", 0 0, L_0x7efe54aa8f48;  1 drivers
v0x55ebcda4dfa0_0 .net *"_ivl_291", 12 0, L_0x55ebcda821a0;  1 drivers
L_0x7efe54aa8f90 .functor BUFT 1, C4<000000000>, C4<0>, C4<0>, C4<0>;
v0x55ebcda4e080_0 .net *"_ivl_294", 8 0, L_0x7efe54aa8f90;  1 drivers
v0x55ebcda4e160_0 .net *"_ivl_295", 12 0, L_0x55ebcda822e0;  1 drivers
v0x55ebcda4e240_0 .net *"_ivl_296", 12 0, L_0x55ebcda82890;  1 drivers
v0x55ebcda4e320_0 .net *"_ivl_30", 0 0, L_0x55ebcda7bbd0;  1 drivers
v0x55ebcda4e3e0_0 .net *"_ivl_300", 31 0, L_0x55ebcda816a0;  1 drivers
v0x55ebcda4e4c0_0 .net *"_ivl_302", 9 0, L_0x55ebcda82580;  1 drivers
L_0x7efe54aa8fd8 .functor BUFT 1, C4<00000>, C4<0>, C4<0>, C4<0>;
v0x55ebcda4e5a0_0 .net *"_ivl_305", 4 0, L_0x7efe54aa8fd8;  1 drivers
v0x55ebcda4e680_0 .net *"_ivl_306", 11 0, L_0x55ebcda82670;  1 drivers
L_0x7efe54aa9020 .functor BUFT 1, C4<00>, C4<0>, C4<0>, C4<0>;
v0x55ebcda4e760_0 .net *"_ivl_309", 1 0, L_0x7efe54aa9020;  1 drivers
L_0x7efe54aa9068 .functor BUFT 1, C4<000000000100>, C4<0>, C4<0>, C4<0>;
v0x55ebcda4e840_0 .net/2u *"_ivl_310", 11 0, L_0x7efe54aa9068;  1 drivers
v0x55ebcda4e920_0 .net *"_ivl_313", 11 0, L_0x55ebcda82e80;  1 drivers
v0x55ebcda4ea00_0 .net *"_ivl_314", 3 0, L_0x55ebcda82f70;  1 drivers
L_0x7efe54aa90b0 .functor BUFT 1, C4<00>, C4<0>, C4<0>, C4<0>;
v0x55ebcda4eae0_0 .net *"_ivl_317", 1 0, L_0x7efe54aa90b0;  1 drivers
L_0x7efe54aa90f8 .functor BUFT 1, C4<0>, C4<0>, C4<0>, C4<0>;
v0x55ebcda4ebc0_0 .net *"_ivl_320", 0 0, L_0x7efe54aa90f8;  1 drivers
v0x55ebcda4eca0_0 .net *"_ivl_321", 12 0, L_0x55ebcda82bf0;  1 drivers
L_0x7efe54aa9140 .functor BUFT 1, C4<000000000>, C4<0>, C4<0>, C4<0>;
v0x55ebcda4ed80_0 .net *"_ivl_324", 8 0, L_0x7efe54aa9140;  1 drivers
v0x55ebcda4ee60_0 .net *"_ivl_325", 12 0, L_0x55ebcda82d30;  1 drivers
v0x55ebcda4ef40_0 .net *"_ivl_326", 12 0, L_0x55ebcda83310;  1 drivers
v0x55ebcda4f020_0 .net *"_ivl_331", 0 0, L_0x55ebcda83560;  1 drivers
v0x55ebcda4f100_0 .net *"_ivl_333", 7 0, L_0x55ebcda83010;  1 drivers
L_0x7efe54aa9188 .functor BUFT 1, C4<00000000>, C4<0>, C4<0>, C4<0>;
v0x55ebcda4f1e0_0 .net/2u *"_ivl_334", 7 0, L_0x7efe54aa9188;  1 drivers
v0x55ebcda4f2c0_0 .net *"_ivl_336", 7 0, L_0x55ebcda830b0;  1 drivers
v0x55ebcda4f3a0_0 .net *"_ivl_339", 0 0, L_0x55ebcda83240;  1 drivers
v0x55ebcda4f480_0 .net *"_ivl_34", 3 0, L_0x55ebcda7be40;  1 drivers
v0x55ebcda4f560_0 .net *"_ivl_341", 7 0, L_0x55ebcda83970;  1 drivers
L_0x7efe54aa91d0 .functor BUFT 1, C4<00000000>, C4<0>, C4<0>, C4<0>;
v0x55ebcda4f640_0 .net/2u *"_ivl_342", 7 0, L_0x7efe54aa91d0;  1 drivers
v0x55ebcda4f720_0 .net *"_ivl_344", 7 0, L_0x55ebcda83600;  1 drivers
v0x55ebcda4f800_0 .net *"_ivl_347", 0 0, L_0x55ebcda83790;  1 drivers
v0x55ebcda4f8e0_0 .net *"_ivl_349", 7 0, L_0x55ebcda83830;  1 drivers
L_0x7efe54aa9218 .functor BUFT 1, C4<00000000>, C4<0>, C4<0>, C4<0>;
v0x55ebcda4f9c0_0 .net/2u *"_ivl_350", 7 0, L_0x7efe54aa9218;  1 drivers
v0x55ebcda4faa0_0 .net *"_ivl_352", 7 0, L_0x55ebcda83da0;  1 drivers
v0x55ebcda4fb80_0 .net *"_ivl_355", 0 0, L_0x55ebcda83b00;  1 drivers
v0x55ebcda4fc60_0 .net *"_ivl_357", 7 0, L_0x55ebcda83c30;  1 drivers
L_0x7efe54aa9260 .functor BUFT 1, C4<00000000>, C4<0>, C4<0>, C4<0>;
v0x55ebcda4fd40_0 .net/2u *"_ivl_358", 7 0, L_0x7efe54aa9260;  1 drivers
v0x55ebcda4fe20_0 .net *"_ivl_36", 6 0, L_0x55ebcda7bee0;  1 drivers
v0x55ebcda4ff00_0 .net *"_ivl_360", 7 0, L_0x55ebcda841a0;  1 drivers
v0x55ebcda4ffe0_0 .net *"_ivl_365", 0 0, L_0x55ebcda83e40;  1 drivers
v0x55ebcda500c0_0 .net *"_ivl_367", 7 0, L_0x55ebcda83ee0;  1 drivers
v0x55ebcda509b0_0 .net *"_ivl_369", 7 0, L_0x55ebcda83f80;  1 drivers
v0x55ebcda50a90_0 .net *"_ivl_370", 7 0, L_0x55ebcda84020;  1 drivers
v0x55ebcda50b70_0 .net *"_ivl_373", 0 0, L_0x55ebcda84850;  1 drivers
v0x55ebcda50c50_0 .net *"_ivl_375", 7 0, L_0x55ebcda848f0;  1 drivers
v0x55ebcda50d30_0 .net *"_ivl_377", 7 0, L_0x55ebcda84470;  1 drivers
v0x55ebcda50e10_0 .net *"_ivl_378", 7 0, L_0x55ebcda84510;  1 drivers
v0x55ebcda50ef0_0 .net *"_ivl_381", 0 0, L_0x55ebcda846a0;  1 drivers
v0x55ebcda50fd0_0 .net *"_ivl_383", 7 0, L_0x55ebcda84740;  1 drivers
v0x55ebcda510b0_0 .net *"_ivl_385", 7 0, L_0x55ebcda84da0;  1 drivers
v0x55ebcda51190_0 .net *"_ivl_386", 7 0, L_0x55ebcda84e40;  1 drivers
v0x55ebcda51270_0 .net *"_ivl_389", 0 0, L_0x55ebcda84ad0;  1 drivers
L_0x7efe54aa8570 .functor BUFT 1, C4<00>, C4<0>, C4<0>, C4<0>;
v0x55ebcda51350_0 .net *"_ivl_39", 1 0, L_0x7efe54aa8570;  1 drivers
v0x55ebcda51430_0 .net *"_ivl_391", 7 0, L_0x55ebcda84b70;  1 drivers
v0x55ebcda51510_0 .net *"_ivl_393", 7 0, L_0x55ebcda84c10;  1 drivers
v0x55ebcda515f0_0 .net *"_ivl_394", 7 0, L_0x55ebcda84cb0;  1 drivers
L_0x7efe54aa92a8 .functor BUFT 1, C4<00>, C4<0>, C4<0>, C4<0>;
v0x55ebcda516d0_0 .net/2u *"_ivl_400", 1 0, L_0x7efe54aa92a8;  1 drivers
L_0x7efe54aa92f0 .functor BUFT 1, C4<00>, C4<0>, C4<0>, C4<0>;
v0x55ebcda517b0_0 .net/2u *"_ivl_404", 1 0, L_0x7efe54aa92f0;  1 drivers
L_0x7efe54aa9338 .functor BUFT 1, C4<01>, C4<0>, C4<0>, C4<0>;
v0x55ebcda51890_0 .net/2u *"_ivl_408", 1 0, L_0x7efe54aa9338;  1 drivers
v0x55ebcda51970_0 .net *"_ivl_41", 0 0, L_0x55ebcda7c0e0;  1 drivers
v0x55ebcda51a50_0 .net *"_ivl_410", 0 0, L_0x55ebcda853d0;  1 drivers
L_0x7efe54aa9380 .functor BUFT 1, C4<10>, C4<0>, C4<0>, C4<0>;
v0x55ebcda51b10_0 .net/2u *"_ivl_412", 1 0, L_0x7efe54aa9380;  1 drivers
v0x55ebcda51bf0_0 .net *"_ivl_414", 0 0, L_0x55ebcda85510;  1 drivers
L_0x7efe54aa93c8 .functor BUFT 1, C4<11>, C4<0>, C4<0>, C4<0>;
v0x55ebcda51cb0_0 .net/2u *"_ivl_416", 1 0, L_0x7efe54aa93c8;  1 drivers
v0x55ebcda51d90_0 .net *"_ivl_418", 0 0, L_0x55ebcda85600;  1 drivers
v0x55ebcda51e50_0 .net *"_ivl_42", 22 0, L_0x55ebcda7c180;  1 drivers
v0x55ebcda51f30_0 .net *"_ivl_420", 31 0, L_0x55ebcda856d0;  1 drivers
v0x55ebcda52010_0 .net *"_ivl_422", 31 0, L_0x55ebcda85e80;  1 drivers
L_0x7efe54aa9410 .functor BUFT 1, C4<01>, C4<0>, C4<0>, C4<0>;
v0x55ebcda520f0_0 .net/2u *"_ivl_426", 1 0, L_0x7efe54aa9410;  1 drivers
v0x55ebcda521d0_0 .net *"_ivl_428", 0 0, L_0x55ebcda85af0;  1 drivers
L_0x7efe54aa9458 .functor BUFT 1, C4<11>, C4<0>, C4<0>, C4<0>;
v0x55ebcda52290_0 .net/2u *"_ivl_430", 1 0, L_0x7efe54aa9458;  1 drivers
v0x55ebcda52370_0 .net *"_ivl_432", 0 0, L_0x55ebcda85be0;  1 drivers
v0x55ebcda52430_0 .net *"_ivl_435", 0 0, L_0x55ebcda85cd0;  1 drivers
L_0x7efe54aa94a0 .functor BUFT 1, C4<00000000000000000000000000000100>, C4<0>, C4<0>, C4<0>;
v0x55ebcda524f0_0 .net/2u *"_ivl_436", 31 0, L_0x7efe54aa94a0;  1 drivers
v0x55ebcda525d0_0 .net *"_ivl_438", 0 0, L_0x55ebcda82ae0;  1 drivers
v0x55ebcda52690_0 .net *"_ivl_44", 6 0, L_0x55ebcda7c2b0;  1 drivers
v0x55ebcda52770_0 .net *"_ivl_441", 0 0, L_0x55ebcda865d0;  1 drivers
v0x55ebcda52830_0 .net *"_ivl_445", 0 0, L_0x55ebcda86500;  1 drivers
v0x55ebcda528f0_0 .net *"_ivl_447", 0 0, L_0x55ebcda868d0;  1 drivers
L_0x7efe54aa94e8 .functor BUFT 1, C4<10>, C4<0>, C4<0>, C4<0>;
v0x55ebcda529b0_0 .net/2u *"_ivl_448", 1 0, L_0x7efe54aa94e8;  1 drivers
v0x55ebcda52a90_0 .net *"_ivl_450", 0 0, L_0x55ebcda867f0;  1 drivers
v0x55ebcda52b50_0 .net *"_ivl_453", 0 0, L_0x55ebcda860b0;  1 drivers
v0x55ebcda52c10_0 .net *"_ivl_457", 0 0, L_0x55ebcda863d0;  1 drivers
L_0x7efe54aa9530 .functor BUFT 1, C4<00000000000000000000000000000000>, C4<0>, C4<0>, C4<0>;
v0x55ebcda52cd0_0 .net/2u *"_ivl_460", 31 0, L_0x7efe54aa9530;  1 drivers
v0x55ebcda52db0_0 .net *"_ivl_462", 31 0, L_0x55ebcda86f80;  1 drivers
L_0x7efe54aa85b8 .functor BUFT 1, C4<00>, C4<0>, C4<0>, C4<0>;
v0x55ebcda52e90_0 .net *"_ivl_47", 1 0, L_0x7efe54aa85b8;  1 drivers
v0x55ebcda52f70_0 .net *"_ivl_48", 0 0, L_0x55ebcda7c3a0;  1 drivers
v0x55ebcda53030_0 .net *"_ivl_52", 3 0, L_0x55ebcda7c5d0;  1 drivers
v0x55ebcda53110_0 .net *"_ivl_54", 6 0, L_0x55ebcda7c670;  1 drivers
L_0x7efe54aa8600 .functor BUFT 1, C4<00>, C4<0>, C4<0>, C4<0>;
v0x55ebcda531f0_0 .net *"_ivl_57", 1 0, L_0x7efe54aa8600;  1 drivers
v0x55ebcda532d0_0 .net *"_ivl_59", 0 0, L_0x55ebcda7c810;  1 drivers
L_0x7efe54aa8498 .functor BUFT 1, C4<0000>, C4<0>, C4<0>, C4<0>;
v0x55ebcda533b0_0 .net/2u *"_ivl_6", 3 0, L_0x7efe54aa8498;  1 drivers
v0x55ebcda53490_0 .net *"_ivl_60", 22 0, L_0x55ebcda7c8b0;  1 drivers
v0x55ebcda53570_0 .net *"_ivl_62", 6 0, L_0x55ebcda7c760;  1 drivers
L_0x7efe54aa8648 .functor BUFT 1, C4<00>, C4<0>, C4<0>, C4<0>;
v0x55ebcda53650_0 .net *"_ivl_65", 1 0, L_0x7efe54aa8648;  1 drivers
v0x55ebcda53730_0 .net *"_ivl_66", 0 0, L_0x55ebcda7cab0;  1 drivers
v0x55ebcda537f0_0 .net *"_ivl_70", 3 0, L_0x55ebcda7cd00;  1 drivers
v0x55ebcda538d0_0 .net *"_ivl_72", 6 0, L_0x55ebcda7cda0;  1 drivers
L_0x7efe54aa8690 .functor BUFT 1, C4<00>, C4<0>, C4<0>, C4<0>;
v0x55ebcda539b0_0 .net *"_ivl_75", 1 0, L_0x7efe54aa8690;  1 drivers
v0x55ebcda53a90_0 .net *"_ivl_77", 0 0, L_0x55ebcda7d080;  1 drivers
v0x55ebcda53b70_0 .net *"_ivl_78", 22 0, L_0x55ebcda7d120;  1 drivers
v0x55ebcda53c50_0 .net *"_ivl_80", 6 0, L_0x55ebcda7cfa0;  1 drivers
L_0x7efe54aa86d8 .functor BUFT 1, C4<00>, C4<0>, C4<0>, C4<0>;
v0x55ebcda53d30_0 .net *"_ivl_83", 1 0, L_0x7efe54aa86d8;  1 drivers
v0x55ebcda53e10_0 .net *"_ivl_84", 0 0, L_0x55ebcda7d350;  1 drivers
v0x55ebcda53ed0_0 .net *"_ivl_89", 0 0, L_0x55ebcda7d590;  1 drivers
v0x55ebcda53f90_0 .net *"_ivl_91", 0 0, L_0x55ebcda7d6a0;  1 drivers
v0x55ebcda54050_0 .net *"_ivl_95", 0 0, L_0x55ebcda7d8c0;  1 drivers
L_0x7efe54aa8720 .functor BUFT 1, C4<11>, C4<0>, C4<0>, C4<0>;
v0x55ebcda54110_0 .net/2u *"_ivl_98", 1 0, L_0x7efe54aa8720;  1 drivers
v0x55ebcda541f0_0 .var "cache_read_data", 31 0;
v0x55ebcda542d0 .array "datas0", 127 0, 31 0;
v0x55ebcda54390 .array "datas1", 127 0, 31 0;
v0x55ebcda54450 .array "datas2", 127 0, 31 0;
v0x55ebcda54510 .array "datas3", 127 0, 31 0;
v0x55ebcda545d0_0 .var "fill_word", 31 0;
v0x55ebcda546b0_0 .net "hit", 0 0, L_0x55ebcda80190;  1 drivers
v0x55ebcda54770_0 .net "hit_way", 1 0, L_0x55ebcda80780;  1 drivers
v0x55ebcda54850_0 .net "hit_write_word", 31 0, L_0x55ebcda84f30;  1 drivers
v0x55ebcda54930_0 .net "i_clk", 0 0, v0x55ebcda65f10_0;  alias, 1 drivers
v0x55ebcda549d0_0 .net "i_mem_rdata", 31 0, L_0x55ebcda79190;  alias, 1 drivers
v0x55ebcda54ab0_0 .net "i_mem_ready", 0 0, L_0x55ebcda79420;  alias, 1 drivers
v0x55ebcda54b70_0 .net "i_mem_valid", 0 0, L_0x55ebcda792e0;  alias, 1 drivers
v0x55ebcda54c30_0 .net "i_req_addr", 31 0, v0x55ebcda37330_0;  alias, 1 drivers
L_0x7efe54aa95c0 .functor BUFT 1, C4<1111>, C4<0>, C4<0>, C4<0>;
v0x55ebcda54cf0_0 .net "i_req_mask", 3 0, L_0x7efe54aa95c0;  1 drivers
v0x55ebcda54db0_0 .net "i_req_ren", 0 0, L_0x55ebcda94c80;  alias, 1 drivers
L_0x7efe54aa9608 .functor BUFT 1, C4<00000000000000000000000000000000>, C4<0>, C4<0>, C4<0>;
v0x55ebcda54e70_0 .net "i_req_wdata", 31 0, L_0x7efe54aa9608;  1 drivers
v0x55ebcda54f50_0 .net "i_req_wen", 0 0, L_0x7efe54aa9578;  1 drivers
v0x55ebcda55010_0 .net "i_rst", 0 0, v0x55ebcda67940_0;  alias, 1 drivers
v0x55ebcda550b0_0 .net "masked_read_data", 31 0, L_0x55ebcda84290;  1 drivers
v0x55ebcda55190_0 .net "mem_req_addr", 31 0, L_0x55ebcda85110;  1 drivers
v0x55ebcda55270_0 .var "mem_req_offset", 3 0;
v0x55ebcda55350_0 .net "miss", 0 0, L_0x55ebcda803c0;  1 drivers
v0x55ebcda55410_0 .var "miss_set", 4 0;
v0x55ebcda554f0_0 .var "miss_tag", 22 0;
v0x55ebcda555d0_0 .var "miss_way", 1 0;
v0x55ebcda556b0_0 .var "miss_write", 0 0;
v0x55ebcda55770_0 .var "miss_write_data", 31 0;
v0x55ebcda55850_0 .var "miss_write_mask", 3 0;
v0x55ebcda55930_0 .var "miss_write_word_data", 31 0;
v0x55ebcda55a10_0 .var "miss_write_word_off", 1 0;
v0x55ebcda55af0_0 .net "o_busy", 0 0, L_0x55ebcda858c0;  alias, 1 drivers
v0x55ebcda55bb0_0 .net "o_mem_addr", 31 0, L_0x55ebcda86010;  alias, 1 drivers
v0x55ebcda55c90_0 .net "o_mem_ren", 0 0, L_0x55ebcda866e0;  alias, 1 drivers
v0x55ebcda55d50_0 .net "o_mem_wdata", 31 0, L_0x55ebcda86ee0;  alias, 1 drivers
v0x55ebcda55e30_0 .net "o_mem_wen", 0 0, L_0x55ebcda86170;  alias, 1 drivers
v0x55ebcda55ef0_0 .net "o_res_rdata", 31 0, L_0x55ebcda86ad0;  alias, 1 drivers
v0x55ebcda55fd0 .array "plru", 0 31, 2 0;
v0x55ebcda56090_0 .net "prefetch_addr", 31 0, L_0x55ebcda7b350;  1 drivers
v0x55ebcda56170_0 .net "prefetch_hit", 0 0, L_0x55ebcda7d7b0;  1 drivers
v0x55ebcda56230_0 .net "prefetch_line_addr", 27 0, L_0x55ebcda7b100;  1 drivers
v0x55ebcda56310_0 .net "prefetch_set", 4 0, L_0x55ebcda7b580;  1 drivers
v0x55ebcda563f0_0 .net "prefetch_tag", 22 0, L_0x55ebcda7b490;  1 drivers
v0x55ebcda564d0_0 .net "prefetch_way0_match", 0 0, L_0x55ebcda7bd80;  1 drivers
v0x55ebcda56590_0 .net "prefetch_way1_match", 0 0, L_0x55ebcda7c220;  1 drivers
v0x55ebcda56650_0 .net "prefetch_way2_match", 0 0, L_0x55ebcda7c950;  1 drivers
v0x55ebcda56710_0 .net "prefetch_way3_match", 0 0, L_0x55ebcda7d1c0;  1 drivers
v0x55ebcda567d0_0 .net "req_line_addr", 27 0, L_0x55ebcda7b060;  1 drivers
v0x55ebcda568b0_0 .net "req_set", 4 0, L_0x55ebcda7dc00;  1 drivers
v0x55ebcda56990_0 .net "req_tag", 22 0, L_0x55ebcda7dfc0;  1 drivers
v0x55ebcda56a70_0 .net "req_word_off", 1 0, L_0x55ebcda7b620;  1 drivers
v0x55ebcda56b50_0 .net "request_is_prefetch_point", 0 0, L_0x55ebcda7d440;  1 drivers
v0x55ebcda56c10_0 .net "request_is_read", 0 0, L_0x55ebcda7d960;  1 drivers
v0x55ebcda56cd0_0 .var "serviced_a_miss", 0 0;
v0x55ebcda56d90_0 .var "serviced_data", 31 0;
v0x55ebcda56e70_0 .net "should_start_prefetch", 0 0, L_0x55ebcda7de50;  1 drivers
v0x55ebcda56f30_0 .var "state", 1 0;
v0x55ebcda57010 .array "tags0", 0 31, 22 0;
v0x55ebcda570d0 .array "tags1", 0 31, 22 0;
v0x55ebcda57190 .array "tags2", 0 31, 22 0;
v0x55ebcda57250 .array "tags3", 0 31, 22 0;
v0x55ebcda50180 .array "valid", 0 31, 3 0;
v0x55ebcda50240_0 .net "way0_data", 31 0, L_0x55ebcda811e0;  1 drivers
v0x55ebcda50320_0 .net "way0_match", 0 0, L_0x55ebcda7e7c0;  1 drivers
v0x55ebcda503e0_0 .net "way1_data", 31 0, L_0x55ebcda81f00;  1 drivers
v0x55ebcda504c0_0 .net "way1_match", 0 0, L_0x55ebcda7eeb0;  1 drivers
v0x55ebcda50580_0 .net "way2_data", 31 0, L_0x55ebcda82930;  1 drivers
v0x55ebcda50660_0 .net "way2_match", 0 0, L_0x55ebcda7f680;  1 drivers
v0x55ebcda50720_0 .net "way3_data", 31 0, L_0x55ebcda833b0;  1 drivers
v0x55ebcda50800_0 .net "way3_match", 0 0, L_0x55ebcda80080;  1 drivers
v0x55ebcda508c0_0 .var "words_filled", 31 0;
v0x55ebcda58340_0 .var "words_requested", 31 0;
v0x55ebcda58420_0 .net "writeback_addr", 31 0, L_0x55ebcda851b0;  1 drivers
E_0x55ebcd737be0/0 .event anyedge, v0x55ebcda54770_0, v0x55ebcda50240_0, v0x55ebcda503e0_0, v0x55ebcda50580_0;
E_0x55ebcd737be0/1 .event anyedge, v0x55ebcda50720_0;
E_0x55ebcd737be0 .event/or E_0x55ebcd737be0/0, E_0x55ebcd737be0/1;
L_0x55ebcda7b060 .part v0x55ebcda37330_0, 4, 28;
L_0x55ebcda7b100 .arith/sum 28, L_0x55ebcda7b060, L_0x7efe54aa8450;
L_0x55ebcda7b350 .concat [ 4 28 0 0], L_0x7efe54aa8498, L_0x55ebcda7b100;
L_0x55ebcda7b490 .part L_0x55ebcda7b350, 9, 23;
L_0x55ebcda7b580 .part L_0x55ebcda7b350, 4, 5;
L_0x55ebcda7b620 .part v0x55ebcda37330_0, 2, 2;
L_0x55ebcda7b6c0 .array/port v0x55ebcda50180, L_0x55ebcda7b760;
L_0x55ebcda7b760 .concat [ 5 2 0 0], L_0x55ebcda7b580, L_0x7efe54aa84e0;
L_0x55ebcda7b8f0 .part L_0x55ebcda7b6c0, 0, 1;
L_0x55ebcda7b9e0 .array/port v0x55ebcda57010, L_0x55ebcda7bae0;
L_0x55ebcda7bae0 .concat [ 5 2 0 0], L_0x55ebcda7b580, L_0x7efe54aa8528;
L_0x55ebcda7bbd0 .cmp/eq 23, L_0x55ebcda7b9e0, L_0x55ebcda7b490;
L_0x55ebcda7be40 .array/port v0x55ebcda50180, L_0x55ebcda7bee0;
L_0x55ebcda7bee0 .concat [ 5 2 0 0], L_0x55ebcda7b580, L_0x7efe54aa8570;
L_0x55ebcda7c0e0 .part L_0x55ebcda7be40, 1, 1;
L_0x55ebcda7c180 .array/port v0x55ebcda570d0, L_0x55ebcda7c2b0;
L_0x55ebcda7c2b0 .concat [ 5 2 0 0], L_0x55ebcda7b580, L_0x7efe54aa85b8;
L_0x55ebcda7c3a0 .cmp/eq 23, L_0x55ebcda7c180, L_0x55ebcda7b490;
L_0x55ebcda7c5d0 .array/port v0x55ebcda50180, L_0x55ebcda7c670;
L_0x55ebcda7c670 .concat [ 5 2 0 0], L_0x55ebcda7b580, L_0x7efe54aa8600;
L_0x55ebcda7c810 .part L_0x55ebcda7c5d0, 2, 1;
L_0x55ebcda7c8b0 .array/port v0x55ebcda57190, L_0x55ebcda7c760;
L_0x55ebcda7c760 .concat [ 5 2 0 0], L_0x55ebcda7b580, L_0x7efe54aa8648;
L_0x55ebcda7cab0 .cmp/eq 23, L_0x55ebcda7c8b0, L_0x55ebcda7b490;
L_0x55ebcda7cd00 .array/port v0x55ebcda50180, L_0x55ebcda7cda0;
L_0x55ebcda7cda0 .concat [ 5 2 0 0], L_0x55ebcda7b580, L_0x7efe54aa8690;
L_0x55ebcda7d080 .part L_0x55ebcda7cd00, 3, 1;
L_0x55ebcda7d120 .array/port v0x55ebcda57250, L_0x55ebcda7cfa0;
L_0x55ebcda7cfa0 .concat [ 5 2 0 0], L_0x55ebcda7b580, L_0x7efe54aa86d8;
L_0x55ebcda7d350 .cmp/eq 23, L_0x55ebcda7d120, L_0x55ebcda7b490;
L_0x55ebcda7d8c0 .reduce/nor L_0x7efe54aa9578;
L_0x55ebcda7dac0 .cmp/eq 2, L_0x55ebcda7b620, L_0x7efe54aa8720;
L_0x55ebcda7dd60 .reduce/nor L_0x55ebcda7d7b0;
L_0x55ebcda7dfc0 .part v0x55ebcda37330_0, 9, 23;
L_0x55ebcda7dc00 .part v0x55ebcda37330_0, 4, 5;
L_0x55ebcda7e180 .array/port v0x55ebcda50180, L_0x55ebcda7e060;
L_0x55ebcda7e060 .concat [ 5 2 0 0], L_0x55ebcda7dc00, L_0x7efe54aa8768;
L_0x55ebcda7e350 .part L_0x55ebcda7e180, 0, 1;
L_0x55ebcda7e220 .array/port v0x55ebcda57010, L_0x55ebcda7e580;
L_0x55ebcda7e580 .concat [ 5 2 0 0], L_0x55ebcda7dc00, L_0x7efe54aa87b0;
L_0x55ebcda7e490 .cmp/eq 23, L_0x55ebcda7e220, L_0x55ebcda7dfc0;
L_0x55ebcda7e8d0 .array/port v0x55ebcda50180, L_0x55ebcda7e620;
L_0x55ebcda7e620 .concat [ 5 2 0 0], L_0x55ebcda7dc00, L_0x7efe54aa87f8;
L_0x55ebcda7ead0 .part L_0x55ebcda7e8d0, 1, 1;
L_0x55ebcda7e970 .array/port v0x55ebcda570d0, L_0x55ebcda7ea10;
L_0x55ebcda7ea10 .concat [ 5 2 0 0], L_0x55ebcda7dc00, L_0x7efe54aa8840;
L_0x55ebcda7ebc0 .cmp/eq 23, L_0x55ebcda7e970, L_0x55ebcda7dfc0;
L_0x55ebcda7f030 .array/port v0x55ebcda50180, L_0x55ebcda7ed30;
L_0x55ebcda7ed30 .concat [ 5 2 0 0], L_0x55ebcda7dc00, L_0x7efe54aa8888;
L_0x55ebcda7f260 .part L_0x55ebcda7f030, 2, 1;
L_0x55ebcda7f0d0 .array/port v0x55ebcda57190, L_0x55ebcda7f170;
L_0x55ebcda7f170 .concat [ 5 2 0 0], L_0x55ebcda7dc00, L_0x7efe54aa88d0;
L_0x55ebcda7f500 .cmp/eq 23, L_0x55ebcda7f0d0, L_0x55ebcda7dfc0;
L_0x55ebcda7f740 .array/port v0x55ebcda50180, L_0x55ebcda7f300;
L_0x55ebcda7f300 .concat [ 5 2 0 0], L_0x55ebcda7dc00, L_0x7efe54aa8918;
L_0x55ebcda7fcc0 .part L_0x55ebcda7f740, 3, 1;
L_0x55ebcda7f7e0 .array/port v0x55ebcda57250, L_0x55ebcda7f880;
L_0x55ebcda7f880 .concat [ 5 2 0 0], L_0x55ebcda7dc00, L_0x7efe54aa8960;
L_0x55ebcda7ff90 .cmp/eq 23, L_0x55ebcda7f7e0, L_0x55ebcda7dfc0;
L_0x55ebcda804f0 .functor MUXZ 2, L_0x7efe54aa8a80, L_0x7efe54aa8a38, L_0x55ebcda7eeb0, C4<>;
L_0x55ebcda7fe00 .functor MUXZ 2, L_0x55ebcda804f0, L_0x7efe54aa89f0, L_0x55ebcda7f680, C4<>;
L_0x55ebcda80780 .functor MUXZ 2, L_0x55ebcda7fe00, L_0x7efe54aa89a8, L_0x55ebcda80080, C4<>;
L_0x55ebcda80ac0 .reduce/nor L_0x55ebcda80190;
L_0x55ebcda80c00 .array/port v0x55ebcda542d0, L_0x55ebcda81140;
L_0x55ebcda80820 .concat [ 5 5 0 0], L_0x55ebcda7dc00, L_0x7efe54aa8ac8;
L_0x55ebcda80910 .concat [ 10 2 0 0], L_0x55ebcda80820, L_0x7efe54aa8b10;
L_0x55ebcda80f10 .arith/mult 12, L_0x55ebcda80910, L_0x7efe54aa8b58;
L_0x55ebcda81050 .concat [ 2 2 0 0], L_0x55ebcda7b620, L_0x7efe54aa8ba0;
L_0x55ebcda80cf0 .concat [ 12 1 0 0], L_0x55ebcda80f10, L_0x7efe54aa8be8;
L_0x55ebcda81320 .concat [ 4 9 0 0], L_0x55ebcda81050, L_0x7efe54aa8c30;
L_0x55ebcda81140 .arith/sum 13, L_0x55ebcda80cf0, L_0x55ebcda81320;
L_0x55ebcda80a00 .array/port v0x55ebcda54390, L_0x55ebcda81e60;
L_0x55ebcda813c0 .concat [ 5 5 0 0], L_0x55ebcda7dc00, L_0x7efe54aa8c78;
L_0x55ebcda814b0 .concat [ 10 2 0 0], L_0x55ebcda813c0, L_0x7efe54aa8cc0;
L_0x55ebcda819b0 .arith/mult 12, L_0x55ebcda814b0, L_0x7efe54aa8d08;
L_0x55ebcda81af0 .concat [ 2 2 0 0], L_0x55ebcda7b620, L_0x7efe54aa8d50;
L_0x55ebcda81750 .concat [ 12 1 0 0], L_0x55ebcda819b0, L_0x7efe54aa8d98;
L_0x55ebcda81890 .concat [ 4 9 0 0], L_0x55ebcda81af0, L_0x7efe54aa8de0;
L_0x55ebcda81e60 .arith/sum 13, L_0x55ebcda81750, L_0x55ebcda81890;
L_0x55ebcda820b0 .array/port v0x55ebcda54450, L_0x55ebcda82890;
L_0x55ebcda81b90 .concat [ 5 5 0 0], L_0x55ebcda7dc00, L_0x7efe54aa8e28;
L_0x55ebcda81c80 .concat [ 10 2 0 0], L_0x55ebcda81b90, L_0x7efe54aa8e70;
L_0x55ebcda823f0 .arith/mult 12, L_0x55ebcda81c80, L_0x7efe54aa8eb8;
L_0x55ebcda824e0 .concat [ 2 2 0 0], L_0x55ebcda7b620, L_0x7efe54aa8f00;
L_0x55ebcda821a0 .concat [ 12 1 0 0], L_0x55ebcda823f0, L_0x7efe54aa8f48;
L_0x55ebcda822e0 .concat [ 4 9 0 0], L_0x55ebcda824e0, L_0x7efe54aa8f90;
L_0x55ebcda82890 .arith/sum 13, L_0x55ebcda821a0, L_0x55ebcda822e0;
L_0x55ebcda816a0 .array/port v0x55ebcda54510, L_0x55ebcda83310;
L_0x55ebcda82580 .concat [ 5 5 0 0], L_0x55ebcda7dc00, L_0x7efe54aa8fd8;
L_0x55ebcda82670 .concat [ 10 2 0 0], L_0x55ebcda82580, L_0x7efe54aa9020;
L_0x55ebcda82e80 .arith/mult 12, L_0x55ebcda82670, L_0x7efe54aa9068;
L_0x55ebcda82f70 .concat [ 2 2 0 0], L_0x55ebcda7b620, L_0x7efe54aa90b0;
L_0x55ebcda82bf0 .concat [ 12 1 0 0], L_0x55ebcda82e80, L_0x7efe54aa90f8;
L_0x55ebcda82d30 .concat [ 4 9 0 0], L_0x55ebcda82f70, L_0x7efe54aa9140;
L_0x55ebcda83310 .arith/sum 13, L_0x55ebcda82bf0, L_0x55ebcda82d30;
L_0x55ebcda83560 .part L_0x7efe54aa95c0, 3, 1;
L_0x55ebcda83010 .part v0x55ebcda541f0_0, 24, 8;
L_0x55ebcda830b0 .functor MUXZ 8, L_0x7efe54aa9188, L_0x55ebcda83010, L_0x55ebcda83560, C4<>;
L_0x55ebcda83240 .part L_0x7efe54aa95c0, 2, 1;
L_0x55ebcda83970 .part v0x55ebcda541f0_0, 16, 8;
L_0x55ebcda83600 .functor MUXZ 8, L_0x7efe54aa91d0, L_0x55ebcda83970, L_0x55ebcda83240, C4<>;
L_0x55ebcda83790 .part L_0x7efe54aa95c0, 1, 1;
L_0x55ebcda83830 .part v0x55ebcda541f0_0, 8, 8;
L_0x55ebcda83da0 .functor MUXZ 8, L_0x7efe54aa9218, L_0x55ebcda83830, L_0x55ebcda83790, C4<>;
L_0x55ebcda83b00 .part L_0x7efe54aa95c0, 0, 1;
L_0x55ebcda83c30 .part v0x55ebcda541f0_0, 0, 8;
L_0x55ebcda841a0 .functor MUXZ 8, L_0x7efe54aa9260, L_0x55ebcda83c30, L_0x55ebcda83b00, C4<>;
L_0x55ebcda84290 .concat [ 8 8 8 8], L_0x55ebcda841a0, L_0x55ebcda83da0, L_0x55ebcda83600, L_0x55ebcda830b0;
L_0x55ebcda83e40 .part L_0x7efe54aa95c0, 3, 1;
L_0x55ebcda83ee0 .part L_0x7efe54aa9608, 24, 8;
L_0x55ebcda83f80 .part v0x55ebcda541f0_0, 24, 8;
L_0x55ebcda84020 .functor MUXZ 8, L_0x55ebcda83f80, L_0x55ebcda83ee0, L_0x55ebcda83e40, C4<>;
L_0x55ebcda84850 .part L_0x7efe54aa95c0, 2, 1;
L_0x55ebcda848f0 .part L_0x7efe54aa9608, 16, 8;
L_0x55ebcda84470 .part v0x55ebcda541f0_0, 16, 8;
L_0x55ebcda84510 .functor MUXZ 8, L_0x55ebcda84470, L_0x55ebcda848f0, L_0x55ebcda84850, C4<>;
L_0x55ebcda846a0 .part L_0x7efe54aa95c0, 1, 1;
L_0x55ebcda84740 .part L_0x7efe54aa9608, 8, 8;
L_0x55ebcda84da0 .part v0x55ebcda541f0_0, 8, 8;
L_0x55ebcda84e40 .functor MUXZ 8, L_0x55ebcda84da0, L_0x55ebcda84740, L_0x55ebcda846a0, C4<>;
L_0x55ebcda84ad0 .part L_0x7efe54aa95c0, 0, 1;
L_0x55ebcda84b70 .part L_0x7efe54aa9608, 0, 8;
L_0x55ebcda84c10 .part v0x55ebcda541f0_0, 0, 8;
L_0x55ebcda84cb0 .functor MUXZ 8, L_0x55ebcda84c10, L_0x55ebcda84b70, L_0x55ebcda84ad0, C4<>;
L_0x55ebcda84f30 .concat [ 8 8 8 8], L_0x55ebcda84cb0, L_0x55ebcda84e40, L_0x55ebcda84510, L_0x55ebcda84020;
L_0x55ebcda85110 .concat [ 4 5 23 0], v0x55ebcda55270_0, v0x55ebcda55410_0, v0x55ebcda554f0_0;
L_0x55ebcda851b0 .concat [ 2 2 5 23], L_0x7efe54aa92a8, v0x55ebcda55a10_0, v0x55ebcda55410_0, v0x55ebcda554f0_0;
L_0x55ebcda858c0 .cmp/ne 2, v0x55ebcda56f30_0, L_0x7efe54aa92f0;
L_0x55ebcda853d0 .cmp/eq 2, v0x55ebcda56f30_0, L_0x7efe54aa9338;
L_0x55ebcda85510 .cmp/eq 2, v0x55ebcda56f30_0, L_0x7efe54aa9380;
L_0x55ebcda85600 .cmp/eq 2, v0x55ebcda56f30_0, L_0x7efe54aa93c8;
L_0x55ebcda856d0 .functor MUXZ 32, v0x55ebcda37330_0, L_0x55ebcda85110, L_0x55ebcda85600, C4<>;
L_0x55ebcda85e80 .functor MUXZ 32, L_0x55ebcda856d0, L_0x55ebcda851b0, L_0x55ebcda85510, C4<>;
L_0x55ebcda86010 .functor MUXZ 32, L_0x55ebcda85e80, L_0x55ebcda85110, L_0x55ebcda853d0, C4<>;
L_0x55ebcda85af0 .cmp/eq 2, v0x55ebcda56f30_0, L_0x7efe54aa9410;
L_0x55ebcda85be0 .cmp/eq 2, v0x55ebcda56f30_0, L_0x7efe54aa9458;
L_0x55ebcda82ae0 .cmp/gt 32, L_0x7efe54aa94a0, v0x55ebcda58340_0;
L_0x55ebcda867f0 .cmp/eq 2, v0x55ebcda56f30_0, L_0x7efe54aa94e8;
L_0x55ebcda86ee0 .functor MUXZ 32, v0x55ebcda55930_0, L_0x55ebcda84f30, L_0x55ebcda863d0, C4<>;
L_0x55ebcda86f80 .functor MUXZ 32, L_0x7efe54aa9530, v0x55ebcda56d90_0, v0x55ebcda56cd0_0, C4<>;
L_0x55ebcda86ad0 .functor MUXZ 32, L_0x55ebcda86f80, L_0x55ebcda84290, L_0x55ebcda80190, C4<>;
S_0x55ebcda48470 .scope function.vec4.s2, "choose_victim_way" "choose_victim_way" 5 51, 5 51 0, S_0x55ebcda47950;
 .timescale 0 0;
; Variable choose_victim_way is vec4 return value of scope S_0x55ebcda48470
v0x55ebcda48770_0 .var "plru_bits", 2 0;
v0x55ebcda48850_0 .var "valid_bits", 3 0;
TD_hart_tb.dut.icache.choose_victim_way ;
    %load/vec4 v0x55ebcda48850_0;
    %parti/s 1, 0, 2;
    %nor/r;
    %flag_set/vec4 8;
    %jmp/0 T_2.19, 8;
    %pushi/vec4 0, 0, 2;
    %jmp/1 T_2.20, 8;
T_2.19 ; End of true expr.
    %load/vec4 v0x55ebcda48850_0;
    %parti/s 1, 1, 2;
    %nor/r;
    %flag_set/vec4 9;
    %jmp/0 T_2.21, 9;
    %pushi/vec4 1, 0, 2;
    %jmp/1 T_2.22, 9;
T_2.21 ; End of true expr.
    %load/vec4 v0x55ebcda48850_0;
    %parti/s 1, 2, 3;
    %nor/r;
    %flag_set/vec4 10;
    %jmp/0 T_2.23, 10;
    %pushi/vec4 2, 0, 2;
    %jmp/1 T_2.24, 10;
T_2.23 ; End of true expr.
    %load/vec4 v0x55ebcda48850_0;
    %parti/s 1, 3, 3;
    %nor/r;
    %flag_set/vec4 11;
    %jmp/0 T_2.25, 11;
    %pushi/vec4 3, 0, 2;
    %jmp/1 T_2.26, 11;
T_2.25 ; End of true expr.
    %load/vec4 v0x55ebcda48770_0;
    %parti/s 1, 2, 3;
    %nor/r;
    %flag_set/vec4 12;
    %jmp/0 T_2.27, 12;
    %load/vec4 v0x55ebcda48770_0;
    %parti/s 1, 1, 2;
    %flag_set/vec4 13;
    %jmp/0 T_2.29, 13;
    %pushi/vec4 1, 0, 2;
    %jmp/1 T_2.30, 13;
T_2.29 ; End of true expr.
    %pushi/vec4 0, 0, 2;
    %jmp/0 T_2.30, 13;
 ; End of false expr.
    %blend;
T_2.30;
    %jmp/1 T_2.28, 12;
T_2.27 ; End of true expr.
    %load/vec4 v0x55ebcda48770_0;
    %parti/s 1, 0, 2;
    %flag_set/vec4 13;
    %jmp/0 T_2.31, 13;
    %pushi/vec4 3, 0, 2;
    %jmp/1 T_2.32, 13;
T_2.31 ; End of true expr.
    %pushi/vec4 2, 0, 2;
    %jmp/0 T_2.32, 13;
 ; End of false expr.
    %blend;
T_2.32;
    %jmp/0 T_2.28, 12;
 ; End of false expr.
    %blend;
T_2.28;
    %jmp/0 T_2.26, 11;
 ; End of false expr.
    %blend;
T_2.26;
    %jmp/0 T_2.24, 10;
 ; End of false expr.
    %blend;
T_2.24;
    %jmp/0 T_2.22, 9;
 ; End of false expr.
    %blend;
T_2.22;
    %jmp/0 T_2.20, 8;
 ; End of false expr.
    %blend;
T_2.20;
    %ret/vec4 0, 0, 2;  Assign to choose_victim_way (store_vec4_to_lval)
    %end;
S_0x55ebcda48940 .scope function.vec4.s3, "update_plru" "update_plru" 5 64, 5 64 0, S_0x55ebcda47950;
 .timescale 0 0;
v0x55ebcda48b40_0 .var "accessed_way", 1 0;
v0x55ebcda48c20_0 .var "plru_bits", 2 0;
; Variable update_plru is vec4 return value of scope S_0x55ebcda48940
TD_hart_tb.dut.icache.update_plru ;
    %load/vec4 v0x55ebcda48b40_0;
    %dup/vec4;
    %pushi/vec4 0, 0, 2;
    %cmp/u;
    %jmp/1 T_3.33, 6;
    %dup/vec4;
    %pushi/vec4 1, 0, 2;
    %cmp/u;
    %jmp/1 T_3.34, 6;
    %dup/vec4;
    %pushi/vec4 2, 0, 2;
    %cmp/u;
    %jmp/1 T_3.35, 6;
    %pushi/vec4 0, 0, 1;
    %load/vec4 v0x55ebcda48c20_0;
    %parti/s 1, 1, 2;
    %concat/vec4; draw_concat_vec4
    %concati/vec4 0, 0, 1;
    %ret/vec4 0, 0, 3;  Assign to update_plru (store_vec4_to_lval)
    %jmp T_3.37;
T_3.33 ;
    %pushi/vec4 1, 0, 1;
    %concati/vec4 1, 0, 1;
    %load/vec4 v0x55ebcda48c20_0;
    %parti/s 1, 0, 2;
    %concat/vec4; draw_concat_vec4
    %ret/vec4 0, 0, 3;  Assign to update_plru (store_vec4_to_lval)
    %jmp T_3.37;
T_3.34 ;
    %pushi/vec4 1, 0, 1;
    %concati/vec4 0, 0, 1;
    %load/vec4 v0x55ebcda48c20_0;
    %parti/s 1, 0, 2;
    %concat/vec4; draw_concat_vec4
    %ret/vec4 0, 0, 3;  Assign to update_plru (store_vec4_to_lval)
    %jmp T_3.37;
T_3.35 ;
    %pushi/vec4 0, 0, 1;
    %load/vec4 v0x55ebcda48c20_0;
    %parti/s 1, 1, 2;
    %concat/vec4; draw_concat_vec4
    %concati/vec4 1, 0, 1;
    %ret/vec4 0, 0, 3;  Assign to update_plru (store_vec4_to_lval)
    %jmp T_3.37;
T_3.37 ;
    %pop/vec4 1;
    %end;
S_0x55ebcda626c0 .scope module, "imem" "memory" 2 35, 3 8 0, S_0x55ebcd8f43b0;
 .timescale 0 0;
    .port_info 0 /INPUT 1 "i_clk";
    .port_info 1 /INPUT 1 "i_rst";
    .port_info 2 /OUTPUT 1 "o_ready";
    .port_info 3 /INPUT 32 "i_addr";
    .port_info 4 /INPUT 1 "i_ren";
    .port_info 5 /INPUT 1 "i_wen";
    .port_info 6 /INPUT 4 "i_mask";
    .port_info 7 /INPUT 32 "i_wdata";
    .port_info 8 /OUTPUT 1 "o_valid";
    .port_info 9 /OUTPUT 32 "o_addr";
    .port_info 10 /OUTPUT 1 "o_wdone";
    .port_info 11 /OUTPUT 32 "o_rdata";
P_0x55ebcd84e5d0 .param/l "INTERVAL" 0 3 14, +C4<00000000000000000000000000000010>;
P_0x55ebcd84e610 .param/l "LATENCY" 0 3 12, +C4<00000000000000000000000000000100>;
P_0x55ebcd84e650 .param/l "SIZE" 0 3 10, +C4<00000000000000000000010000000000>;
L_0x55ebcd923b40 .functor NOT 1, v0x55ebcda67940_0, C4<0>, C4<0>, C4<0>;
L_0x55ebcd862a90 .functor AND 1, L_0x55ebcd923b40, L_0x55ebcda780e0, C4<1>, C4<1>;
v0x55ebcda64340_2 .array/port v0x55ebcda64340, 2;
L_0x55ebcd8544e0 .functor BUFZ 32, v0x55ebcda64340_2, C4<00000000000000000000000000000000>, C4<00000000000000000000000000000000>, C4<00000000000000000000000000000000>;
v0x55ebcda64b80_2 .array/port v0x55ebcda64b80, 2;
L_0x55ebcd7c82f0 .functor BUFZ 4, v0x55ebcda64b80_2, C4<0000>, C4<0000>, C4<0000>;
v0x55ebcda65a70_2 .array/port v0x55ebcda65a70, 2;
L_0x55ebcd7a5b50 .functor BUFZ 32, v0x55ebcda65a70_2, C4<00000000000000000000000000000000>, C4<00000000000000000000000000000000>, C4<00000000000000000000000000000000>;
v0x55ebcda64340_3 .array/port v0x55ebcda64340, 3;
L_0x55ebcd7464e0 .functor BUFZ 32, v0x55ebcda64340_3, C4<00000000000000000000000000000000>, C4<00000000000000000000000000000000>, C4<00000000000000000000000000000000>;
v0x55ebcda65450_3 .array/port v0x55ebcda65450, 3;
L_0x55ebcd73e660 .functor BUFZ 1, v0x55ebcda65450_3, C4<0>, C4<0>, C4<0>;
v0x55ebcda65c70_2 .array/port v0x55ebcda65c70, 2;
L_0x55ebcda79120 .functor BUFZ 1, v0x55ebcda65c70_2, C4<0>, C4<0>, C4<0>;
L_0x55ebcda79190 .functor BUFZ 32, L_0x55ebcda78ee0, C4<00000000000000000000000000000000>, C4<00000000000000000000000000000000>, C4<00000000000000000000000000000000>;
L_0x55ebcda79270 .functor BUFZ 32, L_0x55ebcd7464e0, C4<00000000000000000000000000000000>, C4<00000000000000000000000000000000>, C4<00000000000000000000000000000000>;
L_0x55ebcda792e0 .functor BUFZ 1, L_0x55ebcd73e660, C4<0>, C4<0>, C4<0>;
L_0x55ebcda79200 .functor BUFZ 1, L_0x55ebcda79120, C4<0>, C4<0>, C4<0>;
L_0x55ebcda79420 .functor BUFZ 1, L_0x55ebcd862a90, C4<0>, C4<0>, C4<0>;
v0x55ebcda63420_0 .net *"_ivl_0", 0 0, L_0x55ebcd923b40;  1 drivers
v0x55ebcda63500_0 .net *"_ivl_2", 31 0, L_0x55ebcda67f00;  1 drivers
v0x55ebcda635e0_0 .net *"_ivl_32", 7 0, L_0x55ebcda78580;  1 drivers
L_0x7efe54aa80a8 .functor BUFT 1, C4<00000000000000000000000000000011>, C4<0>, C4<0>, C4<0>;
v0x55ebcda636d0_0 .net/2u *"_ivl_34", 31 0, L_0x7efe54aa80a8;  1 drivers
v0x55ebcda637b0_0 .net *"_ivl_36", 31 0, L_0x55ebcda786b0;  1 drivers
v0x55ebcda638e0_0 .net *"_ivl_38", 7 0, L_0x55ebcda78820;  1 drivers
L_0x7efe54aa80f0 .functor BUFT 1, C4<00000000000000000000000000000010>, C4<0>, C4<0>, C4<0>;
v0x55ebcda639c0_0 .net/2u *"_ivl_40", 31 0, L_0x7efe54aa80f0;  1 drivers
v0x55ebcda63aa0_0 .net *"_ivl_42", 31 0, L_0x55ebcda788f0;  1 drivers
v0x55ebcda63b80_0 .net *"_ivl_44", 7 0, L_0x55ebcda78a20;  1 drivers
L_0x7efe54aa8138 .functor BUFT 1, C4<00000000000000000000000000000001>, C4<0>, C4<0>, C4<0>;
v0x55ebcda63c60_0 .net/2u *"_ivl_46", 31 0, L_0x7efe54aa8138;  1 drivers
v0x55ebcda63d40_0 .net *"_ivl_48", 31 0, L_0x55ebcda78b10;  1 drivers
L_0x7efe54aa8018 .functor BUFT 1, C4<0000000000000000000000000000000>, C4<0>, C4<0>, C4<0>;
v0x55ebcda63e20_0 .net *"_ivl_5", 30 0, L_0x7efe54aa8018;  1 drivers
v0x55ebcda63f00_0 .net *"_ivl_50", 7 0, L_0x55ebcda78ca0;  1 drivers
L_0x7efe54aa8180 .functor BUFT 1, C4<00000000000000000000000000000000>, C4<0>, C4<0>, C4<0>;
v0x55ebcda63fe0_0 .net/2u *"_ivl_52", 31 0, L_0x7efe54aa8180;  1 drivers
v0x55ebcda640c0_0 .net *"_ivl_54", 31 0, L_0x55ebcda78d40;  1 drivers
L_0x7efe54aa8060 .functor BUFT 1, C4<00000000000000000000000000000000>, C4<0>, C4<0>, C4<0>;
v0x55ebcda641a0_0 .net/2u *"_ivl_6", 31 0, L_0x7efe54aa8060;  1 drivers
v0x55ebcda64280_0 .net *"_ivl_8", 0 0, L_0x55ebcda780e0;  1 drivers
v0x55ebcda64340 .array "addrs", 3 0, 31 0;
v0x55ebcda64480_0 .net "i_addr", 31 0, L_0x55ebcda932f0;  alias, 1 drivers
v0x55ebcda64570_0 .net "i_clk", 0 0, v0x55ebcda65f10_0;  alias, 1 drivers
L_0x7efe54aa8210 .functor BUFT 1, C4<1111>, C4<0>, C4<0>, C4<0>;
v0x55ebcda64610_0 .net "i_mask", 3 0, L_0x7efe54aa8210;  1 drivers
v0x55ebcda646d0_0 .net "i_ren", 0 0, L_0x55ebcda93360;  alias, 1 drivers
v0x55ebcda647a0_0 .net "i_rst", 0 0, v0x55ebcda67940_0;  alias, 1 drivers
L_0x7efe54aa8258 .functor BUFT 1, C4<xxxxxxxxxxxxxxxxxxxxxxxxxxxxxxxx>, C4<0>, C4<0>, C4<0>;
v0x55ebcda64840_0 .net "i_wdata", 31 0, L_0x7efe54aa8258;  1 drivers
L_0x7efe54aa81c8 .functor BUFT 1, C4<0>, C4<0>, C4<0>, C4<0>;
v0x55ebcda64900_0 .net "i_wen", 0 0, L_0x7efe54aa81c8;  1 drivers
v0x55ebcda649c0_0 .var "interval_counter", 0 0;
v0x55ebcda64aa0_0 .net "mask", 3 0, L_0x55ebcd7c82f0;  1 drivers
v0x55ebcda64b80 .array "masks", 3 0, 3 0;
v0x55ebcda64cf0 .array "mem", 1023 0, 7 0;
v0x55ebcda64db0_0 .net "o_addr", 31 0, L_0x55ebcda79270;  1 drivers
v0x55ebcda64e90_0 .net "o_rdata", 31 0, L_0x55ebcda79190;  alias, 1 drivers
v0x55ebcda64f50_0 .net "o_ready", 0 0, L_0x55ebcda79420;  alias, 1 drivers
v0x55ebcda65040_0 .net "o_valid", 0 0, L_0x55ebcda792e0;  alias, 1 drivers
v0x55ebcda65130_0 .net "o_wdone", 0 0, L_0x55ebcda79200;  1 drivers
v0x55ebcda651f0_0 .net "raddr", 31 0, v0x55ebcda64340_3;  1 drivers
v0x55ebcda652d0_0 .net "ready", 0 0, L_0x55ebcd862a90;  1 drivers
v0x55ebcda65390_0 .net "ren", 0 0, v0x55ebcda65450_3;  1 drivers
v0x55ebcda65450 .array "rens", 3 0, 0 0;
v0x55ebcda65570_0 .net "res_addr", 31 0, L_0x55ebcd7464e0;  1 drivers
v0x55ebcda65650_0 .net "res_rdata", 31 0, L_0x55ebcda78ee0;  1 drivers
v0x55ebcda65730_0 .net "res_valid", 0 0, L_0x55ebcd73e660;  1 drivers
v0x55ebcda657f0_0 .net "res_wdone", 0 0, L_0x55ebcda79120;  1 drivers
v0x55ebcda658b0_0 .net "waddr", 31 0, L_0x55ebcd8544e0;  1 drivers
v0x55ebcda65990_0 .net "wdata", 31 0, L_0x55ebcd7a5b50;  1 drivers
v0x55ebcda65a70 .array "wdatas", 3 0, 31 0;
v0x55ebcda65bb0_0 .net "wen", 0 0, v0x55ebcda65c70_2;  1 drivers
v0x55ebcda65c70 .array "wens", 3 0, 0 0;
L_0x55ebcda67f00 .concat [ 1 31 0 0], v0x55ebcda649c0_0, L_0x7efe54aa8018;
L_0x55ebcda780e0 .cmp/eq 32, L_0x55ebcda67f00, L_0x7efe54aa8060;
L_0x55ebcda78580 .array/port v0x55ebcda64cf0, L_0x55ebcda786b0;
L_0x55ebcda786b0 .arith/sum 32, v0x55ebcda64340_3, L_0x7efe54aa80a8;
L_0x55ebcda78820 .array/port v0x55ebcda64cf0, L_0x55ebcda788f0;
L_0x55ebcda788f0 .arith/sum 32, v0x55ebcda64340_3, L_0x7efe54aa80f0;
L_0x55ebcda78a20 .array/port v0x55ebcda64cf0, L_0x55ebcda78b10;
L_0x55ebcda78b10 .arith/sum 32, v0x55ebcda64340_3, L_0x7efe54aa8138;
L_0x55ebcda78ca0 .array/port v0x55ebcda64cf0, L_0x55ebcda78d40;
L_0x55ebcda78d40 .arith/sum 32, v0x55ebcda64340_3, L_0x7efe54aa8180;
L_0x55ebcda78ee0 .concat [ 8 8 8 8], L_0x55ebcda78ca0, L_0x55ebcda78a20, L_0x55ebcda78820, L_0x55ebcda78580;
S_0x55ebcda62bb0 .scope generate, "genblk1[1]" "genblk1[1]" 3 102, 3 102 0, S_0x55ebcda626c0;
 .timescale 0 0;
P_0x55ebcda62db0 .param/l "i" 1 3 102, +C4<01>;
S_0x55ebcda62e90 .scope generate, "genblk1[2]" "genblk1[2]" 3 102, 3 102 0, S_0x55ebcda626c0;
 .timescale 0 0;
P_0x55ebcda63090 .param/l "i" 1 3 102, +C4<010>;
S_0x55ebcda63150 .scope generate, "genblk1[3]" "genblk1[3]" 3 102, 3 102 0, S_0x55ebcda626c0;
 .timescale 0 0;
P_0x55ebcda63360 .param/l "i" 1 3 102, +C4<011>;
    .scope S_0x55ebcda62bb0;
T_4 ;
    %wait E_0x55ebcd738950;
    %load/vec4 v0x55ebcda647a0_0;
    %flag_set/vec4 8;
    %jmp/0xz  T_4.0, 8;
    %pushi/vec4 0, 0, 1;
    %ix/load 3, 1, 0;
    %flag_set/imm 4, 0;
    %ix/load 4, 0, 0; Constant delay
    %assign/vec4/a/d v0x55ebcda65450, 0, 4;
    %pushi/vec4 0, 0, 1;
    %ix/load 3, 1, 0;
    %flag_set/imm 4, 0;
    %ix/load 4, 0, 0; Constant delay
    %assign/vec4/a/d v0x55ebcda65c70, 0, 4;
    %jmp T_4.1;
T_4.0 ;
    %ix/load 4, 0, 0;
    %flag_set/imm 4, 0;
    %load/vec4a v0x55ebcda64340, 4;
    %ix/load 3, 1, 0;
    %flag_set/imm 4, 0;
    %ix/load 4, 0, 0; Constant delay
    %assign/vec4/a/d v0x55ebcda64340, 0, 4;
    %ix/load 4, 0, 0;
    %flag_set/imm 4, 0;
    %load/vec4a v0x55ebcda65450, 4;
    %ix/load 3, 1, 0;
    %flag_set/imm 4, 0;
    %ix/load 4, 0, 0; Constant delay
    %assign/vec4/a/d v0x55ebcda65450, 0, 4;
    %ix/load 4, 0, 0;
    %flag_set/imm 4, 0;
    %load/vec4a v0x55ebcda65c70, 4;
    %ix/load 3, 1, 0;
    %flag_set/imm 4, 0;
    %ix/load 4, 0, 0; Constant delay
    %assign/vec4/a/d v0x55ebcda65c70, 0, 4;
    %ix/load 4, 0, 0;
    %flag_set/imm 4, 0;
    %load/vec4a v0x55ebcda64b80, 4;
    %ix/load 3, 1, 0;
    %flag_set/imm 4, 0;
    %ix/load 4, 0, 0; Constant delay
    %assign/vec4/a/d v0x55ebcda64b80, 0, 4;
    %ix/load 4, 0, 0;
    %flag_set/imm 4, 0;
    %load/vec4a v0x55ebcda65a70, 4;
    %ix/load 3, 1, 0;
    %flag_set/imm 4, 0;
    %ix/load 4, 0, 0; Constant delay
    %assign/vec4/a/d v0x55ebcda65a70, 0, 4;
T_4.1 ;
    %jmp T_4;
    .thread T_4;
    .scope S_0x55ebcda62e90;
T_5 ;
    %wait E_0x55ebcd738950;
    %load/vec4 v0x55ebcda647a0_0;
    %flag_set/vec4 8;
    %jmp/0xz  T_5.0, 8;
    %pushi/vec4 0, 0, 1;
    %ix/load 3, 2, 0;
    %flag_set/imm 4, 0;
    %ix/load 4, 0, 0; Constant delay
    %assign/vec4/a/d v0x55ebcda65450, 0, 4;
    %pushi/vec4 0, 0, 1;
    %ix/load 3, 2, 0;
    %flag_set/imm 4, 0;
    %ix/load 4, 0, 0; Constant delay
    %assign/vec4/a/d v0x55ebcda65c70, 0, 4;
    %jmp T_5.1;
T_5.0 ;
    %ix/load 4, 1, 0;
    %flag_set/imm 4, 0;
    %load/vec4a v0x55ebcda64340, 4;
    %ix/load 3, 2, 0;
    %flag_set/imm 4, 0;
    %ix/load 4, 0, 0; Constant delay
    %assign/vec4/a/d v0x55ebcda64340, 0, 4;
    %ix/load 4, 1, 0;
    %flag_set/imm 4, 0;
    %load/vec4a v0x55ebcda65450, 4;
    %ix/load 3, 2, 0;
    %flag_set/imm 4, 0;
    %ix/load 4, 0, 0; Constant delay
    %assign/vec4/a/d v0x55ebcda65450, 0, 4;
    %ix/load 4, 1, 0;
    %flag_set/imm 4, 0;
    %load/vec4a v0x55ebcda65c70, 4;
    %ix/load 3, 2, 0;
    %flag_set/imm 4, 0;
    %ix/load 4, 0, 0; Constant delay
    %assign/vec4/a/d v0x55ebcda65c70, 0, 4;
    %ix/load 4, 1, 0;
    %flag_set/imm 4, 0;
    %load/vec4a v0x55ebcda64b80, 4;
    %ix/load 3, 2, 0;
    %flag_set/imm 4, 0;
    %ix/load 4, 0, 0; Constant delay
    %assign/vec4/a/d v0x55ebcda64b80, 0, 4;
    %ix/load 4, 1, 0;
    %flag_set/imm 4, 0;
    %load/vec4a v0x55ebcda65a70, 4;
    %ix/load 3, 2, 0;
    %flag_set/imm 4, 0;
    %ix/load 4, 0, 0; Constant delay
    %assign/vec4/a/d v0x55ebcda65a70, 0, 4;
T_5.1 ;
    %jmp T_5;
    .thread T_5;
    .scope S_0x55ebcda63150;
T_6 ;
    %wait E_0x55ebcd738950;
    %load/vec4 v0x55ebcda647a0_0;
    %flag_set/vec4 8;
    %jmp/0xz  T_6.0, 8;
    %pushi/vec4 0, 0, 1;
    %ix/load 3, 3, 0;
    %flag_set/imm 4, 0;
    %ix/load 4, 0, 0; Constant delay
    %assign/vec4/a/d v0x55ebcda65450, 0, 4;
    %pushi/vec4 0, 0, 1;
    %ix/load 3, 3, 0;
    %flag_set/imm 4, 0;
    %ix/load 4, 0, 0; Constant delay
    %assign/vec4/a/d v0x55ebcda65c70, 0, 4;
    %jmp T_6.1;
T_6.0 ;
    %ix/load 4, 2, 0;
    %flag_set/imm 4, 0;
    %load/vec4a v0x55ebcda64340, 4;
    %ix/load 3, 3, 0;
    %flag_set/imm 4, 0;
    %ix/load 4, 0, 0; Constant delay
    %assign/vec4/a/d v0x55ebcda64340, 0, 4;
    %ix/load 4, 2, 0;
    %flag_set/imm 4, 0;
    %load/vec4a v0x55ebcda65450, 4;
    %ix/load 3, 3, 0;
    %flag_set/imm 4, 0;
    %ix/load 4, 0, 0; Constant delay
    %assign/vec4/a/d v0x55ebcda65450, 0, 4;
    %ix/load 4, 2, 0;
    %flag_set/imm 4, 0;
    %load/vec4a v0x55ebcda65c70, 4;
    %ix/load 3, 3, 0;
    %flag_set/imm 4, 0;
    %ix/load 4, 0, 0; Constant delay
    %assign/vec4/a/d v0x55ebcda65c70, 0, 4;
    %ix/load 4, 2, 0;
    %flag_set/imm 4, 0;
    %load/vec4a v0x55ebcda64b80, 4;
    %ix/load 3, 3, 0;
    %flag_set/imm 4, 0;
    %ix/load 4, 0, 0; Constant delay
    %assign/vec4/a/d v0x55ebcda64b80, 0, 4;
    %ix/load 4, 2, 0;
    %flag_set/imm 4, 0;
    %load/vec4a v0x55ebcda65a70, 4;
    %ix/load 3, 3, 0;
    %flag_set/imm 4, 0;
    %ix/load 4, 0, 0; Constant delay
    %assign/vec4/a/d v0x55ebcda65a70, 0, 4;
T_6.1 ;
    %jmp T_6;
    .thread T_6;
    .scope S_0x55ebcda626c0;
T_7 ;
    %wait E_0x55ebcd738950;
    %load/vec4 v0x55ebcda647a0_0;
    %flag_set/vec4 8;
    %jmp/0xz  T_7.0, 8;
    %pushi/vec4 0, 0, 1;
    %assign/vec4 v0x55ebcda649c0_0, 0;
    %jmp T_7.1;
T_7.0 ;
    %load/vec4 v0x55ebcda649c0_0;
    %pad/u 32;
    %cmpi/e 1, 0, 32;
    %jmp/0xz  T_7.2, 4;
    %pushi/vec4 0, 0, 1;
    %assign/vec4 v0x55ebcda649c0_0, 0;
    %jmp T_7.3;
T_7.2 ;
    %load/vec4 v0x55ebcda652d0_0;
    %nor/r;
    %load/vec4 v0x55ebcda646d0_0;
    %or;
    %load/vec4 v0x55ebcda64900_0;
    %or;
    %flag_set/vec4 8;
    %jmp/0xz  T_7.4, 8;
    %load/vec4 v0x55ebcda649c0_0;
    %pad/u 2;
    %addi 1, 0, 2;
    %pad/u 1;
    %assign/vec4 v0x55ebcda649c0_0, 0;
T_7.4 ;
T_7.3 ;
T_7.1 ;
    %jmp T_7;
    .thread T_7;
    .scope S_0x55ebcda626c0;
T_8 ;
    %wait E_0x55ebcd738950;
    %load/vec4 v0x55ebcda647a0_0;
    %flag_set/vec4 8;
    %jmp/0xz  T_8.0, 8;
    %pushi/vec4 0, 0, 1;
    %ix/load 3, 0, 0;
    %flag_set/imm 4, 0;
    %ix/load 4, 0, 0; Constant delay
    %assign/vec4/a/d v0x55ebcda65450, 0, 4;
    %pushi/vec4 0, 0, 1;
    %ix/load 3, 0, 0;
    %flag_set/imm 4, 0;
    %ix/load 4, 0, 0; Constant delay
    %assign/vec4/a/d v0x55ebcda65c70, 0, 4;
    %jmp T_8.1;
T_8.0 ;
    %load/vec4 v0x55ebcda64480_0;
    %ix/load 3, 0, 0;
    %flag_set/imm 4, 0;
    %ix/load 4, 0, 0; Constant delay
    %assign/vec4/a/d v0x55ebcda64340, 0, 4;
    %load/vec4 v0x55ebcda652d0_0;
    %load/vec4 v0x55ebcda646d0_0;
    %and;
    %ix/load 3, 0, 0;
    %flag_set/imm 4, 0;
    %ix/load 4, 0, 0; Constant delay
    %assign/vec4/a/d v0x55ebcda65450, 0, 4;
    %load/vec4 v0x55ebcda652d0_0;
    %load/vec4 v0x55ebcda64900_0;
    %and;
    %ix/load 3, 0, 0;
    %flag_set/imm 4, 0;
    %ix/load 4, 0, 0; Constant delay
    %assign/vec4/a/d v0x55ebcda65c70, 0, 4;
    %load/vec4 v0x55ebcda64610_0;
    %ix/load 3, 0, 0;
    %flag_set/imm 4, 0;
    %ix/load 4, 0, 0; Constant delay
    %assign/vec4/a/d v0x55ebcda64b80, 0, 4;
    %load/vec4 v0x55ebcda64840_0;
    %ix/load 3, 0, 0;
    %flag_set/imm 4, 0;
    %ix/load 4, 0, 0; Constant delay
    %assign/vec4/a/d v0x55ebcda65a70, 0, 4;
T_8.1 ;
    %jmp T_8;
    .thread T_8;
    .scope S_0x55ebcda626c0;
T_9 ;
    %wait E_0x55ebcd738950;
    %load/vec4 v0x55ebcda65bb0_0;
    %load/vec4 v0x55ebcda64aa0_0;
    %parti/s 1, 0, 2;
    %and;
    %flag_set/vec4 8;
    %jmp/0xz  T_9.0, 8;
    %load/vec4 v0x55ebcda65990_0;
    %parti/s 8, 0, 2;
    %load/vec4 v0x55ebcda658b0_0;
    %addi 0, 0, 32;
    %ix/vec4 3;
    %ix/load 4, 0, 0; Constant delay
    %assign/vec4/a/d v0x55ebcda64cf0, 0, 4;
T_9.0 ;
    %load/vec4 v0x55ebcda65bb0_0;
    %load/vec4 v0x55ebcda64aa0_0;
    %parti/s 1, 1, 2;
    %and;
    %flag_set/vec4 8;
    %jmp/0xz  T_9.2, 8;
    %load/vec4 v0x55ebcda65990_0;
    %parti/s 8, 8, 5;
    %load/vec4 v0x55ebcda658b0_0;
    %addi 1, 0, 32;
    %ix/vec4 3;
    %ix/load 4, 0, 0; Constant delay
    %assign/vec4/a/d v0x55ebcda64cf0, 0, 4;
T_9.2 ;
    %load/vec4 v0x55ebcda65bb0_0;
    %load/vec4 v0x55ebcda64aa0_0;
    %parti/s 1, 2, 3;
    %and;
    %flag_set/vec4 8;
    %jmp/0xz  T_9.4, 8;
    %load/vec4 v0x55ebcda65990_0;
    %parti/s 8, 16, 6;
    %load/vec4 v0x55ebcda658b0_0;
    %addi 2, 0, 32;
    %ix/vec4 3;
    %ix/load 4, 0, 0; Constant delay
    %assign/vec4/a/d v0x55ebcda64cf0, 0, 4;
T_9.4 ;
    %load/vec4 v0x55ebcda65bb0_0;
    %load/vec4 v0x55ebcda64aa0_0;
    %parti/s 1, 3, 3;
    %and;
    %flag_set/vec4 8;
    %jmp/0xz  T_9.6, 8;
    %load/vec4 v0x55ebcda65990_0;
    %parti/s 8, 24, 6;
    %load/vec4 v0x55ebcda658b0_0;
    %addi 3, 0, 32;
    %ix/vec4 3;
    %ix/load 4, 0, 0; Constant delay
    %assign/vec4/a/d v0x55ebcda64cf0, 0, 4;
T_9.6 ;
    %jmp T_9;
    .thread T_9;
    .scope S_0x55ebcd896280;
T_10 ;
    %wait E_0x55ebcd738950;
    %load/vec4 v0x55ebcd8f3bc0_0;
    %flag_set/vec4 8;
    %jmp/0xz  T_10.0, 8;
    %pushi/vec4 0, 0, 1;
    %ix/load 3, 1, 0;
    %flag_set/imm 4, 0;
    %ix/load 4, 0, 0; Constant delay
    %assign/vec4/a/d v0x55ebcd941bc0, 0, 4;
    %pushi/vec4 0, 0, 1;
    %ix/load 3, 1, 0;
    %flag_set/imm 4, 0;
    %ix/load 4, 0, 0; Constant delay
    %assign/vec4/a/d v0x55ebcd94c950, 0, 4;
    %jmp T_10.1;
T_10.0 ;
    %ix/load 4, 0, 0;
    %flag_set/imm 4, 0;
    %load/vec4a v0x55ebcd8db7f0, 4;
    %ix/load 3, 1, 0;
    %flag_set/imm 4, 0;
    %ix/load 4, 0, 0; Constant delay
    %assign/vec4/a/d v0x55ebcd8db7f0, 0, 4;
    %ix/load 4, 0, 0;
    %flag_set/imm 4, 0;
    %load/vec4a v0x55ebcd941bc0, 4;
    %ix/load 3, 1, 0;
    %flag_set/imm 4, 0;
    %ix/load 4, 0, 0; Constant delay
    %assign/vec4/a/d v0x55ebcd941bc0, 0, 4;
    %ix/load 4, 0, 0;
    %flag_set/imm 4, 0;
    %load/vec4a v0x55ebcd94c950, 4;
    %ix/load 3, 1, 0;
    %flag_set/imm 4, 0;
    %ix/load 4, 0, 0; Constant delay
    %assign/vec4/a/d v0x55ebcd94c950, 0, 4;
    %ix/load 4, 0, 0;
    %flag_set/imm 4, 0;
    %load/vec4a v0x55ebcd8fac70, 4;
    %ix/load 3, 1, 0;
    %flag_set/imm 4, 0;
    %ix/load 4, 0, 0; Constant delay
    %assign/vec4/a/d v0x55ebcd8fac70, 0, 4;
    %ix/load 4, 0, 0;
    %flag_set/imm 4, 0;
    %load/vec4a v0x55ebcd937c00, 4;
    %ix/load 3, 1, 0;
    %flag_set/imm 4, 0;
    %ix/load 4, 0, 0; Constant delay
    %assign/vec4/a/d v0x55ebcd937c00, 0, 4;
T_10.1 ;
    %jmp T_10;
    .thread T_10;
    .scope S_0x55ebcd9caee0;
T_11 ;
    %wait E_0x55ebcd738950;
    %load/vec4 v0x55ebcd8f3bc0_0;
    %flag_set/vec4 8;
    %jmp/0xz  T_11.0, 8;
    %pushi/vec4 0, 0, 1;
    %ix/load 3, 2, 0;
    %flag_set/imm 4, 0;
    %ix/load 4, 0, 0; Constant delay
    %assign/vec4/a/d v0x55ebcd941bc0, 0, 4;
    %pushi/vec4 0, 0, 1;
    %ix/load 3, 2, 0;
    %flag_set/imm 4, 0;
    %ix/load 4, 0, 0; Constant delay
    %assign/vec4/a/d v0x55ebcd94c950, 0, 4;
    %jmp T_11.1;
T_11.0 ;
    %ix/load 4, 1, 0;
    %flag_set/imm 4, 0;
    %load/vec4a v0x55ebcd8db7f0, 4;
    %ix/load 3, 2, 0;
    %flag_set/imm 4, 0;
    %ix/load 4, 0, 0; Constant delay
    %assign/vec4/a/d v0x55ebcd8db7f0, 0, 4;
    %ix/load 4, 1, 0;
    %flag_set/imm 4, 0;
    %load/vec4a v0x55ebcd941bc0, 4;
    %ix/load 3, 2, 0;
    %flag_set/imm 4, 0;
    %ix/load 4, 0, 0; Constant delay
    %assign/vec4/a/d v0x55ebcd941bc0, 0, 4;
    %ix/load 4, 1, 0;
    %flag_set/imm 4, 0;
    %load/vec4a v0x55ebcd94c950, 4;
    %ix/load 3, 2, 0;
    %flag_set/imm 4, 0;
    %ix/load 4, 0, 0; Constant delay
    %assign/vec4/a/d v0x55ebcd94c950, 0, 4;
    %ix/load 4, 1, 0;
    %flag_set/imm 4, 0;
    %load/vec4a v0x55ebcd8fac70, 4;
    %ix/load 3, 2, 0;
    %flag_set/imm 4, 0;
    %ix/load 4, 0, 0; Constant delay
    %assign/vec4/a/d v0x55ebcd8fac70, 0, 4;
    %ix/load 4, 1, 0;
    %flag_set/imm 4, 0;
    %load/vec4a v0x55ebcd937c00, 4;
    %ix/load 3, 2, 0;
    %flag_set/imm 4, 0;
    %ix/load 4, 0, 0; Constant delay
    %assign/vec4/a/d v0x55ebcd937c00, 0, 4;
T_11.1 ;
    %jmp T_11;
    .thread T_11;
    .scope S_0x55ebcd85df70;
T_12 ;
    %wait E_0x55ebcd738950;
    %load/vec4 v0x55ebcd8f3bc0_0;
    %flag_set/vec4 8;
    %jmp/0xz  T_12.0, 8;
    %pushi/vec4 0, 0, 1;
    %ix/load 3, 3, 0;
    %flag_set/imm 4, 0;
    %ix/load 4, 0, 0; Constant delay
    %assign/vec4/a/d v0x55ebcd941bc0, 0, 4;
    %pushi/vec4 0, 0, 1;
    %ix/load 3, 3, 0;
    %flag_set/imm 4, 0;
    %ix/load 4, 0, 0; Constant delay
    %assign/vec4/a/d v0x55ebcd94c950, 0, 4;
    %jmp T_12.1;
T_12.0 ;
    %ix/load 4, 2, 0;
    %flag_set/imm 4, 0;
    %load/vec4a v0x55ebcd8db7f0, 4;
    %ix/load 3, 3, 0;
    %flag_set/imm 4, 0;
    %ix/load 4, 0, 0; Constant delay
    %assign/vec4/a/d v0x55ebcd8db7f0, 0, 4;
    %ix/load 4, 2, 0;
    %flag_set/imm 4, 0;
    %load/vec4a v0x55ebcd941bc0, 4;
    %ix/load 3, 3, 0;
    %flag_set/imm 4, 0;
    %ix/load 4, 0, 0; Constant delay
    %assign/vec4/a/d v0x55ebcd941bc0, 0, 4;
    %ix/load 4, 2, 0;
    %flag_set/imm 4, 0;
    %load/vec4a v0x55ebcd94c950, 4;
    %ix/load 3, 3, 0;
    %flag_set/imm 4, 0;
    %ix/load 4, 0, 0; Constant delay
    %assign/vec4/a/d v0x55ebcd94c950, 0, 4;
    %ix/load 4, 2, 0;
    %flag_set/imm 4, 0;
    %load/vec4a v0x55ebcd8fac70, 4;
    %ix/load 3, 3, 0;
    %flag_set/imm 4, 0;
    %ix/load 4, 0, 0; Constant delay
    %assign/vec4/a/d v0x55ebcd8fac70, 0, 4;
    %ix/load 4, 2, 0;
    %flag_set/imm 4, 0;
    %load/vec4a v0x55ebcd937c00, 4;
    %ix/load 3, 3, 0;
    %flag_set/imm 4, 0;
    %ix/load 4, 0, 0; Constant delay
    %assign/vec4/a/d v0x55ebcd937c00, 0, 4;
T_12.1 ;
    %jmp T_12;
    .thread T_12;
    .scope S_0x55ebcd80d140;
T_13 ;
    %wait E_0x55ebcd738950;
    %load/vec4 v0x55ebcd8f3bc0_0;
    %flag_set/vec4 8;
    %jmp/0xz  T_13.0, 8;
    %pushi/vec4 0, 0, 1;
    %assign/vec4 v0x55ebcd8f69c0_0, 0;
    %jmp T_13.1;
T_13.0 ;
    %load/vec4 v0x55ebcd8f69c0_0;
    %pad/u 32;
    %cmpi/e 1, 0, 32;
    %jmp/0xz  T_13.2, 4;
    %pushi/vec4 0, 0, 1;
    %assign/vec4 v0x55ebcd8f69c0_0, 0;
    %jmp T_13.3;
T_13.2 ;
    %load/vec4 v0x55ebcd97ee70_0;
    %nor/r;
    %load/vec4 v0x55ebcd8f2e40_0;
    %or;
    %load/vec4 v0x55ebcd8f6900_0;
    %or;
    %flag_set/vec4 8;
    %jmp/0xz  T_13.4, 8;
    %load/vec4 v0x55ebcd8f69c0_0;
    %pad/u 2;
    %addi 1, 0, 2;
    %pad/u 1;
    %assign/vec4 v0x55ebcd8f69c0_0, 0;
T_13.4 ;
T_13.3 ;
T_13.1 ;
    %jmp T_13;
    .thread T_13;
    .scope S_0x55ebcd80d140;
T_14 ;
    %wait E_0x55ebcd738950;
    %load/vec4 v0x55ebcd8f3bc0_0;
    %flag_set/vec4 8;
    %jmp/0xz  T_14.0, 8;
    %pushi/vec4 0, 0, 1;
    %ix/load 3, 0, 0;
    %flag_set/imm 4, 0;
    %ix/load 4, 0, 0; Constant delay
    %assign/vec4/a/d v0x55ebcd941bc0, 0, 4;
    %pushi/vec4 0, 0, 1;
    %ix/load 3, 0, 0;
    %flag_set/imm 4, 0;
    %ix/load 4, 0, 0; Constant delay
    %assign/vec4/a/d v0x55ebcd94c950, 0, 4;
    %jmp T_14.1;
T_14.0 ;
    %load/vec4 v0x55ebcd8ee350_0;
    %ix/load 3, 0, 0;
    %flag_set/imm 4, 0;
    %ix/load 4, 0, 0; Constant delay
    %assign/vec4/a/d v0x55ebcd8db7f0, 0, 4;
    %load/vec4 v0x55ebcd97ee70_0;
    %load/vec4 v0x55ebcd8f2e40_0;
    %and;
    %ix/load 3, 0, 0;
    %flag_set/imm 4, 0;
    %ix/load 4, 0, 0; Constant delay
    %assign/vec4/a/d v0x55ebcd941bc0, 0, 4;
    %load/vec4 v0x55ebcd97ee70_0;
    %load/vec4 v0x55ebcd8f6900_0;
    %and;
    %ix/load 3, 0, 0;
    %flag_set/imm 4, 0;
    %ix/load 4, 0, 0; Constant delay
    %assign/vec4/a/d v0x55ebcd94c950, 0, 4;
    %load/vec4 v0x55ebcd8f2d60_0;
    %ix/load 3, 0, 0;
    %flag_set/imm 4, 0;
    %ix/load 4, 0, 0; Constant delay
    %assign/vec4/a/d v0x55ebcd8fac70, 0, 4;
    %load/vec4 v0x55ebcd8f3c80_0;
    %ix/load 3, 0, 0;
    %flag_set/imm 4, 0;
    %ix/load 4, 0, 0; Constant delay
    %assign/vec4/a/d v0x55ebcd937c00, 0, 4;
T_14.1 ;
    %jmp T_14;
    .thread T_14;
    .scope S_0x55ebcd80d140;
T_15 ;
    %wait E_0x55ebcd738950;
    %load/vec4 v0x55ebcd94c890_0;
    %load/vec4 v0x55ebcd8fab90_0;
    %parti/s 1, 0, 2;
    %and;
    %flag_set/vec4 8;
    %jmp/0xz  T_15.0, 8;
    %load/vec4 v0x55ebcd94aa80_0;
    %parti/s 8, 0, 2;
    %load/vec4 v0x55ebcd94a9a0_0;
    %addi 0, 0, 32;
    %ix/vec4 3;
    %ix/load 4, 0, 0; Constant delay
    %assign/vec4/a/d v0x55ebcd8fba00, 0, 4;
T_15.0 ;
    %load/vec4 v0x55ebcd94c890_0;
    %load/vec4 v0x55ebcd8fab90_0;
    %parti/s 1, 1, 2;
    %and;
    %flag_set/vec4 8;
    %jmp/0xz  T_15.2, 8;
    %load/vec4 v0x55ebcd94aa80_0;
    %parti/s 8, 8, 5;
    %load/vec4 v0x55ebcd94a9a0_0;
    %addi 1, 0, 32;
    %ix/vec4 3;
    %ix/load 4, 0, 0; Constant delay
    %assign/vec4/a/d v0x55ebcd8fba00, 0, 4;
T_15.2 ;
    %load/vec4 v0x55ebcd94c890_0;
    %load/vec4 v0x55ebcd8fab90_0;
    %parti/s 1, 2, 3;
    %and;
    %flag_set/vec4 8;
    %jmp/0xz  T_15.4, 8;
    %load/vec4 v0x55ebcd94aa80_0;
    %parti/s 8, 16, 6;
    %load/vec4 v0x55ebcd94a9a0_0;
    %addi 2, 0, 32;
    %ix/vec4 3;
    %ix/load 4, 0, 0; Constant delay
    %assign/vec4/a/d v0x55ebcd8fba00, 0, 4;
T_15.4 ;
    %load/vec4 v0x55ebcd94c890_0;
    %load/vec4 v0x55ebcd8fab90_0;
    %parti/s 1, 3, 3;
    %and;
    %flag_set/vec4 8;
    %jmp/0xz  T_15.6, 8;
    %load/vec4 v0x55ebcd94aa80_0;
    %parti/s 8, 24, 6;
    %load/vec4 v0x55ebcd94a9a0_0;
    %addi 3, 0, 32;
    %ix/vec4 3;
    %ix/load 4, 0, 0; Constant delay
    %assign/vec4/a/d v0x55ebcd8fba00, 0, 4;
T_15.6 ;
    %jmp T_15;
    .thread T_15;
    .scope S_0x55ebcda47950;
T_16 ;
    %wait E_0x55ebcd737be0;
    %load/vec4 v0x55ebcda54770_0;
    %dup/vec4;
    %pushi/vec4 0, 0, 2;
    %cmp/u;
    %jmp/1 T_16.0, 6;
    %dup/vec4;
    %pushi/vec4 1, 0, 2;
    %cmp/u;
    %jmp/1 T_16.1, 6;
    %dup/vec4;
    %pushi/vec4 2, 0, 2;
    %cmp/u;
    %jmp/1 T_16.2, 6;
    %load/vec4 v0x55ebcda50720_0;
    %store/vec4 v0x55ebcda541f0_0, 0, 32;
    %jmp T_16.4;
T_16.0 ;
    %load/vec4 v0x55ebcda50240_0;
    %store/vec4 v0x55ebcda541f0_0, 0, 32;
    %jmp T_16.4;
T_16.1 ;
    %load/vec4 v0x55ebcda503e0_0;
    %store/vec4 v0x55ebcda541f0_0, 0, 32;
    %jmp T_16.4;
T_16.2 ;
    %load/vec4 v0x55ebcda50580_0;
    %store/vec4 v0x55ebcda541f0_0, 0, 32;
    %jmp T_16.4;
T_16.4 ;
    %pop/vec4 1;
    %jmp T_16;
    .thread T_16, $push;
    .scope S_0x55ebcda47950;
T_17 ;
    %wait E_0x55ebcd738950;
    %load/vec4 v0x55ebcda55010_0;
    %flag_set/vec4 8;
    %jmp/0xz  T_17.0, 8;
    %pushi/vec4 0, 0, 2;
    %assign/vec4 v0x55ebcda56f30_0, 0;
    %pushi/vec4 0, 0, 4;
    %assign/vec4 v0x55ebcda55270_0, 0;
    %pushi/vec4 0, 0, 32;
    %assign/vec4 v0x55ebcda58340_0, 0;
    %pushi/vec4 0, 0, 32;
    %assign/vec4 v0x55ebcda508c0_0, 0;
    %pushi/vec4 0, 0, 5;
    %assign/vec4 v0x55ebcda55410_0, 0;
    %pushi/vec4 0, 0, 23;
    %assign/vec4 v0x55ebcda554f0_0, 0;
    %pushi/vec4 0, 0, 1;
    %assign/vec4 v0x55ebcda556b0_0, 0;
    %pushi/vec4 0, 0, 32;
    %assign/vec4 v0x55ebcda55770_0, 0;
    %pushi/vec4 0, 0, 4;
    %assign/vec4 v0x55ebcda55850_0, 0;
    %pushi/vec4 0, 0, 2;
    %assign/vec4 v0x55ebcda55a10_0, 0;
    %pushi/vec4 0, 0, 2;
    %assign/vec4 v0x55ebcda555d0_0, 0;
    %pushi/vec4 0, 0, 32;
    %assign/vec4 v0x55ebcda55930_0, 0;
    %pushi/vec4 0, 0, 1;
    %assign/vec4 v0x55ebcda56cd0_0, 0;
    %pushi/vec4 0, 0, 32;
    %assign/vec4 v0x55ebcda56d90_0, 0;
    %pushi/vec4 0, 0, 4;
    %ix/load 3, 0, 0;
    %flag_set/imm 4, 0;
    %ix/load 4, 0, 0; Constant delay
    %assign/vec4/a/d v0x55ebcda50180, 0, 4;
    %pushi/vec4 0, 0, 3;
    %ix/load 3, 0, 0;
    %flag_set/imm 4, 0;
    %ix/load 4, 0, 0; Constant delay
    %assign/vec4/a/d v0x55ebcda55fd0, 0, 4;
    %pushi/vec4 0, 0, 4;
    %ix/load 3, 1, 0;
    %flag_set/imm 4, 0;
    %ix/load 4, 0, 0; Constant delay
    %assign/vec4/a/d v0x55ebcda50180, 0, 4;
    %pushi/vec4 0, 0, 3;
    %ix/load 3, 1, 0;
    %flag_set/imm 4, 0;
    %ix/load 4, 0, 0; Constant delay
    %assign/vec4/a/d v0x55ebcda55fd0, 0, 4;
    %pushi/vec4 0, 0, 4;
    %ix/load 3, 2, 0;
    %flag_set/imm 4, 0;
    %ix/load 4, 0, 0; Constant delay
    %assign/vec4/a/d v0x55ebcda50180, 0, 4;
    %pushi/vec4 0, 0, 3;
    %ix/load 3, 2, 0;
    %flag_set/imm 4, 0;
    %ix/load 4, 0, 0; Constant delay
    %assign/vec4/a/d v0x55ebcda55fd0, 0, 4;
    %pushi/vec4 0, 0, 4;
    %ix/load 3, 3, 0;
    %flag_set/imm 4, 0;
    %ix/load 4, 0, 0; Constant delay
    %assign/vec4/a/d v0x55ebcda50180, 0, 4;
    %pushi/vec4 0, 0, 3;
    %ix/load 3, 3, 0;
    %flag_set/imm 4, 0;
    %ix/load 4, 0, 0; Constant delay
    %assign/vec4/a/d v0x55ebcda55fd0, 0, 4;
    %pushi/vec4 0, 0, 4;
    %ix/load 3, 4, 0;
    %flag_set/imm 4, 0;
    %ix/load 4, 0, 0; Constant delay
    %assign/vec4/a/d v0x55ebcda50180, 0, 4;
    %pushi/vec4 0, 0, 3;
    %ix/load 3, 4, 0;
    %flag_set/imm 4, 0;
    %ix/load 4, 0, 0; Constant delay
    %assign/vec4/a/d v0x55ebcda55fd0, 0, 4;
    %pushi/vec4 0, 0, 4;
    %ix/load 3, 5, 0;
    %flag_set/imm 4, 0;
    %ix/load 4, 0, 0; Constant delay
    %assign/vec4/a/d v0x55ebcda50180, 0, 4;
    %pushi/vec4 0, 0, 3;
    %ix/load 3, 5, 0;
    %flag_set/imm 4, 0;
    %ix/load 4, 0, 0; Constant delay
    %assign/vec4/a/d v0x55ebcda55fd0, 0, 4;
    %pushi/vec4 0, 0, 4;
    %ix/load 3, 6, 0;
    %flag_set/imm 4, 0;
    %ix/load 4, 0, 0; Constant delay
    %assign/vec4/a/d v0x55ebcda50180, 0, 4;
    %pushi/vec4 0, 0, 3;
    %ix/load 3, 6, 0;
    %flag_set/imm 4, 0;
    %ix/load 4, 0, 0; Constant delay
    %assign/vec4/a/d v0x55ebcda55fd0, 0, 4;
    %pushi/vec4 0, 0, 4;
    %ix/load 3, 7, 0;
    %flag_set/imm 4, 0;
    %ix/load 4, 0, 0; Constant delay
    %assign/vec4/a/d v0x55ebcda50180, 0, 4;
    %pushi/vec4 0, 0, 3;
    %ix/load 3, 7, 0;
    %flag_set/imm 4, 0;
    %ix/load 4, 0, 0; Constant delay
    %assign/vec4/a/d v0x55ebcda55fd0, 0, 4;
    %pushi/vec4 0, 0, 4;
    %ix/load 3, 8, 0;
    %flag_set/imm 4, 0;
    %ix/load 4, 0, 0; Constant delay
    %assign/vec4/a/d v0x55ebcda50180, 0, 4;
    %pushi/vec4 0, 0, 3;
    %ix/load 3, 8, 0;
    %flag_set/imm 4, 0;
    %ix/load 4, 0, 0; Constant delay
    %assign/vec4/a/d v0x55ebcda55fd0, 0, 4;
    %pushi/vec4 0, 0, 4;
    %ix/load 3, 9, 0;
    %flag_set/imm 4, 0;
    %ix/load 4, 0, 0; Constant delay
    %assign/vec4/a/d v0x55ebcda50180, 0, 4;
    %pushi/vec4 0, 0, 3;
    %ix/load 3, 9, 0;
    %flag_set/imm 4, 0;
    %ix/load 4, 0, 0; Constant delay
    %assign/vec4/a/d v0x55ebcda55fd0, 0, 4;
    %pushi/vec4 0, 0, 4;
    %ix/load 3, 10, 0;
    %flag_set/imm 4, 0;
    %ix/load 4, 0, 0; Constant delay
    %assign/vec4/a/d v0x55ebcda50180, 0, 4;
    %pushi/vec4 0, 0, 3;
    %ix/load 3, 10, 0;
    %flag_set/imm 4, 0;
    %ix/load 4, 0, 0; Constant delay
    %assign/vec4/a/d v0x55ebcda55fd0, 0, 4;
    %pushi/vec4 0, 0, 4;
    %ix/load 3, 11, 0;
    %flag_set/imm 4, 0;
    %ix/load 4, 0, 0; Constant delay
    %assign/vec4/a/d v0x55ebcda50180, 0, 4;
    %pushi/vec4 0, 0, 3;
    %ix/load 3, 11, 0;
    %flag_set/imm 4, 0;
    %ix/load 4, 0, 0; Constant delay
    %assign/vec4/a/d v0x55ebcda55fd0, 0, 4;
    %pushi/vec4 0, 0, 4;
    %ix/load 3, 12, 0;
    %flag_set/imm 4, 0;
    %ix/load 4, 0, 0; Constant delay
    %assign/vec4/a/d v0x55ebcda50180, 0, 4;
    %pushi/vec4 0, 0, 3;
    %ix/load 3, 12, 0;
    %flag_set/imm 4, 0;
    %ix/load 4, 0, 0; Constant delay
    %assign/vec4/a/d v0x55ebcda55fd0, 0, 4;
    %pushi/vec4 0, 0, 4;
    %ix/load 3, 13, 0;
    %flag_set/imm 4, 0;
    %ix/load 4, 0, 0; Constant delay
    %assign/vec4/a/d v0x55ebcda50180, 0, 4;
    %pushi/vec4 0, 0, 3;
    %ix/load 3, 13, 0;
    %flag_set/imm 4, 0;
    %ix/load 4, 0, 0; Constant delay
    %assign/vec4/a/d v0x55ebcda55fd0, 0, 4;
    %pushi/vec4 0, 0, 4;
    %ix/load 3, 14, 0;
    %flag_set/imm 4, 0;
    %ix/load 4, 0, 0; Constant delay
    %assign/vec4/a/d v0x55ebcda50180, 0, 4;
    %pushi/vec4 0, 0, 3;
    %ix/load 3, 14, 0;
    %flag_set/imm 4, 0;
    %ix/load 4, 0, 0; Constant delay
    %assign/vec4/a/d v0x55ebcda55fd0, 0, 4;
    %pushi/vec4 0, 0, 4;
    %ix/load 3, 15, 0;
    %flag_set/imm 4, 0;
    %ix/load 4, 0, 0; Constant delay
    %assign/vec4/a/d v0x55ebcda50180, 0, 4;
    %pushi/vec4 0, 0, 3;
    %ix/load 3, 15, 0;
    %flag_set/imm 4, 0;
    %ix/load 4, 0, 0; Constant delay
    %assign/vec4/a/d v0x55ebcda55fd0, 0, 4;
    %pushi/vec4 0, 0, 4;
    %ix/load 3, 16, 0;
    %flag_set/imm 4, 0;
    %ix/load 4, 0, 0; Constant delay
    %assign/vec4/a/d v0x55ebcda50180, 0, 4;
    %pushi/vec4 0, 0, 3;
    %ix/load 3, 16, 0;
    %flag_set/imm 4, 0;
    %ix/load 4, 0, 0; Constant delay
    %assign/vec4/a/d v0x55ebcda55fd0, 0, 4;
    %pushi/vec4 0, 0, 4;
    %ix/load 3, 17, 0;
    %flag_set/imm 4, 0;
    %ix/load 4, 0, 0; Constant delay
    %assign/vec4/a/d v0x55ebcda50180, 0, 4;
    %pushi/vec4 0, 0, 3;
    %ix/load 3, 17, 0;
    %flag_set/imm 4, 0;
    %ix/load 4, 0, 0; Constant delay
    %assign/vec4/a/d v0x55ebcda55fd0, 0, 4;
    %pushi/vec4 0, 0, 4;
    %ix/load 3, 18, 0;
    %flag_set/imm 4, 0;
    %ix/load 4, 0, 0; Constant delay
    %assign/vec4/a/d v0x55ebcda50180, 0, 4;
    %pushi/vec4 0, 0, 3;
    %ix/load 3, 18, 0;
    %flag_set/imm 4, 0;
    %ix/load 4, 0, 0; Constant delay
    %assign/vec4/a/d v0x55ebcda55fd0, 0, 4;
    %pushi/vec4 0, 0, 4;
    %ix/load 3, 19, 0;
    %flag_set/imm 4, 0;
    %ix/load 4, 0, 0; Constant delay
    %assign/vec4/a/d v0x55ebcda50180, 0, 4;
    %pushi/vec4 0, 0, 3;
    %ix/load 3, 19, 0;
    %flag_set/imm 4, 0;
    %ix/load 4, 0, 0; Constant delay
    %assign/vec4/a/d v0x55ebcda55fd0, 0, 4;
    %pushi/vec4 0, 0, 4;
    %ix/load 3, 20, 0;
    %flag_set/imm 4, 0;
    %ix/load 4, 0, 0; Constant delay
    %assign/vec4/a/d v0x55ebcda50180, 0, 4;
    %pushi/vec4 0, 0, 3;
    %ix/load 3, 20, 0;
    %flag_set/imm 4, 0;
    %ix/load 4, 0, 0; Constant delay
    %assign/vec4/a/d v0x55ebcda55fd0, 0, 4;
    %pushi/vec4 0, 0, 4;
    %ix/load 3, 21, 0;
    %flag_set/imm 4, 0;
    %ix/load 4, 0, 0; Constant delay
    %assign/vec4/a/d v0x55ebcda50180, 0, 4;
    %pushi/vec4 0, 0, 3;
    %ix/load 3, 21, 0;
    %flag_set/imm 4, 0;
    %ix/load 4, 0, 0; Constant delay
    %assign/vec4/a/d v0x55ebcda55fd0, 0, 4;
    %pushi/vec4 0, 0, 4;
    %ix/load 3, 22, 0;
    %flag_set/imm 4, 0;
    %ix/load 4, 0, 0; Constant delay
    %assign/vec4/a/d v0x55ebcda50180, 0, 4;
    %pushi/vec4 0, 0, 3;
    %ix/load 3, 22, 0;
    %flag_set/imm 4, 0;
    %ix/load 4, 0, 0; Constant delay
    %assign/vec4/a/d v0x55ebcda55fd0, 0, 4;
    %pushi/vec4 0, 0, 4;
    %ix/load 3, 23, 0;
    %flag_set/imm 4, 0;
    %ix/load 4, 0, 0; Constant delay
    %assign/vec4/a/d v0x55ebcda50180, 0, 4;
    %pushi/vec4 0, 0, 3;
    %ix/load 3, 23, 0;
    %flag_set/imm 4, 0;
    %ix/load 4, 0, 0; Constant delay
    %assign/vec4/a/d v0x55ebcda55fd0, 0, 4;
    %pushi/vec4 0, 0, 4;
    %ix/load 3, 24, 0;
    %flag_set/imm 4, 0;
    %ix/load 4, 0, 0; Constant delay
    %assign/vec4/a/d v0x55ebcda50180, 0, 4;
    %pushi/vec4 0, 0, 3;
    %ix/load 3, 24, 0;
    %flag_set/imm 4, 0;
    %ix/load 4, 0, 0; Constant delay
    %assign/vec4/a/d v0x55ebcda55fd0, 0, 4;
    %pushi/vec4 0, 0, 4;
    %ix/load 3, 25, 0;
    %flag_set/imm 4, 0;
    %ix/load 4, 0, 0; Constant delay
    %assign/vec4/a/d v0x55ebcda50180, 0, 4;
    %pushi/vec4 0, 0, 3;
    %ix/load 3, 25, 0;
    %flag_set/imm 4, 0;
    %ix/load 4, 0, 0; Constant delay
    %assign/vec4/a/d v0x55ebcda55fd0, 0, 4;
    %pushi/vec4 0, 0, 4;
    %ix/load 3, 26, 0;
    %flag_set/imm 4, 0;
    %ix/load 4, 0, 0; Constant delay
    %assign/vec4/a/d v0x55ebcda50180, 0, 4;
    %pushi/vec4 0, 0, 3;
    %ix/load 3, 26, 0;
    %flag_set/imm 4, 0;
    %ix/load 4, 0, 0; Constant delay
    %assign/vec4/a/d v0x55ebcda55fd0, 0, 4;
    %pushi/vec4 0, 0, 4;
    %ix/load 3, 27, 0;
    %flag_set/imm 4, 0;
    %ix/load 4, 0, 0; Constant delay
    %assign/vec4/a/d v0x55ebcda50180, 0, 4;
    %pushi/vec4 0, 0, 3;
    %ix/load 3, 27, 0;
    %flag_set/imm 4, 0;
    %ix/load 4, 0, 0; Constant delay
    %assign/vec4/a/d v0x55ebcda55fd0, 0, 4;
    %pushi/vec4 0, 0, 4;
    %ix/load 3, 28, 0;
    %flag_set/imm 4, 0;
    %ix/load 4, 0, 0; Constant delay
    %assign/vec4/a/d v0x55ebcda50180, 0, 4;
    %pushi/vec4 0, 0, 3;
    %ix/load 3, 28, 0;
    %flag_set/imm 4, 0;
    %ix/load 4, 0, 0; Constant delay
    %assign/vec4/a/d v0x55ebcda55fd0, 0, 4;
    %pushi/vec4 0, 0, 4;
    %ix/load 3, 29, 0;
    %flag_set/imm 4, 0;
    %ix/load 4, 0, 0; Constant delay
    %assign/vec4/a/d v0x55ebcda50180, 0, 4;
    %pushi/vec4 0, 0, 3;
    %ix/load 3, 29, 0;
    %flag_set/imm 4, 0;
    %ix/load 4, 0, 0; Constant delay
    %assign/vec4/a/d v0x55ebcda55fd0, 0, 4;
    %pushi/vec4 0, 0, 4;
    %ix/load 3, 30, 0;
    %flag_set/imm 4, 0;
    %ix/load 4, 0, 0; Constant delay
    %assign/vec4/a/d v0x55ebcda50180, 0, 4;
    %pushi/vec4 0, 0, 3;
    %ix/load 3, 30, 0;
    %flag_set/imm 4, 0;
    %ix/load 4, 0, 0; Constant delay
    %assign/vec4/a/d v0x55ebcda55fd0, 0, 4;
    %pushi/vec4 0, 0, 4;
    %ix/load 3, 31, 0;
    %flag_set/imm 4, 0;
    %ix/load 4, 0, 0; Constant delay
    %assign/vec4/a/d v0x55ebcda50180, 0, 4;
    %pushi/vec4 0, 0, 3;
    %ix/load 3, 31, 0;
    %flag_set/imm 4, 0;
    %ix/load 4, 0, 0; Constant delay
    %assign/vec4/a/d v0x55ebcda55fd0, 0, 4;
    %jmp T_17.1;
T_17.0 ;
    %load/vec4 v0x55ebcda56f30_0;
    %dup/vec4;
    %pushi/vec4 0, 0, 2;
    %cmp/u;
    %jmp/1 T_17.2, 6;
    %dup/vec4;
    %pushi/vec4 1, 0, 2;
    %cmp/u;
    %jmp/1 T_17.3, 6;
    %dup/vec4;
    %pushi/vec4 3, 0, 2;
    %cmp/u;
    %jmp/1 T_17.4, 6;
    %dup/vec4;
    %pushi/vec4 2, 0, 2;
    %cmp/u;
    %jmp/1 T_17.5, 6;
    %pushi/vec4 0, 0, 2;
    %assign/vec4 v0x55ebcda56f30_0, 0;
    %pushi/vec4 0, 0, 32;
    %assign/vec4 v0x55ebcda58340_0, 0;
    %pushi/vec4 0, 0, 32;
    %assign/vec4 v0x55ebcda508c0_0, 0;
    %pushi/vec4 0, 0, 4;
    %assign/vec4 v0x55ebcda55270_0, 0;
    %pushi/vec4 0, 0, 1;
    %assign/vec4 v0x55ebcda56cd0_0, 0;
    %jmp T_17.7;
T_17.2 ;
    %load/vec4 v0x55ebcda54db0_0;
    %flag_set/vec4 8;
    %jmp/1 T_17.10, 8;
    %load/vec4 v0x55ebcda54f50_0;
    %flag_set/vec4 9;
    %flag_or 8, 9;
T_17.10;
    %jmp/0xz  T_17.8, 8;
    %load/vec4 v0x55ebcda546b0_0;
    %flag_set/vec4 8;
    %jmp/0xz  T_17.11, 8;
    %load/vec4 v0x55ebcda54f50_0;
    %flag_set/vec4 8;
    %jmp/0xz  T_17.13, 8;
    %load/vec4 v0x55ebcda54770_0;
    %dup/vec4;
    %pushi/vec4 0, 0, 2;
    %cmp/u;
    %jmp/1 T_17.15, 6;
    %dup/vec4;
    %pushi/vec4 1, 0, 2;
    %cmp/u;
    %jmp/1 T_17.16, 6;
    %dup/vec4;
    %pushi/vec4 2, 0, 2;
    %cmp/u;
    %jmp/1 T_17.17, 6;
    %load/vec4 v0x55ebcda54850_0;
    %load/vec4 v0x55ebcda568b0_0;
    %pad/u 10;
    %pad/u 12;
    %muli 4, 0, 12;
    %pad/u 13;
    %load/vec4 v0x55ebcda56a70_0;
    %pad/u 4;
    %pad/u 13;
    %add;
    %ix/vec4 3;
    %ix/load 4, 0, 0; Constant delay
    %assign/vec4/a/d v0x55ebcda54510, 0, 4;
    %jmp T_17.19;
T_17.15 ;
    %load/vec4 v0x55ebcda54850_0;
    %load/vec4 v0x55ebcda568b0_0;
    %pad/u 10;
    %pad/u 12;
    %muli 4, 0, 12;
    %pad/u 13;
    %load/vec4 v0x55ebcda56a70_0;
    %pad/u 4;
    %pad/u 13;
    %add;
    %ix/vec4 3;
    %ix/load 4, 0, 0; Constant delay
    %assign/vec4/a/d v0x55ebcda542d0, 0, 4;
    %jmp T_17.19;
T_17.16 ;
    %load/vec4 v0x55ebcda54850_0;
    %load/vec4 v0x55ebcda568b0_0;
    %pad/u 10;
    %pad/u 12;
    %muli 4, 0, 12;
    %pad/u 13;
    %load/vec4 v0x55ebcda56a70_0;
    %pad/u 4;
    %pad/u 13;
    %add;
    %ix/vec4 3;
    %ix/load 4, 0, 0; Constant delay
    %assign/vec4/a/d v0x55ebcda54390, 0, 4;
    %jmp T_17.19;
T_17.17 ;
    %load/vec4 v0x55ebcda54850_0;
    %load/vec4 v0x55ebcda568b0_0;
    %pad/u 10;
    %pad/u 12;
    %muli 4, 0, 12;
    %pad/u 13;
    %load/vec4 v0x55ebcda56a70_0;
    %pad/u 4;
    %pad/u 13;
    %add;
    %ix/vec4 3;
    %ix/load 4, 0, 0; Constant delay
    %assign/vec4/a/d v0x55ebcda54450, 0, 4;
    %jmp T_17.19;
T_17.19 ;
    %pop/vec4 1;
T_17.13 ;
    %load/vec4 v0x55ebcda54770_0;
    %cmpi/e 0, 0, 2;
    %flag_mov 8, 4;
    %jmp/0 T_17.20, 8;
    %pushi/vec4 1, 0, 1;
    %concati/vec4 1, 0, 1;
    %load/vec4 v0x55ebcda568b0_0;
    %pad/u 7;
    %ix/vec4 4;
    %load/vec4a v0x55ebcda55fd0, 4;
    %parti/s 1, 0, 2;
    %concat/vec4; draw_concat_vec4
    %jmp/1 T_17.21, 8;
T_17.20 ; End of true expr.
    %load/vec4 v0x55ebcda54770_0;
    %cmpi/e 1, 0, 2;
    %flag_mov 9, 4;
    %jmp/0 T_17.22, 9;
    %pushi/vec4 1, 0, 1;
    %concati/vec4 0, 0, 1;
    %load/vec4 v0x55ebcda568b0_0;
    %pad/u 7;
    %ix/vec4 4;
    %load/vec4a v0x55ebcda55fd0, 4;
    %parti/s 1, 0, 2;
    %concat/vec4; draw_concat_vec4
    %jmp/1 T_17.23, 9;
T_17.22 ; End of true expr.
    %load/vec4 v0x55ebcda54770_0;
    %cmpi/e 2, 0, 2;
    %flag_mov 10, 4;
    %jmp/0 T_17.24, 10;
    %pushi/vec4 0, 0, 1;
    %load/vec4 v0x55ebcda568b0_0;
    %pad/u 7;
    %ix/vec4 4;
    %load/vec4a v0x55ebcda55fd0, 4;
    %parti/s 1, 1, 2;
    %concat/vec4; draw_concat_vec4
    %concati/vec4 1, 0, 1;
    %jmp/1 T_17.25, 10;
T_17.24 ; End of true expr.
    %pushi/vec4 0, 0, 1;
    %load/vec4 v0x55ebcda568b0_0;
    %pad/u 7;
    %ix/vec4 4;
    %load/vec4a v0x55ebcda55fd0, 4;
    %parti/s 1, 1, 2;
    %concat/vec4; draw_concat_vec4
    %concati/vec4 0, 0, 1;
    %jmp/0 T_17.25, 10;
 ; End of false expr.
    %blend;
T_17.25;
    %jmp/0 T_17.23, 9;
 ; End of false expr.
    %blend;
T_17.23;
    %jmp/0 T_17.21, 8;
 ; End of false expr.
    %blend;
T_17.21;
    %load/vec4 v0x55ebcda568b0_0;
    %pad/u 7;
    %ix/vec4 3;
    %ix/load 4, 0, 0; Constant delay
    %assign/vec4/a/d v0x55ebcda55fd0, 0, 4;
    %pushi/vec4 0, 0, 1;
    %assign/vec4 v0x55ebcda56cd0_0, 0;
    %load/vec4 v0x55ebcda56e70_0;
    %flag_set/vec4 9;
    %flag_get/vec4 9;
    %jmp/0 T_17.28, 9;
    %load/vec4 v0x55ebcda58340_0;
    %load/vec4 v0x55ebcda508c0_0;
    %cmp/e;
    %flag_get/vec4 4;
    %and;
T_17.28;
    %flag_set/vec4 8;
    %jmp/0xz  T_17.26, 8;
    %pushi/vec4 3, 0, 2;
    %assign/vec4 v0x55ebcda56f30_0, 0;
    %load/vec4 v0x55ebcda56310_0;
    %assign/vec4 v0x55ebcda55410_0, 0;
    %load/vec4 v0x55ebcda563f0_0;
    %assign/vec4 v0x55ebcda554f0_0, 0;
    %pushi/vec4 0, 0, 1;
    %assign/vec4 v0x55ebcda556b0_0, 0;
    %pushi/vec4 0, 0, 32;
    %assign/vec4 v0x55ebcda55770_0, 0;
    %pushi/vec4 0, 0, 4;
    %assign/vec4 v0x55ebcda55850_0, 0;
    %pushi/vec4 0, 0, 2;
    %assign/vec4 v0x55ebcda55a10_0, 0;
    %load/vec4 v0x55ebcda56310_0;
    %pad/u 7;
    %ix/vec4 4;
    %load/vec4a v0x55ebcda50180, 4;
    %parti/s 1, 0, 2;
    %nor/r;
    %flag_set/vec4 8;
    %jmp/0 T_17.29, 8;
    %pushi/vec4 0, 0, 2;
    %jmp/1 T_17.30, 8;
T_17.29 ; End of true expr.
    %load/vec4 v0x55ebcda56310_0;
    %pad/u 7;
    %ix/vec4 4;
    %load/vec4a v0x55ebcda50180, 4;
    %parti/s 1, 1, 2;
    %nor/r;
    %flag_set/vec4 9;
    %jmp/0 T_17.31, 9;
    %pushi/vec4 1, 0, 2;
    %jmp/1 T_17.32, 9;
T_17.31 ; End of true expr.
    %load/vec4 v0x55ebcda56310_0;
    %pad/u 7;
    %ix/vec4 4;
    %load/vec4a v0x55ebcda50180, 4;
    %parti/s 1, 2, 3;
    %nor/r;
    %flag_set/vec4 10;
    %jmp/0 T_17.33, 10;
    %pushi/vec4 2, 0, 2;
    %jmp/1 T_17.34, 10;
T_17.33 ; End of true expr.
    %load/vec4 v0x55ebcda56310_0;
    %pad/u 7;
    %ix/vec4 4;
    %load/vec4a v0x55ebcda50180, 4;
    %parti/s 1, 3, 3;
    %nor/r;
    %flag_set/vec4 11;
    %jmp/0 T_17.35, 11;
    %pushi/vec4 3, 0, 2;
    %jmp/1 T_17.36, 11;
T_17.35 ; End of true expr.
    %load/vec4 v0x55ebcda56310_0;
    %pad/u 7;
    %ix/vec4 4;
    %load/vec4a v0x55ebcda55fd0, 4;
    %parti/s 1, 2, 3;
    %nor/r;
    %flag_set/vec4 12;
    %jmp/0 T_17.37, 12;
    %load/vec4 v0x55ebcda56310_0;
    %pad/u 7;
    %ix/vec4 4;
    %load/vec4a v0x55ebcda55fd0, 4;
    %parti/s 1, 1, 2;
    %flag_set/vec4 13;
    %jmp/0 T_17.39, 13;
    %pushi/vec4 1, 0, 2;
    %jmp/1 T_17.40, 13;
T_17.39 ; End of true expr.
    %pushi/vec4 0, 0, 2;
    %jmp/0 T_17.40, 13;
 ; End of false expr.
    %blend;
T_17.40;
    %jmp/1 T_17.38, 12;
T_17.37 ; End of true expr.
    %load/vec4 v0x55ebcda56310_0;
    %pad/u 7;
    %ix/vec4 4;
    %load/vec4a v0x55ebcda55fd0, 4;
    %parti/s 1, 0, 2;
    %flag_set/vec4 13;
    %jmp/0 T_17.41, 13;
    %pushi/vec4 3, 0, 2;
    %jmp/1 T_17.42, 13;
T_17.41 ; End of true expr.
    %pushi/vec4 2, 0, 2;
    %jmp/0 T_17.42, 13;
 ; End of false expr.
    %blend;
T_17.42;
    %jmp/0 T_17.38, 12;
 ; End of false expr.
    %blend;
T_17.38;
    %jmp/0 T_17.36, 11;
 ; End of false expr.
    %blend;
T_17.36;
    %jmp/0 T_17.34, 10;
 ; End of false expr.
    %blend;
T_17.34;
    %jmp/0 T_17.32, 9;
 ; End of false expr.
    %blend;
T_17.32;
    %jmp/0 T_17.30, 8;
 ; End of false expr.
    %blend;
T_17.30;
    %assign/vec4 v0x55ebcda555d0_0, 0;
    %pushi/vec4 0, 0, 32;
    %assign/vec4 v0x55ebcda55930_0, 0;
    %pushi/vec4 0, 0, 4;
    %assign/vec4 v0x55ebcda55270_0, 0;
    %pushi/vec4 0, 0, 32;
    %assign/vec4 v0x55ebcda58340_0, 0;
    %pushi/vec4 0, 0, 32;
    %assign/vec4 v0x55ebcda508c0_0, 0;
T_17.26 ;
    %jmp T_17.12;
T_17.11 ;
    %pushi/vec4 1, 0, 2;
    %assign/vec4 v0x55ebcda56f30_0, 0;
    %load/vec4 v0x55ebcda568b0_0;
    %assign/vec4 v0x55ebcda55410_0, 0;
    %load/vec4 v0x55ebcda56990_0;
    %assign/vec4 v0x55ebcda554f0_0, 0;
    %load/vec4 v0x55ebcda54f50_0;
    %assign/vec4 v0x55ebcda556b0_0, 0;
    %load/vec4 v0x55ebcda54e70_0;
    %assign/vec4 v0x55ebcda55770_0, 0;
    %load/vec4 v0x55ebcda54cf0_0;
    %assign/vec4 v0x55ebcda55850_0, 0;
    %load/vec4 v0x55ebcda56a70_0;
    %assign/vec4 v0x55ebcda55a10_0, 0;
    %load/vec4 v0x55ebcda568b0_0;
    %pad/u 7;
    %ix/vec4 4;
    %load/vec4a v0x55ebcda50180, 4;
    %parti/s 1, 0, 2;
    %nor/r;
    %flag_set/vec4 8;
    %jmp/0 T_17.43, 8;
    %pushi/vec4 0, 0, 2;
    %jmp/1 T_17.44, 8;
T_17.43 ; End of true expr.
    %load/vec4 v0x55ebcda568b0_0;
    %pad/u 7;
    %ix/vec4 4;
    %load/vec4a v0x55ebcda50180, 4;
    %parti/s 1, 1, 2;
    %nor/r;
    %flag_set/vec4 9;
    %jmp/0 T_17.45, 9;
    %pushi/vec4 1, 0, 2;
    %jmp/1 T_17.46, 9;
T_17.45 ; End of true expr.
    %load/vec4 v0x55ebcda568b0_0;
    %pad/u 7;
    %ix/vec4 4;
    %load/vec4a v0x55ebcda50180, 4;
    %parti/s 1, 2, 3;
    %nor/r;
    %flag_set/vec4 10;
    %jmp/0 T_17.47, 10;
    %pushi/vec4 2, 0, 2;
    %jmp/1 T_17.48, 10;
T_17.47 ; End of true expr.
    %load/vec4 v0x55ebcda568b0_0;
    %pad/u 7;
    %ix/vec4 4;
    %load/vec4a v0x55ebcda50180, 4;
    %parti/s 1, 3, 3;
    %nor/r;
    %flag_set/vec4 11;
    %jmp/0 T_17.49, 11;
    %pushi/vec4 3, 0, 2;
    %jmp/1 T_17.50, 11;
T_17.49 ; End of true expr.
    %load/vec4 v0x55ebcda568b0_0;
    %pad/u 7;
    %ix/vec4 4;
    %load/vec4a v0x55ebcda55fd0, 4;
    %parti/s 1, 2, 3;
    %nor/r;
    %flag_set/vec4 12;
    %jmp/0 T_17.51, 12;
    %load/vec4 v0x55ebcda568b0_0;
    %pad/u 7;
    %ix/vec4 4;
    %load/vec4a v0x55ebcda55fd0, 4;
    %parti/s 1, 1, 2;
    %flag_set/vec4 13;
    %jmp/0 T_17.53, 13;
    %pushi/vec4 1, 0, 2;
    %jmp/1 T_17.54, 13;
T_17.53 ; End of true expr.
    %pushi/vec4 0, 0, 2;
    %jmp/0 T_17.54, 13;
 ; End of false expr.
    %blend;
T_17.54;
    %jmp/1 T_17.52, 12;
T_17.51 ; End of true expr.
    %load/vec4 v0x55ebcda568b0_0;
    %pad/u 7;
    %ix/vec4 4;
    %load/vec4a v0x55ebcda55fd0, 4;
    %parti/s 1, 0, 2;
    %flag_set/vec4 13;
    %jmp/0 T_17.55, 13;
    %pushi/vec4 3, 0, 2;
    %jmp/1 T_17.56, 13;
T_17.55 ; End of true expr.
    %pushi/vec4 2, 0, 2;
    %jmp/0 T_17.56, 13;
 ; End of false expr.
    %blend;
T_17.56;
    %jmp/0 T_17.52, 12;
 ; End of false expr.
    %blend;
T_17.52;
    %jmp/0 T_17.50, 11;
 ; End of false expr.
    %blend;
T_17.50;
    %jmp/0 T_17.48, 10;
 ; End of false expr.
    %blend;
T_17.48;
    %jmp/0 T_17.46, 9;
 ; End of false expr.
    %blend;
T_17.46;
    %jmp/0 T_17.44, 8;
 ; End of false expr.
    %blend;
T_17.44;
    %assign/vec4 v0x55ebcda555d0_0, 0;
    %pushi/vec4 0, 0, 32;
    %assign/vec4 v0x55ebcda55930_0, 0;
    %pushi/vec4 0, 0, 4;
    %assign/vec4 v0x55ebcda55270_0, 0;
    %pushi/vec4 0, 0, 32;
    %assign/vec4 v0x55ebcda58340_0, 0;
    %pushi/vec4 0, 0, 32;
    %assign/vec4 v0x55ebcda508c0_0, 0;
    %pushi/vec4 0, 0, 1;
    %assign/vec4 v0x55ebcda56cd0_0, 0;
T_17.12 ;
    %jmp T_17.9;
T_17.8 ;
    %pushi/vec4 0, 0, 1;
    %assign/vec4 v0x55ebcda56cd0_0, 0;
T_17.9 ;
    %jmp T_17.7;
T_17.3 ;
    %load/vec4 v0x55ebcda58340_0;
    %cmpi/u 4, 0, 32;
    %flag_get/vec4 5;
    %jmp/0 T_17.59, 5;
    %load/vec4 v0x55ebcda54ab0_0;
    %and;
T_17.59;
    %flag_set/vec4 8;
    %jmp/0xz  T_17.57, 8;
    %load/vec4 v0x55ebcda58340_0;
    %addi 1, 0, 32;
    %assign/vec4 v0x55ebcda58340_0, 0;
    %load/vec4 v0x55ebcda55270_0;
    %addi 4, 0, 4;
    %assign/vec4 v0x55ebcda55270_0, 0;
T_17.57 ;
    %load/vec4 v0x55ebcda54b70_0;
    %flag_set/vec4 8;
    %jmp/0xz  T_17.60, 8;
    %vpi_call 5 298 "$display", "[CACHE MISS_FILL] mem_resp addr=%08h data=%08h set=%0d tag=%h way=%0d words_filled=%0d", v0x55ebcda55190_0, v0x55ebcda549d0_0, v0x55ebcda55410_0, v0x55ebcda554f0_0, v0x55ebcda555d0_0, v0x55ebcda508c0_0 {0 0 0};
    %load/vec4 v0x55ebcda549d0_0;
    %store/vec4 v0x55ebcda545d0_0, 0, 32;
    %load/vec4 v0x55ebcda556b0_0;
    %flag_set/vec4 9;
    %flag_get/vec4 9;
    %jmp/0 T_17.64, 9;
    %load/vec4 v0x55ebcda508c0_0;
    %pushi/vec4 0, 0, 30;
    %load/vec4 v0x55ebcda55a10_0;
    %concat/vec4; draw_concat_vec4
    %cmp/e;
    %flag_get/vec4 4;
    %and;
T_17.64;
    %flag_set/vec4 8;
    %jmp/0xz  T_17.62, 8;
    %load/vec4 v0x55ebcda55850_0;
    %parti/s 1, 3, 3;
    %flag_set/vec4 8;
    %jmp/0 T_17.65, 8;
    %load/vec4 v0x55ebcda55770_0;
    %parti/s 8, 24, 6;
    %jmp/1 T_17.66, 8;
T_17.65 ; End of true expr.
    %load/vec4 v0x55ebcda549d0_0;
    %parti/s 8, 24, 6;
    %jmp/0 T_17.66, 8;
 ; End of false expr.
    %blend;
T_17.66;
    %load/vec4 v0x55ebcda55850_0;
    %parti/s 1, 2, 3;
    %flag_set/vec4 8;
    %jmp/0 T_17.67, 8;
    %load/vec4 v0x55ebcda55770_0;
    %parti/s 8, 16, 6;
    %jmp/1 T_17.68, 8;
T_17.67 ; End of true expr.
    %load/vec4 v0x55ebcda549d0_0;
    %parti/s 8, 16, 6;
    %jmp/0 T_17.68, 8;
 ; End of false expr.
    %blend;
T_17.68;
    %concat/vec4; draw_concat_vec4
    %load/vec4 v0x55ebcda55850_0;
    %parti/s 1, 1, 2;
    %flag_set/vec4 8;
    %jmp/0 T_17.69, 8;
    %load/vec4 v0x55ebcda55770_0;
    %parti/s 8, 8, 5;
    %jmp/1 T_17.70, 8;
T_17.69 ; End of true expr.
    %load/vec4 v0x55ebcda549d0_0;
    %parti/s 8, 8, 5;
    %jmp/0 T_17.70, 8;
 ; End of false expr.
    %blend;
T_17.70;
    %concat/vec4; draw_concat_vec4
    %load/vec4 v0x55ebcda55850_0;
    %parti/s 1, 0, 2;
    %flag_set/vec4 8;
    %jmp/0 T_17.71, 8;
    %load/vec4 v0x55ebcda55770_0;
    %parti/s 8, 0, 2;
    %jmp/1 T_17.72, 8;
T_17.71 ; End of true expr.
    %load/vec4 v0x55ebcda549d0_0;
    %parti/s 8, 0, 2;
    %jmp/0 T_17.72, 8;
 ; End of false expr.
    %blend;
T_17.72;
    %concat/vec4; draw_concat_vec4
    %store/vec4 v0x55ebcda545d0_0, 0, 32;
    %load/vec4 v0x55ebcda545d0_0;
    %assign/vec4 v0x55ebcda55930_0, 0;
T_17.62 ;
    %load/vec4 v0x55ebcda555d0_0;
    %dup/vec4;
    %pushi/vec4 0, 0, 2;
    %cmp/u;
    %jmp/1 T_17.73, 6;
    %dup/vec4;
    %pushi/vec4 1, 0, 2;
    %cmp/u;
    %jmp/1 T_17.74, 6;
    %dup/vec4;
    %pushi/vec4 2, 0, 2;
    %cmp/u;
    %jmp/1 T_17.75, 6;
    %load/vec4 v0x55ebcda545d0_0;
    %load/vec4 v0x55ebcda55410_0;
    %pad/u 10;
    %pad/u 12;
    %muli 4, 0, 12;
    %pad/u 13;
    %load/vec4 v0x55ebcda508c0_0;
    %pad/u 13;
    %add;
    %ix/vec4 3;
    %ix/load 4, 0, 0; Constant delay
    %assign/vec4/a/d v0x55ebcda54510, 0, 4;
    %jmp T_17.77;
T_17.73 ;
    %load/vec4 v0x55ebcda545d0_0;
    %load/vec4 v0x55ebcda55410_0;
    %pad/u 10;
    %pad/u 12;
    %muli 4, 0, 12;
    %pad/u 13;
    %load/vec4 v0x55ebcda508c0_0;
    %pad/u 13;
    %add;
    %ix/vec4 3;
    %ix/load 4, 0, 0; Constant delay
    %assign/vec4/a/d v0x55ebcda542d0, 0, 4;
    %jmp T_17.77;
T_17.74 ;
    %load/vec4 v0x55ebcda545d0_0;
    %load/vec4 v0x55ebcda55410_0;
    %pad/u 10;
    %pad/u 12;
    %muli 4, 0, 12;
    %pad/u 13;
    %load/vec4 v0x55ebcda508c0_0;
    %pad/u 13;
    %add;
    %ix/vec4 3;
    %ix/load 4, 0, 0; Constant delay
    %assign/vec4/a/d v0x55ebcda54390, 0, 4;
    %jmp T_17.77;
T_17.75 ;
    %load/vec4 v0x55ebcda545d0_0;
    %load/vec4 v0x55ebcda55410_0;
    %pad/u 10;
    %pad/u 12;
    %muli 4, 0, 12;
    %pad/u 13;
    %load/vec4 v0x55ebcda508c0_0;
    %pad/u 13;
    %add;
    %ix/vec4 3;
    %ix/load 4, 0, 0; Constant delay
    %assign/vec4/a/d v0x55ebcda54450, 0, 4;
    %jmp T_17.77;
T_17.77 ;
    %pop/vec4 1;
    %load/vec4 v0x55ebcda508c0_0;
    %pushi/vec4 0, 0, 30;
    %load/vec4 v0x55ebcda56a70_0;
    %concat/vec4; draw_concat_vec4
    %cmp/e;
    %jmp/0xz  T_17.78, 4;
    %load/vec4 v0x55ebcda545d0_0;
    %assign/vec4 v0x55ebcda56d90_0, 0;
T_17.78 ;
    %load/vec4 v0x55ebcda508c0_0;
    %cmpi/e 3, 0, 32;
    %jmp/0xz  T_17.80, 4;
    %load/vec4 v0x55ebcda555d0_0;
    %dup/vec4;
    %pushi/vec4 0, 0, 2;
    %cmp/u;
    %jmp/1 T_17.82, 6;
    %dup/vec4;
    %pushi/vec4 1, 0, 2;
    %cmp/u;
    %jmp/1 T_17.83, 6;
    %dup/vec4;
    %pushi/vec4 2, 0, 2;
    %cmp/u;
    %jmp/1 T_17.84, 6;
    %load/vec4 v0x55ebcda554f0_0;
    %load/vec4 v0x55ebcda55410_0;
    %pad/u 7;
    %ix/vec4 3;
    %ix/load 4, 0, 0; Constant delay
    %assign/vec4/a/d v0x55ebcda57250, 0, 4;
    %jmp T_17.86;
T_17.82 ;
    %load/vec4 v0x55ebcda554f0_0;
    %load/vec4 v0x55ebcda55410_0;
    %pad/u 7;
    %ix/vec4 3;
    %ix/load 4, 0, 0; Constant delay
    %assign/vec4/a/d v0x55ebcda57010, 0, 4;
    %jmp T_17.86;
T_17.83 ;
    %load/vec4 v0x55ebcda554f0_0;
    %load/vec4 v0x55ebcda55410_0;
    %pad/u 7;
    %ix/vec4 3;
    %ix/load 4, 0, 0; Constant delay
    %assign/vec4/a/d v0x55ebcda570d0, 0, 4;
    %jmp T_17.86;
T_17.84 ;
    %load/vec4 v0x55ebcda554f0_0;
    %load/vec4 v0x55ebcda55410_0;
    %pad/u 7;
    %ix/vec4 3;
    %ix/load 4, 0, 0; Constant delay
    %assign/vec4/a/d v0x55ebcda57190, 0, 4;
    %jmp T_17.86;
T_17.86 ;
    %pop/vec4 1;
    %pushi/vec4 1, 0, 1;
    %load/vec4 v0x55ebcda55410_0;
    %pad/u 7;
    %ix/vec4 4;
    %flag_mov 8, 4;
    %ix/getv 5, v0x55ebcda555d0_0;
    %flag_or 8, 4;
    %ix/load 6, 0, 0; Constant delay
    %ix/mov 3, 4;
    %flag_mov 4, 8;
    %assign/vec4/a/d v0x55ebcda50180, 5, 6;
    %load/vec4 v0x55ebcda555d0_0;
    %cmpi/e 0, 0, 2;
    %flag_mov 8, 4;
    %jmp/0 T_17.87, 8;
    %pushi/vec4 1, 0, 1;
    %concati/vec4 1, 0, 1;
    %load/vec4 v0x55ebcda55410_0;
    %pad/u 7;
    %ix/vec4 4;
    %load/vec4a v0x55ebcda55fd0, 4;
    %parti/s 1, 0, 2;
    %concat/vec4; draw_concat_vec4
    %jmp/1 T_17.88, 8;
T_17.87 ; End of true expr.
    %load/vec4 v0x55ebcda555d0_0;
    %cmpi/e 1, 0, 2;
    %flag_mov 9, 4;
    %jmp/0 T_17.89, 9;
    %pushi/vec4 1, 0, 1;
    %concati/vec4 0, 0, 1;
    %load/vec4 v0x55ebcda55410_0;
    %pad/u 7;
    %ix/vec4 4;
    %load/vec4a v0x55ebcda55fd0, 4;
    %parti/s 1, 0, 2;
    %concat/vec4; draw_concat_vec4
    %jmp/1 T_17.90, 9;
T_17.89 ; End of true expr.
    %load/vec4 v0x55ebcda555d0_0;
    %cmpi/e 2, 0, 2;
    %flag_mov 10, 4;
    %jmp/0 T_17.91, 10;
    %pushi/vec4 0, 0, 1;
    %load/vec4 v0x55ebcda55410_0;
    %pad/u 7;
    %ix/vec4 4;
    %load/vec4a v0x55ebcda55fd0, 4;
    %parti/s 1, 1, 2;
    %concat/vec4; draw_concat_vec4
    %concati/vec4 1, 0, 1;
    %jmp/1 T_17.92, 10;
T_17.91 ; End of true expr.
    %pushi/vec4 0, 0, 1;
    %load/vec4 v0x55ebcda55410_0;
    %pad/u 7;
    %ix/vec4 4;
    %load/vec4a v0x55ebcda55fd0, 4;
    %parti/s 1, 1, 2;
    %concat/vec4; draw_concat_vec4
    %concati/vec4 0, 0, 1;
    %jmp/0 T_17.92, 10;
 ; End of false expr.
    %blend;
T_17.92;
    %jmp/0 T_17.90, 9;
 ; End of false expr.
    %blend;
T_17.90;
    %jmp/0 T_17.88, 8;
 ; End of false expr.
    %blend;
T_17.88;
    %load/vec4 v0x55ebcda55410_0;
    %pad/u 7;
    %ix/vec4 3;
    %ix/load 4, 0, 0; Constant delay
    %assign/vec4/a/d v0x55ebcda55fd0, 0, 4;
    %pushi/vec4 1, 0, 1;
    %assign/vec4 v0x55ebcda56cd0_0, 0;
    %load/vec4 v0x55ebcda556b0_0;
    %flag_set/vec4 8;
    %jmp/0xz  T_17.93, 8;
    %pushi/vec4 2, 0, 2;
    %assign/vec4 v0x55ebcda56f30_0, 0;
    %jmp T_17.94;
T_17.93 ;
    %load/vec4 v0x55ebcda56e70_0;
    %flag_set/vec4 9;
    %flag_get/vec4 9;
    %jmp/0 T_17.97, 9;
    %load/vec4 v0x55ebcda58340_0;
    %load/vec4 v0x55ebcda508c0_0;
    %cmp/e;
    %flag_get/vec4 4;
    %and;
T_17.97;
    %flag_set/vec4 8;
    %jmp/0xz  T_17.95, 8;
    %pushi/vec4 3, 0, 2;
    %assign/vec4 v0x55ebcda56f30_0, 0;
    %load/vec4 v0x55ebcda56310_0;
    %assign/vec4 v0x55ebcda55410_0, 0;
    %load/vec4 v0x55ebcda563f0_0;
    %assign/vec4 v0x55ebcda554f0_0, 0;
    %pushi/vec4 0, 0, 1;
    %assign/vec4 v0x55ebcda556b0_0, 0;
    %pushi/vec4 0, 0, 32;
    %assign/vec4 v0x55ebcda55770_0, 0;
    %pushi/vec4 0, 0, 4;
    %assign/vec4 v0x55ebcda55850_0, 0;
    %pushi/vec4 0, 0, 2;
    %assign/vec4 v0x55ebcda55a10_0, 0;
    %load/vec4 v0x55ebcda56310_0;
    %pad/u 7;
    %ix/vec4 4;
    %load/vec4a v0x55ebcda50180, 4;
    %parti/s 1, 0, 2;
    %nor/r;
    %flag_set/vec4 8;
    %jmp/0 T_17.98, 8;
    %pushi/vec4 0, 0, 2;
    %jmp/1 T_17.99, 8;
T_17.98 ; End of true expr.
    %load/vec4 v0x55ebcda56310_0;
    %pad/u 7;
    %ix/vec4 4;
    %load/vec4a v0x55ebcda50180, 4;
    %parti/s 1, 1, 2;
    %nor/r;
    %flag_set/vec4 9;
    %jmp/0 T_17.100, 9;
    %pushi/vec4 1, 0, 2;
    %jmp/1 T_17.101, 9;
T_17.100 ; End of true expr.
    %load/vec4 v0x55ebcda56310_0;
    %pad/u 7;
    %ix/vec4 4;
    %load/vec4a v0x55ebcda50180, 4;
    %parti/s 1, 2, 3;
    %nor/r;
    %flag_set/vec4 10;
    %jmp/0 T_17.102, 10;
    %pushi/vec4 2, 0, 2;
    %jmp/1 T_17.103, 10;
T_17.102 ; End of true expr.
    %load/vec4 v0x55ebcda56310_0;
    %pad/u 7;
    %ix/vec4 4;
    %load/vec4a v0x55ebcda50180, 4;
    %parti/s 1, 3, 3;
    %nor/r;
    %flag_set/vec4 11;
    %jmp/0 T_17.104, 11;
    %pushi/vec4 3, 0, 2;
    %jmp/1 T_17.105, 11;
T_17.104 ; End of true expr.
    %load/vec4 v0x55ebcda56310_0;
    %pad/u 7;
    %ix/vec4 4;
    %load/vec4a v0x55ebcda55fd0, 4;
    %parti/s 1, 2, 3;
    %nor/r;
    %flag_set/vec4 12;
    %jmp/0 T_17.106, 12;
    %load/vec4 v0x55ebcda56310_0;
    %pad/u 7;
    %ix/vec4 4;
    %load/vec4a v0x55ebcda55fd0, 4;
    %parti/s 1, 1, 2;
    %flag_set/vec4 13;
    %jmp/0 T_17.108, 13;
    %pushi/vec4 1, 0, 2;
    %jmp/1 T_17.109, 13;
T_17.108 ; End of true expr.
    %pushi/vec4 0, 0, 2;
    %jmp/0 T_17.109, 13;
 ; End of false expr.
    %blend;
T_17.109;
    %jmp/1 T_17.107, 12;
T_17.106 ; End of true expr.
    %load/vec4 v0x55ebcda56310_0;
    %pad/u 7;
    %ix/vec4 4;
    %load/vec4a v0x55ebcda55fd0, 4;
    %parti/s 1, 0, 2;
    %flag_set/vec4 13;
    %jmp/0 T_17.110, 13;
    %pushi/vec4 3, 0, 2;
    %jmp/1 T_17.111, 13;
T_17.110 ; End of true expr.
    %pushi/vec4 2, 0, 2;
    %jmp/0 T_17.111, 13;
 ; End of false expr.
    %blend;
T_17.111;
    %jmp/0 T_17.107, 12;
 ; End of false expr.
    %blend;
T_17.107;
    %jmp/0 T_17.105, 11;
 ; End of false expr.
    %blend;
T_17.105;
    %jmp/0 T_17.103, 10;
 ; End of false expr.
    %blend;
T_17.103;
    %jmp/0 T_17.101, 9;
 ; End of false expr.
    %blend;
T_17.101;
    %jmp/0 T_17.99, 8;
 ; End of false expr.
    %blend;
T_17.99;
    %assign/vec4 v0x55ebcda555d0_0, 0;
    %pushi/vec4 0, 0, 32;
    %assign/vec4 v0x55ebcda55930_0, 0;
    %pushi/vec4 0, 0, 4;
    %assign/vec4 v0x55ebcda55270_0, 0;
    %pushi/vec4 0, 0, 32;
    %assign/vec4 v0x55ebcda58340_0, 0;
    %pushi/vec4 0, 0, 32;
    %assign/vec4 v0x55ebcda508c0_0, 0;
    %jmp T_17.96;
T_17.95 ;
    %pushi/vec4 0, 0, 2;
    %assign/vec4 v0x55ebcda56f30_0, 0;
    %pushi/vec4 0, 0, 4;
    %assign/vec4 v0x55ebcda55270_0, 0;
    %pushi/vec4 0, 0, 32;
    %assign/vec4 v0x55ebcda58340_0, 0;
    %pushi/vec4 0, 0, 32;
    %assign/vec4 v0x55ebcda508c0_0, 0;
T_17.96 ;
T_17.94 ;
    %jmp T_17.81;
T_17.80 ;
    %load/vec4 v0x55ebcda508c0_0;
    %addi 1, 0, 32;
    %assign/vec4 v0x55ebcda508c0_0, 0;
T_17.81 ;
T_17.60 ;
    %jmp T_17.7;
T_17.4 ;
    %load/vec4 v0x55ebcda58340_0;
    %cmpi/u 4, 0, 32;
    %flag_get/vec4 5;
    %jmp/0 T_17.114, 5;
    %load/vec4 v0x55ebcda54ab0_0;
    %and;
T_17.114;
    %flag_set/vec4 8;
    %jmp/0xz  T_17.112, 8;
    %load/vec4 v0x55ebcda58340_0;
    %addi 1, 0, 32;
    %assign/vec4 v0x55ebcda58340_0, 0;
    %load/vec4 v0x55ebcda55270_0;
    %addi 4, 0, 4;
    %assign/vec4 v0x55ebcda55270_0, 0;
T_17.112 ;
    %load/vec4 v0x55ebcda54b70_0;
    %flag_set/vec4 8;
    %jmp/0xz  T_17.115, 8;
    %vpi_call 5 374 "$display", "[CACHE PREFETCH_FILL] mem_resp addr=%08h data=%08h set=%0d tag=%h way=%0d words_filled=%0d", v0x55ebcda55190_0, v0x55ebcda549d0_0, v0x55ebcda55410_0, v0x55ebcda554f0_0, v0x55ebcda555d0_0, v0x55ebcda508c0_0 {0 0 0};
    %load/vec4 v0x55ebcda549d0_0;
    %store/vec4 v0x55ebcda545d0_0, 0, 32;
    %load/vec4 v0x55ebcda555d0_0;
    %dup/vec4;
    %pushi/vec4 0, 0, 2;
    %cmp/u;
    %jmp/1 T_17.117, 6;
    %dup/vec4;
    %pushi/vec4 1, 0, 2;
    %cmp/u;
    %jmp/1 T_17.118, 6;
    %dup/vec4;
    %pushi/vec4 2, 0, 2;
    %cmp/u;
    %jmp/1 T_17.119, 6;
    %load/vec4 v0x55ebcda545d0_0;
    %load/vec4 v0x55ebcda55410_0;
    %pad/u 10;
    %pad/u 12;
    %muli 4, 0, 12;
    %pad/u 13;
    %load/vec4 v0x55ebcda508c0_0;
    %pad/u 13;
    %add;
    %ix/vec4 3;
    %ix/load 4, 0, 0; Constant delay
    %assign/vec4/a/d v0x55ebcda54510, 0, 4;
    %jmp T_17.121;
T_17.117 ;
    %load/vec4 v0x55ebcda545d0_0;
    %load/vec4 v0x55ebcda55410_0;
    %pad/u 10;
    %pad/u 12;
    %muli 4, 0, 12;
    %pad/u 13;
    %load/vec4 v0x55ebcda508c0_0;
    %pad/u 13;
    %add;
    %ix/vec4 3;
    %ix/load 4, 0, 0; Constant delay
    %assign/vec4/a/d v0x55ebcda542d0, 0, 4;
    %jmp T_17.121;
T_17.118 ;
    %load/vec4 v0x55ebcda545d0_0;
    %load/vec4 v0x55ebcda55410_0;
    %pad/u 10;
    %pad/u 12;
    %muli 4, 0, 12;
    %pad/u 13;
    %load/vec4 v0x55ebcda508c0_0;
    %pad/u 13;
    %add;
    %ix/vec4 3;
    %ix/load 4, 0, 0; Constant delay
    %assign/vec4/a/d v0x55ebcda54390, 0, 4;
    %jmp T_17.121;
T_17.119 ;
    %load/vec4 v0x55ebcda545d0_0;
    %load/vec4 v0x55ebcda55410_0;
    %pad/u 10;
    %pad/u 12;
    %muli 4, 0, 12;
    %pad/u 13;
    %load/vec4 v0x55ebcda508c0_0;
    %pad/u 13;
    %add;
    %ix/vec4 3;
    %ix/load 4, 0, 0; Constant delay
    %assign/vec4/a/d v0x55ebcda54450, 0, 4;
    %jmp T_17.121;
T_17.121 ;
    %pop/vec4 1;
    %load/vec4 v0x55ebcda508c0_0;
    %cmpi/e 3, 0, 32;
    %jmp/0xz  T_17.122, 4;
    %load/vec4 v0x55ebcda555d0_0;
    %dup/vec4;
    %pushi/vec4 0, 0, 2;
    %cmp/u;
    %jmp/1 T_17.124, 6;
    %dup/vec4;
    %pushi/vec4 1, 0, 2;
    %cmp/u;
    %jmp/1 T_17.125, 6;
    %dup/vec4;
    %pushi/vec4 2, 0, 2;
    %cmp/u;
    %jmp/1 T_17.126, 6;
    %load/vec4 v0x55ebcda554f0_0;
    %load/vec4 v0x55ebcda55410_0;
    %pad/u 7;
    %ix/vec4 3;
    %ix/load 4, 0, 0; Constant delay
    %assign/vec4/a/d v0x55ebcda57250, 0, 4;
    %jmp T_17.128;
T_17.124 ;
    %load/vec4 v0x55ebcda554f0_0;
    %load/vec4 v0x55ebcda55410_0;
    %pad/u 7;
    %ix/vec4 3;
    %ix/load 4, 0, 0; Constant delay
    %assign/vec4/a/d v0x55ebcda57010, 0, 4;
    %jmp T_17.128;
T_17.125 ;
    %load/vec4 v0x55ebcda554f0_0;
    %load/vec4 v0x55ebcda55410_0;
    %pad/u 7;
    %ix/vec4 3;
    %ix/load 4, 0, 0; Constant delay
    %assign/vec4/a/d v0x55ebcda570d0, 0, 4;
    %jmp T_17.128;
T_17.126 ;
    %load/vec4 v0x55ebcda554f0_0;
    %load/vec4 v0x55ebcda55410_0;
    %pad/u 7;
    %ix/vec4 3;
    %ix/load 4, 0, 0; Constant delay
    %assign/vec4/a/d v0x55ebcda57190, 0, 4;
    %jmp T_17.128;
T_17.128 ;
    %pop/vec4 1;
    %pushi/vec4 1, 0, 1;
    %load/vec4 v0x55ebcda55410_0;
    %pad/u 7;
    %ix/vec4 4;
    %flag_mov 8, 4;
    %ix/getv 5, v0x55ebcda555d0_0;
    %flag_or 8, 4;
    %ix/load 6, 0, 0; Constant delay
    %ix/mov 3, 4;
    %flag_mov 4, 8;
    %assign/vec4/a/d v0x55ebcda50180, 5, 6;
    %load/vec4 v0x55ebcda555d0_0;
    %cmpi/e 0, 0, 2;
    %flag_mov 8, 4;
    %jmp/0 T_17.129, 8;
    %pushi/vec4 1, 0, 1;
    %concati/vec4 1, 0, 1;
    %load/vec4 v0x55ebcda55410_0;
    %pad/u 7;
    %ix/vec4 4;
    %load/vec4a v0x55ebcda55fd0, 4;
    %parti/s 1, 0, 2;
    %concat/vec4; draw_concat_vec4
    %jmp/1 T_17.130, 8;
T_17.129 ; End of true expr.
    %load/vec4 v0x55ebcda555d0_0;
    %cmpi/e 1, 0, 2;
    %flag_mov 9, 4;
    %jmp/0 T_17.131, 9;
    %pushi/vec4 1, 0, 1;
    %concati/vec4 0, 0, 1;
    %load/vec4 v0x55ebcda55410_0;
    %pad/u 7;
    %ix/vec4 4;
    %load/vec4a v0x55ebcda55fd0, 4;
    %parti/s 1, 0, 2;
    %concat/vec4; draw_concat_vec4
    %jmp/1 T_17.132, 9;
T_17.131 ; End of true expr.
    %load/vec4 v0x55ebcda555d0_0;
    %cmpi/e 2, 0, 2;
    %flag_mov 10, 4;
    %jmp/0 T_17.133, 10;
    %pushi/vec4 0, 0, 1;
    %load/vec4 v0x55ebcda55410_0;
    %pad/u 7;
    %ix/vec4 4;
    %load/vec4a v0x55ebcda55fd0, 4;
    %parti/s 1, 1, 2;
    %concat/vec4; draw_concat_vec4
    %concati/vec4 1, 0, 1;
    %jmp/1 T_17.134, 10;
T_17.133 ; End of true expr.
    %pushi/vec4 0, 0, 1;
    %load/vec4 v0x55ebcda55410_0;
    %pad/u 7;
    %ix/vec4 4;
    %load/vec4a v0x55ebcda55fd0, 4;
    %parti/s 1, 1, 2;
    %concat/vec4; draw_concat_vec4
    %concati/vec4 0, 0, 1;
    %jmp/0 T_17.134, 10;
 ; End of false expr.
    %blend;
T_17.134;
    %jmp/0 T_17.132, 9;
 ; End of false expr.
    %blend;
T_17.132;
    %jmp/0 T_17.130, 8;
 ; End of false expr.
    %blend;
T_17.130;
    %load/vec4 v0x55ebcda55410_0;
    %pad/u 7;
    %ix/vec4 3;
    %ix/load 4, 0, 0; Constant delay
    %assign/vec4/a/d v0x55ebcda55fd0, 0, 4;
    %pushi/vec4 0, 0, 2;
    %assign/vec4 v0x55ebcda56f30_0, 0;
    %jmp T_17.123;
T_17.122 ;
    %load/vec4 v0x55ebcda508c0_0;
    %addi 1, 0, 32;
    %assign/vec4 v0x55ebcda508c0_0, 0;
T_17.123 ;
T_17.115 ;
    %jmp T_17.7;
T_17.5 ;
    %load/vec4 v0x55ebcda54ab0_0;
    %flag_set/vec4 8;
    %jmp/0xz  T_17.135, 8;
    %load/vec4 v0x55ebcda56e70_0;
    %flag_set/vec4 9;
    %flag_get/vec4 9;
    %jmp/0 T_17.139, 9;
    %load/vec4 v0x55ebcda58340_0;
    %load/vec4 v0x55ebcda508c0_0;
    %cmp/e;
    %flag_get/vec4 4;
    %and;
T_17.139;
    %flag_set/vec4 8;
    %jmp/0xz  T_17.137, 8;
    %pushi/vec4 3, 0, 2;
    %assign/vec4 v0x55ebcda56f30_0, 0;
    %load/vec4 v0x55ebcda56310_0;
    %assign/vec4 v0x55ebcda55410_0, 0;
    %load/vec4 v0x55ebcda563f0_0;
    %assign/vec4 v0x55ebcda554f0_0, 0;
    %pushi/vec4 0, 0, 1;
    %assign/vec4 v0x55ebcda556b0_0, 0;
    %pushi/vec4 0, 0, 32;
    %assign/vec4 v0x55ebcda55770_0, 0;
    %pushi/vec4 0, 0, 4;
    %assign/vec4 v0x55ebcda55850_0, 0;
    %pushi/vec4 0, 0, 2;
    %assign/vec4 v0x55ebcda55a10_0, 0;
    %load/vec4 v0x55ebcda56310_0;
    %pad/u 7;
    %ix/vec4 4;
    %load/vec4a v0x55ebcda50180, 4;
    %parti/s 1, 0, 2;
    %nor/r;
    %flag_set/vec4 8;
    %jmp/0 T_17.140, 8;
    %pushi/vec4 0, 0, 2;
    %jmp/1 T_17.141, 8;
T_17.140 ; End of true expr.
    %load/vec4 v0x55ebcda56310_0;
    %pad/u 7;
    %ix/vec4 4;
    %load/vec4a v0x55ebcda50180, 4;
    %parti/s 1, 1, 2;
    %nor/r;
    %flag_set/vec4 9;
    %jmp/0 T_17.142, 9;
    %pushi/vec4 1, 0, 2;
    %jmp/1 T_17.143, 9;
T_17.142 ; End of true expr.
    %load/vec4 v0x55ebcda56310_0;
    %pad/u 7;
    %ix/vec4 4;
    %load/vec4a v0x55ebcda50180, 4;
    %parti/s 1, 2, 3;
    %nor/r;
    %flag_set/vec4 10;
    %jmp/0 T_17.144, 10;
    %pushi/vec4 2, 0, 2;
    %jmp/1 T_17.145, 10;
T_17.144 ; End of true expr.
    %load/vec4 v0x55ebcda56310_0;
    %pad/u 7;
    %ix/vec4 4;
    %load/vec4a v0x55ebcda50180, 4;
    %parti/s 1, 3, 3;
    %nor/r;
    %flag_set/vec4 11;
    %jmp/0 T_17.146, 11;
    %pushi/vec4 3, 0, 2;
    %jmp/1 T_17.147, 11;
T_17.146 ; End of true expr.
    %load/vec4 v0x55ebcda56310_0;
    %pad/u 7;
    %ix/vec4 4;
    %load/vec4a v0x55ebcda55fd0, 4;
    %parti/s 1, 2, 3;
    %nor/r;
    %flag_set/vec4 12;
    %jmp/0 T_17.148, 12;
    %load/vec4 v0x55ebcda56310_0;
    %pad/u 7;
    %ix/vec4 4;
    %load/vec4a v0x55ebcda55fd0, 4;
    %parti/s 1, 1, 2;
    %flag_set/vec4 13;
    %jmp/0 T_17.150, 13;
    %pushi/vec4 1, 0, 2;
    %jmp/1 T_17.151, 13;
T_17.150 ; End of true expr.
    %pushi/vec4 0, 0, 2;
    %jmp/0 T_17.151, 13;
 ; End of false expr.
    %blend;
T_17.151;
    %jmp/1 T_17.149, 12;
T_17.148 ; End of true expr.
    %load/vec4 v0x55ebcda56310_0;
    %pad/u 7;
    %ix/vec4 4;
    %load/vec4a v0x55ebcda55fd0, 4;
    %parti/s 1, 0, 2;
    %flag_set/vec4 13;
    %jmp/0 T_17.152, 13;
    %pushi/vec4 3, 0, 2;
    %jmp/1 T_17.153, 13;
T_17.152 ; End of true expr.
    %pushi/vec4 2, 0, 2;
    %jmp/0 T_17.153, 13;
 ; End of false expr.
    %blend;
T_17.153;
    %jmp/0 T_17.149, 12;
 ; End of false expr.
    %blend;
T_17.149;
    %jmp/0 T_17.147, 11;
 ; End of false expr.
    %blend;
T_17.147;
    %jmp/0 T_17.145, 10;
 ; End of false expr.
    %blend;
T_17.145;
    %jmp/0 T_17.143, 9;
 ; End of false expr.
    %blend;
T_17.143;
    %jmp/0 T_17.141, 8;
 ; End of false expr.
    %blend;
T_17.141;
    %assign/vec4 v0x55ebcda555d0_0, 0;
    %pushi/vec4 0, 0, 32;
    %assign/vec4 v0x55ebcda55930_0, 0;
    %pushi/vec4 0, 0, 4;
    %assign/vec4 v0x55ebcda55270_0, 0;
    %pushi/vec4 0, 0, 32;
    %assign/vec4 v0x55ebcda58340_0, 0;
    %pushi/vec4 0, 0, 32;
    %assign/vec4 v0x55ebcda508c0_0, 0;
    %jmp T_17.138;
T_17.137 ;
    %pushi/vec4 0, 0, 2;
    %assign/vec4 v0x55ebcda56f30_0, 0;
T_17.138 ;
T_17.135 ;
    %jmp T_17.7;
T_17.7 ;
    %pop/vec4 1;
T_17.1 ;
    %jmp T_17;
    .thread T_17;
    .scope S_0x55ebcd958c20;
T_18 ;
    %wait E_0x55ebcd738c00;
    %load/vec4 v0x55ebcd89ad10_0;
    %dup/vec4;
    %pushi/vec4 0, 0, 2;
    %cmp/u;
    %jmp/1 T_18.0, 6;
    %dup/vec4;
    %pushi/vec4 1, 0, 2;
    %cmp/u;
    %jmp/1 T_18.1, 6;
    %dup/vec4;
    %pushi/vec4 2, 0, 2;
    %cmp/u;
    %jmp/1 T_18.2, 6;
    %load/vec4 v0x55ebcd847620_0;
    %store/vec4 v0x55ebcd87bcf0_0, 0, 32;
    %jmp T_18.4;
T_18.0 ;
    %load/vec4 v0x55ebcd845fa0_0;
    %store/vec4 v0x55ebcd87bcf0_0, 0, 32;
    %jmp T_18.4;
T_18.1 ;
    %load/vec4 v0x55ebcd846750_0;
    %store/vec4 v0x55ebcd87bcf0_0, 0, 32;
    %jmp T_18.4;
T_18.2 ;
    %load/vec4 v0x55ebcd846e70_0;
    %store/vec4 v0x55ebcd87bcf0_0, 0, 32;
    %jmp T_18.4;
T_18.4 ;
    %pop/vec4 1;
    %jmp T_18;
    .thread T_18, $push;
    .scope S_0x55ebcd958c20;
T_19 ;
    %wait E_0x55ebcd738950;
    %load/vec4 v0x55ebcd870da0_0;
    %flag_set/vec4 8;
    %jmp/0xz  T_19.0, 8;
    %pushi/vec4 0, 0, 2;
    %assign/vec4 v0x55ebcd88ba80_0, 0;
    %pushi/vec4 0, 0, 4;
    %assign/vec4 v0x55ebcd920890_0, 0;
    %pushi/vec4 0, 0, 32;
    %assign/vec4 v0x55ebcd847eb0_0, 0;
    %pushi/vec4 0, 0, 32;
    %assign/vec4 v0x55ebcd847dd0_0, 0;
    %pushi/vec4 0, 0, 5;
    %assign/vec4 v0x55ebcd920c30_0, 0;
    %pushi/vec4 0, 0, 23;
    %assign/vec4 v0x55ebcd9226a0_0, 0;
    %pushi/vec4 0, 0, 1;
    %assign/vec4 v0x55ebcd924f00_0, 0;
    %pushi/vec4 0, 0, 32;
    %assign/vec4 v0x55ebcd924fc0_0, 0;
    %pushi/vec4 0, 0, 4;
    %assign/vec4 v0x55ebcd9f1400_0, 0;
    %pushi/vec4 0, 0, 2;
    %assign/vec4 v0x55ebcd84c8c0_0, 0;
    %pushi/vec4 0, 0, 2;
    %assign/vec4 v0x55ebcd922780_0, 0;
    %pushi/vec4 0, 0, 32;
    %assign/vec4 v0x55ebcd9f14c0_0, 0;
    %pushi/vec4 0, 0, 1;
    %assign/vec4 v0x55ebcd884fa0_0, 0;
    %pushi/vec4 0, 0, 32;
    %assign/vec4 v0x55ebcd8884b0_0, 0;
    %pushi/vec4 0, 0, 4;
    %ix/load 3, 0, 0;
    %flag_set/imm 4, 0;
    %ix/load 4, 0, 0; Constant delay
    %assign/vec4/a/d v0x55ebcd866650, 0, 4;
    %pushi/vec4 0, 0, 3;
    %ix/load 3, 0, 0;
    %flag_set/imm 4, 0;
    %ix/load 4, 0, 0; Constant delay
    %assign/vec4/a/d v0x55ebcd8e30f0, 0, 4;
    %pushi/vec4 0, 0, 4;
    %ix/load 3, 1, 0;
    %flag_set/imm 4, 0;
    %ix/load 4, 0, 0; Constant delay
    %assign/vec4/a/d v0x55ebcd866650, 0, 4;
    %pushi/vec4 0, 0, 3;
    %ix/load 3, 1, 0;
    %flag_set/imm 4, 0;
    %ix/load 4, 0, 0; Constant delay
    %assign/vec4/a/d v0x55ebcd8e30f0, 0, 4;
    %pushi/vec4 0, 0, 4;
    %ix/load 3, 2, 0;
    %flag_set/imm 4, 0;
    %ix/load 4, 0, 0; Constant delay
    %assign/vec4/a/d v0x55ebcd866650, 0, 4;
    %pushi/vec4 0, 0, 3;
    %ix/load 3, 2, 0;
    %flag_set/imm 4, 0;
    %ix/load 4, 0, 0; Constant delay
    %assign/vec4/a/d v0x55ebcd8e30f0, 0, 4;
    %pushi/vec4 0, 0, 4;
    %ix/load 3, 3, 0;
    %flag_set/imm 4, 0;
    %ix/load 4, 0, 0; Constant delay
    %assign/vec4/a/d v0x55ebcd866650, 0, 4;
    %pushi/vec4 0, 0, 3;
    %ix/load 3, 3, 0;
    %flag_set/imm 4, 0;
    %ix/load 4, 0, 0; Constant delay
    %assign/vec4/a/d v0x55ebcd8e30f0, 0, 4;
    %pushi/vec4 0, 0, 4;
    %ix/load 3, 4, 0;
    %flag_set/imm 4, 0;
    %ix/load 4, 0, 0; Constant delay
    %assign/vec4/a/d v0x55ebcd866650, 0, 4;
    %pushi/vec4 0, 0, 3;
    %ix/load 3, 4, 0;
    %flag_set/imm 4, 0;
    %ix/load 4, 0, 0; Constant delay
    %assign/vec4/a/d v0x55ebcd8e30f0, 0, 4;
    %pushi/vec4 0, 0, 4;
    %ix/load 3, 5, 0;
    %flag_set/imm 4, 0;
    %ix/load 4, 0, 0; Constant delay
    %assign/vec4/a/d v0x55ebcd866650, 0, 4;
    %pushi/vec4 0, 0, 3;
    %ix/load 3, 5, 0;
    %flag_set/imm 4, 0;
    %ix/load 4, 0, 0; Constant delay
    %assign/vec4/a/d v0x55ebcd8e30f0, 0, 4;
    %pushi/vec4 0, 0, 4;
    %ix/load 3, 6, 0;
    %flag_set/imm 4, 0;
    %ix/load 4, 0, 0; Constant delay
    %assign/vec4/a/d v0x55ebcd866650, 0, 4;
    %pushi/vec4 0, 0, 3;
    %ix/load 3, 6, 0;
    %flag_set/imm 4, 0;
    %ix/load 4, 0, 0; Constant delay
    %assign/vec4/a/d v0x55ebcd8e30f0, 0, 4;
    %pushi/vec4 0, 0, 4;
    %ix/load 3, 7, 0;
    %flag_set/imm 4, 0;
    %ix/load 4, 0, 0; Constant delay
    %assign/vec4/a/d v0x55ebcd866650, 0, 4;
    %pushi/vec4 0, 0, 3;
    %ix/load 3, 7, 0;
    %flag_set/imm 4, 0;
    %ix/load 4, 0, 0; Constant delay
    %assign/vec4/a/d v0x55ebcd8e30f0, 0, 4;
    %pushi/vec4 0, 0, 4;
    %ix/load 3, 8, 0;
    %flag_set/imm 4, 0;
    %ix/load 4, 0, 0; Constant delay
    %assign/vec4/a/d v0x55ebcd866650, 0, 4;
    %pushi/vec4 0, 0, 3;
    %ix/load 3, 8, 0;
    %flag_set/imm 4, 0;
    %ix/load 4, 0, 0; Constant delay
    %assign/vec4/a/d v0x55ebcd8e30f0, 0, 4;
    %pushi/vec4 0, 0, 4;
    %ix/load 3, 9, 0;
    %flag_set/imm 4, 0;
    %ix/load 4, 0, 0; Constant delay
    %assign/vec4/a/d v0x55ebcd866650, 0, 4;
    %pushi/vec4 0, 0, 3;
    %ix/load 3, 9, 0;
    %flag_set/imm 4, 0;
    %ix/load 4, 0, 0; Constant delay
    %assign/vec4/a/d v0x55ebcd8e30f0, 0, 4;
    %pushi/vec4 0, 0, 4;
    %ix/load 3, 10, 0;
    %flag_set/imm 4, 0;
    %ix/load 4, 0, 0; Constant delay
    %assign/vec4/a/d v0x55ebcd866650, 0, 4;
    %pushi/vec4 0, 0, 3;
    %ix/load 3, 10, 0;
    %flag_set/imm 4, 0;
    %ix/load 4, 0, 0; Constant delay
    %assign/vec4/a/d v0x55ebcd8e30f0, 0, 4;
    %pushi/vec4 0, 0, 4;
    %ix/load 3, 11, 0;
    %flag_set/imm 4, 0;
    %ix/load 4, 0, 0; Constant delay
    %assign/vec4/a/d v0x55ebcd866650, 0, 4;
    %pushi/vec4 0, 0, 3;
    %ix/load 3, 11, 0;
    %flag_set/imm 4, 0;
    %ix/load 4, 0, 0; Constant delay
    %assign/vec4/a/d v0x55ebcd8e30f0, 0, 4;
    %pushi/vec4 0, 0, 4;
    %ix/load 3, 12, 0;
    %flag_set/imm 4, 0;
    %ix/load 4, 0, 0; Constant delay
    %assign/vec4/a/d v0x55ebcd866650, 0, 4;
    %pushi/vec4 0, 0, 3;
    %ix/load 3, 12, 0;
    %flag_set/imm 4, 0;
    %ix/load 4, 0, 0; Constant delay
    %assign/vec4/a/d v0x55ebcd8e30f0, 0, 4;
    %pushi/vec4 0, 0, 4;
    %ix/load 3, 13, 0;
    %flag_set/imm 4, 0;
    %ix/load 4, 0, 0; Constant delay
    %assign/vec4/a/d v0x55ebcd866650, 0, 4;
    %pushi/vec4 0, 0, 3;
    %ix/load 3, 13, 0;
    %flag_set/imm 4, 0;
    %ix/load 4, 0, 0; Constant delay
    %assign/vec4/a/d v0x55ebcd8e30f0, 0, 4;
    %pushi/vec4 0, 0, 4;
    %ix/load 3, 14, 0;
    %flag_set/imm 4, 0;
    %ix/load 4, 0, 0; Constant delay
    %assign/vec4/a/d v0x55ebcd866650, 0, 4;
    %pushi/vec4 0, 0, 3;
    %ix/load 3, 14, 0;
    %flag_set/imm 4, 0;
    %ix/load 4, 0, 0; Constant delay
    %assign/vec4/a/d v0x55ebcd8e30f0, 0, 4;
    %pushi/vec4 0, 0, 4;
    %ix/load 3, 15, 0;
    %flag_set/imm 4, 0;
    %ix/load 4, 0, 0; Constant delay
    %assign/vec4/a/d v0x55ebcd866650, 0, 4;
    %pushi/vec4 0, 0, 3;
    %ix/load 3, 15, 0;
    %flag_set/imm 4, 0;
    %ix/load 4, 0, 0; Constant delay
    %assign/vec4/a/d v0x55ebcd8e30f0, 0, 4;
    %pushi/vec4 0, 0, 4;
    %ix/load 3, 16, 0;
    %flag_set/imm 4, 0;
    %ix/load 4, 0, 0; Constant delay
    %assign/vec4/a/d v0x55ebcd866650, 0, 4;
    %pushi/vec4 0, 0, 3;
    %ix/load 3, 16, 0;
    %flag_set/imm 4, 0;
    %ix/load 4, 0, 0; Constant delay
    %assign/vec4/a/d v0x55ebcd8e30f0, 0, 4;
    %pushi/vec4 0, 0, 4;
    %ix/load 3, 17, 0;
    %flag_set/imm 4, 0;
    %ix/load 4, 0, 0; Constant delay
    %assign/vec4/a/d v0x55ebcd866650, 0, 4;
    %pushi/vec4 0, 0, 3;
    %ix/load 3, 17, 0;
    %flag_set/imm 4, 0;
    %ix/load 4, 0, 0; Constant delay
    %assign/vec4/a/d v0x55ebcd8e30f0, 0, 4;
    %pushi/vec4 0, 0, 4;
    %ix/load 3, 18, 0;
    %flag_set/imm 4, 0;
    %ix/load 4, 0, 0; Constant delay
    %assign/vec4/a/d v0x55ebcd866650, 0, 4;
    %pushi/vec4 0, 0, 3;
    %ix/load 3, 18, 0;
    %flag_set/imm 4, 0;
    %ix/load 4, 0, 0; Constant delay
    %assign/vec4/a/d v0x55ebcd8e30f0, 0, 4;
    %pushi/vec4 0, 0, 4;
    %ix/load 3, 19, 0;
    %flag_set/imm 4, 0;
    %ix/load 4, 0, 0; Constant delay
    %assign/vec4/a/d v0x55ebcd866650, 0, 4;
    %pushi/vec4 0, 0, 3;
    %ix/load 3, 19, 0;
    %flag_set/imm 4, 0;
    %ix/load 4, 0, 0; Constant delay
    %assign/vec4/a/d v0x55ebcd8e30f0, 0, 4;
    %pushi/vec4 0, 0, 4;
    %ix/load 3, 20, 0;
    %flag_set/imm 4, 0;
    %ix/load 4, 0, 0; Constant delay
    %assign/vec4/a/d v0x55ebcd866650, 0, 4;
    %pushi/vec4 0, 0, 3;
    %ix/load 3, 20, 0;
    %flag_set/imm 4, 0;
    %ix/load 4, 0, 0; Constant delay
    %assign/vec4/a/d v0x55ebcd8e30f0, 0, 4;
    %pushi/vec4 0, 0, 4;
    %ix/load 3, 21, 0;
    %flag_set/imm 4, 0;
    %ix/load 4, 0, 0; Constant delay
    %assign/vec4/a/d v0x55ebcd866650, 0, 4;
    %pushi/vec4 0, 0, 3;
    %ix/load 3, 21, 0;
    %flag_set/imm 4, 0;
    %ix/load 4, 0, 0; Constant delay
    %assign/vec4/a/d v0x55ebcd8e30f0, 0, 4;
    %pushi/vec4 0, 0, 4;
    %ix/load 3, 22, 0;
    %flag_set/imm 4, 0;
    %ix/load 4, 0, 0; Constant delay
    %assign/vec4/a/d v0x55ebcd866650, 0, 4;
    %pushi/vec4 0, 0, 3;
    %ix/load 3, 22, 0;
    %flag_set/imm 4, 0;
    %ix/load 4, 0, 0; Constant delay
    %assign/vec4/a/d v0x55ebcd8e30f0, 0, 4;
    %pushi/vec4 0, 0, 4;
    %ix/load 3, 23, 0;
    %flag_set/imm 4, 0;
    %ix/load 4, 0, 0; Constant delay
    %assign/vec4/a/d v0x55ebcd866650, 0, 4;
    %pushi/vec4 0, 0, 3;
    %ix/load 3, 23, 0;
    %flag_set/imm 4, 0;
    %ix/load 4, 0, 0; Constant delay
    %assign/vec4/a/d v0x55ebcd8e30f0, 0, 4;
    %pushi/vec4 0, 0, 4;
    %ix/load 3, 24, 0;
    %flag_set/imm 4, 0;
    %ix/load 4, 0, 0; Constant delay
    %assign/vec4/a/d v0x55ebcd866650, 0, 4;
    %pushi/vec4 0, 0, 3;
    %ix/load 3, 24, 0;
    %flag_set/imm 4, 0;
    %ix/load 4, 0, 0; Constant delay
    %assign/vec4/a/d v0x55ebcd8e30f0, 0, 4;
    %pushi/vec4 0, 0, 4;
    %ix/load 3, 25, 0;
    %flag_set/imm 4, 0;
    %ix/load 4, 0, 0; Constant delay
    %assign/vec4/a/d v0x55ebcd866650, 0, 4;
    %pushi/vec4 0, 0, 3;
    %ix/load 3, 25, 0;
    %flag_set/imm 4, 0;
    %ix/load 4, 0, 0; Constant delay
    %assign/vec4/a/d v0x55ebcd8e30f0, 0, 4;
    %pushi/vec4 0, 0, 4;
    %ix/load 3, 26, 0;
    %flag_set/imm 4, 0;
    %ix/load 4, 0, 0; Constant delay
    %assign/vec4/a/d v0x55ebcd866650, 0, 4;
    %pushi/vec4 0, 0, 3;
    %ix/load 3, 26, 0;
    %flag_set/imm 4, 0;
    %ix/load 4, 0, 0; Constant delay
    %assign/vec4/a/d v0x55ebcd8e30f0, 0, 4;
    %pushi/vec4 0, 0, 4;
    %ix/load 3, 27, 0;
    %flag_set/imm 4, 0;
    %ix/load 4, 0, 0; Constant delay
    %assign/vec4/a/d v0x55ebcd866650, 0, 4;
    %pushi/vec4 0, 0, 3;
    %ix/load 3, 27, 0;
    %flag_set/imm 4, 0;
    %ix/load 4, 0, 0; Constant delay
    %assign/vec4/a/d v0x55ebcd8e30f0, 0, 4;
    %pushi/vec4 0, 0, 4;
    %ix/load 3, 28, 0;
    %flag_set/imm 4, 0;
    %ix/load 4, 0, 0; Constant delay
    %assign/vec4/a/d v0x55ebcd866650, 0, 4;
    %pushi/vec4 0, 0, 3;
    %ix/load 3, 28, 0;
    %flag_set/imm 4, 0;
    %ix/load 4, 0, 0; Constant delay
    %assign/vec4/a/d v0x55ebcd8e30f0, 0, 4;
    %pushi/vec4 0, 0, 4;
    %ix/load 3, 29, 0;
    %flag_set/imm 4, 0;
    %ix/load 4, 0, 0; Constant delay
    %assign/vec4/a/d v0x55ebcd866650, 0, 4;
    %pushi/vec4 0, 0, 3;
    %ix/load 3, 29, 0;
    %flag_set/imm 4, 0;
    %ix/load 4, 0, 0; Constant delay
    %assign/vec4/a/d v0x55ebcd8e30f0, 0, 4;
    %pushi/vec4 0, 0, 4;
    %ix/load 3, 30, 0;
    %flag_set/imm 4, 0;
    %ix/load 4, 0, 0; Constant delay
    %assign/vec4/a/d v0x55ebcd866650, 0, 4;
    %pushi/vec4 0, 0, 3;
    %ix/load 3, 30, 0;
    %flag_set/imm 4, 0;
    %ix/load 4, 0, 0; Constant delay
    %assign/vec4/a/d v0x55ebcd8e30f0, 0, 4;
    %pushi/vec4 0, 0, 4;
    %ix/load 3, 31, 0;
    %flag_set/imm 4, 0;
    %ix/load 4, 0, 0; Constant delay
    %assign/vec4/a/d v0x55ebcd866650, 0, 4;
    %pushi/vec4 0, 0, 3;
    %ix/load 3, 31, 0;
    %flag_set/imm 4, 0;
    %ix/load 4, 0, 0; Constant delay
    %assign/vec4/a/d v0x55ebcd8e30f0, 0, 4;
    %jmp T_19.1;
T_19.0 ;
    %load/vec4 v0x55ebcd88ba80_0;
    %dup/vec4;
    %pushi/vec4 0, 0, 2;
    %cmp/u;
    %jmp/1 T_19.2, 6;
    %dup/vec4;
    %pushi/vec4 1, 0, 2;
    %cmp/u;
    %jmp/1 T_19.3, 6;
    %dup/vec4;
    %pushi/vec4 3, 0, 2;
    %cmp/u;
    %jmp/1 T_19.4, 6;
    %dup/vec4;
    %pushi/vec4 2, 0, 2;
    %cmp/u;
    %jmp/1 T_19.5, 6;
    %pushi/vec4 0, 0, 2;
    %assign/vec4 v0x55ebcd88ba80_0, 0;
    %pushi/vec4 0, 0, 32;
    %assign/vec4 v0x55ebcd847eb0_0, 0;
    %pushi/vec4 0, 0, 32;
    %assign/vec4 v0x55ebcd847dd0_0, 0;
    %pushi/vec4 0, 0, 4;
    %assign/vec4 v0x55ebcd920890_0, 0;
    %pushi/vec4 0, 0, 1;
    %assign/vec4 v0x55ebcd884fa0_0, 0;
    %jmp T_19.7;
T_19.2 ;
    %load/vec4 v0x55ebcd86fbd0_0;
    %flag_set/vec4 8;
    %jmp/1 T_19.10, 8;
    %load/vec4 v0x55ebcd870700_0;
    %flag_set/vec4 9;
    %flag_or 8, 9;
T_19.10;
    %jmp/0xz  T_19.8, 8;
    %load/vec4 v0x55ebcd89ac70_0;
    %flag_set/vec4 8;
    %jmp/0xz  T_19.11, 8;
    %load/vec4 v0x55ebcd870700_0;
    %flag_set/vec4 8;
    %jmp/0xz  T_19.13, 8;
    %load/vec4 v0x55ebcd89ad10_0;
    %dup/vec4;
    %pushi/vec4 0, 0, 2;
    %cmp/u;
    %jmp/1 T_19.15, 6;
    %dup/vec4;
    %pushi/vec4 1, 0, 2;
    %cmp/u;
    %jmp/1 T_19.16, 6;
    %dup/vec4;
    %pushi/vec4 2, 0, 2;
    %cmp/u;
    %jmp/1 T_19.17, 6;
    %load/vec4 v0x55ebcd89c360_0;
    %load/vec4 v0x55ebcd9a5b70_0;
    %pad/u 10;
    %pad/u 12;
    %muli 4, 0, 12;
    %pad/u 13;
    %load/vec4 v0x55ebcd881910_0;
    %pad/u 4;
    %pad/u 13;
    %add;
    %ix/vec4 3;
    %ix/load 4, 0, 0; Constant delay
    %assign/vec4/a/d v0x55ebcd869490, 0, 4;
    %jmp T_19.19;
T_19.15 ;
    %load/vec4 v0x55ebcd89c360_0;
    %load/vec4 v0x55ebcd9a5b70_0;
    %pad/u 10;
    %pad/u 12;
    %muli 4, 0, 12;
    %pad/u 13;
    %load/vec4 v0x55ebcd881910_0;
    %pad/u 4;
    %pad/u 13;
    %add;
    %ix/vec4 3;
    %ix/load 4, 0, 0; Constant delay
    %assign/vec4/a/d v0x55ebcd87bdb0, 0, 4;
    %jmp T_19.19;
T_19.16 ;
    %load/vec4 v0x55ebcd89c360_0;
    %load/vec4 v0x55ebcd9a5b70_0;
    %pad/u 10;
    %pad/u 12;
    %muli 4, 0, 12;
    %pad/u 13;
    %load/vec4 v0x55ebcd881910_0;
    %pad/u 4;
    %pad/u 13;
    %add;
    %ix/vec4 3;
    %ix/load 4, 0, 0; Constant delay
    %assign/vec4/a/d v0x55ebcd87e2f0, 0, 4;
    %jmp T_19.19;
T_19.17 ;
    %load/vec4 v0x55ebcd89c360_0;
    %load/vec4 v0x55ebcd9a5b70_0;
    %pad/u 10;
    %pad/u 12;
    %muli 4, 0, 12;
    %pad/u 13;
    %load/vec4 v0x55ebcd881910_0;
    %pad/u 4;
    %pad/u 13;
    %add;
    %ix/vec4 3;
    %ix/load 4, 0, 0; Constant delay
    %assign/vec4/a/d v0x55ebcd87e3b0, 0, 4;
    %jmp T_19.19;
T_19.19 ;
    %pop/vec4 1;
T_19.13 ;
    %load/vec4 v0x55ebcd89ad10_0;
    %cmpi/e 0, 0, 2;
    %flag_mov 8, 4;
    %jmp/0 T_19.20, 8;
    %pushi/vec4 1, 0, 1;
    %concati/vec4 1, 0, 1;
    %load/vec4 v0x55ebcd9a5b70_0;
    %pad/u 7;
    %ix/vec4 4;
    %load/vec4a v0x55ebcd8e30f0, 4;
    %parti/s 1, 0, 2;
    %concat/vec4; draw_concat_vec4
    %jmp/1 T_19.21, 8;
T_19.20 ; End of true expr.
    %load/vec4 v0x55ebcd89ad10_0;
    %cmpi/e 1, 0, 2;
    %flag_mov 9, 4;
    %jmp/0 T_19.22, 9;
    %pushi/vec4 1, 0, 1;
    %concati/vec4 0, 0, 1;
    %load/vec4 v0x55ebcd9a5b70_0;
    %pad/u 7;
    %ix/vec4 4;
    %load/vec4a v0x55ebcd8e30f0, 4;
    %parti/s 1, 0, 2;
    %concat/vec4; draw_concat_vec4
    %jmp/1 T_19.23, 9;
T_19.22 ; End of true expr.
    %load/vec4 v0x55ebcd89ad10_0;
    %cmpi/e 2, 0, 2;
    %flag_mov 10, 4;
    %jmp/0 T_19.24, 10;
    %pushi/vec4 0, 0, 1;
    %load/vec4 v0x55ebcd9a5b70_0;
    %pad/u 7;
    %ix/vec4 4;
    %load/vec4a v0x55ebcd8e30f0, 4;
    %parti/s 1, 1, 2;
    %concat/vec4; draw_concat_vec4
    %concati/vec4 1, 0, 1;
    %jmp/1 T_19.25, 10;
T_19.24 ; End of true expr.
    %pushi/vec4 0, 0, 1;
    %load/vec4 v0x55ebcd9a5b70_0;
    %pad/u 7;
    %ix/vec4 4;
    %load/vec4a v0x55ebcd8e30f0, 4;
    %parti/s 1, 1, 2;
    %concat/vec4; draw_concat_vec4
    %concati/vec4 0, 0, 1;
    %jmp/0 T_19.25, 10;
 ; End of false expr.
    %blend;
T_19.25;
    %jmp/0 T_19.23, 9;
 ; End of false expr.
    %blend;
T_19.23;
    %jmp/0 T_19.21, 8;
 ; End of false expr.
    %blend;
T_19.21;
    %load/vec4 v0x55ebcd9a5b70_0;
    %pad/u 7;
    %ix/vec4 3;
    %ix/load 4, 0, 0; Constant delay
    %assign/vec4/a/d v0x55ebcd8e30f0, 0, 4;
    %pushi/vec4 0, 0, 1;
    %assign/vec4 v0x55ebcd884fa0_0, 0;
    %load/vec4 v0x55ebcd888590_0;
    %flag_set/vec4 9;
    %flag_get/vec4 9;
    %jmp/0 T_19.28, 9;
    %load/vec4 v0x55ebcd847eb0_0;
    %load/vec4 v0x55ebcd847dd0_0;
    %cmp/e;
    %flag_get/vec4 4;
    %and;
T_19.28;
    %flag_set/vec4 8;
    %jmp/0xz  T_19.26, 8;
    %pushi/vec4 3, 0, 2;
    %assign/vec4 v0x55ebcd88ba80_0, 0;
    %load/vec4 v0x55ebcd8e9c90_0;
    %assign/vec4 v0x55ebcd920c30_0, 0;
    %load/vec4 v0x55ebcd8c3fd0_0;
    %assign/vec4 v0x55ebcd9226a0_0, 0;
    %pushi/vec4 0, 0, 1;
    %assign/vec4 v0x55ebcd924f00_0, 0;
    %pushi/vec4 0, 0, 32;
    %assign/vec4 v0x55ebcd924fc0_0, 0;
    %pushi/vec4 0, 0, 4;
    %assign/vec4 v0x55ebcd9f1400_0, 0;
    %pushi/vec4 0, 0, 2;
    %assign/vec4 v0x55ebcd84c8c0_0, 0;
    %load/vec4 v0x55ebcd8e9c90_0;
    %pad/u 7;
    %ix/vec4 4;
    %load/vec4a v0x55ebcd866650, 4;
    %parti/s 1, 0, 2;
    %nor/r;
    %flag_set/vec4 8;
    %jmp/0 T_19.29, 8;
    %pushi/vec4 0, 0, 2;
    %jmp/1 T_19.30, 8;
T_19.29 ; End of true expr.
    %load/vec4 v0x55ebcd8e9c90_0;
    %pad/u 7;
    %ix/vec4 4;
    %load/vec4a v0x55ebcd866650, 4;
    %parti/s 1, 1, 2;
    %nor/r;
    %flag_set/vec4 9;
    %jmp/0 T_19.31, 9;
    %pushi/vec4 1, 0, 2;
    %jmp/1 T_19.32, 9;
T_19.31 ; End of true expr.
    %load/vec4 v0x55ebcd8e9c90_0;
    %pad/u 7;
    %ix/vec4 4;
    %load/vec4a v0x55ebcd866650, 4;
    %parti/s 1, 2, 3;
    %nor/r;
    %flag_set/vec4 10;
    %jmp/0 T_19.33, 10;
    %pushi/vec4 2, 0, 2;
    %jmp/1 T_19.34, 10;
T_19.33 ; End of true expr.
    %load/vec4 v0x55ebcd8e9c90_0;
    %pad/u 7;
    %ix/vec4 4;
    %load/vec4a v0x55ebcd866650, 4;
    %parti/s 1, 3, 3;
    %nor/r;
    %flag_set/vec4 11;
    %jmp/0 T_19.35, 11;
    %pushi/vec4 3, 0, 2;
    %jmp/1 T_19.36, 11;
T_19.35 ; End of true expr.
    %load/vec4 v0x55ebcd8e9c90_0;
    %pad/u 7;
    %ix/vec4 4;
    %load/vec4a v0x55ebcd8e30f0, 4;
    %parti/s 1, 2, 3;
    %nor/r;
    %flag_set/vec4 12;
    %jmp/0 T_19.37, 12;
    %load/vec4 v0x55ebcd8e9c90_0;
    %pad/u 7;
    %ix/vec4 4;
    %load/vec4a v0x55ebcd8e30f0, 4;
    %parti/s 1, 1, 2;
    %flag_set/vec4 13;
    %jmp/0 T_19.39, 13;
    %pushi/vec4 1, 0, 2;
    %jmp/1 T_19.40, 13;
T_19.39 ; End of true expr.
    %pushi/vec4 0, 0, 2;
    %jmp/0 T_19.40, 13;
 ; End of false expr.
    %blend;
T_19.40;
    %jmp/1 T_19.38, 12;
T_19.37 ; End of true expr.
    %load/vec4 v0x55ebcd8e9c90_0;
    %pad/u 7;
    %ix/vec4 4;
    %load/vec4a v0x55ebcd8e30f0, 4;
    %parti/s 1, 0, 2;
    %flag_set/vec4 13;
    %jmp/0 T_19.41, 13;
    %pushi/vec4 3, 0, 2;
    %jmp/1 T_19.42, 13;
T_19.41 ; End of true expr.
    %pushi/vec4 2, 0, 2;
    %jmp/0 T_19.42, 13;
 ; End of false expr.
    %blend;
T_19.42;
    %jmp/0 T_19.38, 12;
 ; End of false expr.
    %blend;
T_19.38;
    %jmp/0 T_19.36, 11;
 ; End of false expr.
    %blend;
T_19.36;
    %jmp/0 T_19.34, 10;
 ; End of false expr.
    %blend;
T_19.34;
    %jmp/0 T_19.32, 9;
 ; End of false expr.
    %blend;
T_19.32;
    %jmp/0 T_19.30, 8;
 ; End of false expr.
    %blend;
T_19.30;
    %assign/vec4 v0x55ebcd922780_0, 0;
    %pushi/vec4 0, 0, 32;
    %assign/vec4 v0x55ebcd9f14c0_0, 0;
    %pushi/vec4 0, 0, 4;
    %assign/vec4 v0x55ebcd920890_0, 0;
    %pushi/vec4 0, 0, 32;
    %assign/vec4 v0x55ebcd847eb0_0, 0;
    %pushi/vec4 0, 0, 32;
    %assign/vec4 v0x55ebcd847dd0_0, 0;
T_19.26 ;
    %jmp T_19.12;
T_19.11 ;
    %pushi/vec4 1, 0, 2;
    %assign/vec4 v0x55ebcd88ba80_0, 0;
    %load/vec4 v0x55ebcd9a5b70_0;
    %assign/vec4 v0x55ebcd920c30_0, 0;
    %load/vec4 v0x55ebcd9a5c50_0;
    %assign/vec4 v0x55ebcd9226a0_0, 0;
    %load/vec4 v0x55ebcd870700_0;
    %assign/vec4 v0x55ebcd924f00_0, 0;
    %load/vec4 v0x55ebcd870640_0;
    %assign/vec4 v0x55ebcd924fc0_0, 0;
    %load/vec4 v0x55ebcd86faf0_0;
    %assign/vec4 v0x55ebcd9f1400_0, 0;
    %load/vec4 v0x55ebcd881910_0;
    %assign/vec4 v0x55ebcd84c8c0_0, 0;
    %load/vec4 v0x55ebcd9a5b70_0;
    %pad/u 7;
    %ix/vec4 4;
    %load/vec4a v0x55ebcd866650, 4;
    %parti/s 1, 0, 2;
    %nor/r;
    %flag_set/vec4 8;
    %jmp/0 T_19.43, 8;
    %pushi/vec4 0, 0, 2;
    %jmp/1 T_19.44, 8;
T_19.43 ; End of true expr.
    %load/vec4 v0x55ebcd9a5b70_0;
    %pad/u 7;
    %ix/vec4 4;
    %load/vec4a v0x55ebcd866650, 4;
    %parti/s 1, 1, 2;
    %nor/r;
    %flag_set/vec4 9;
    %jmp/0 T_19.45, 9;
    %pushi/vec4 1, 0, 2;
    %jmp/1 T_19.46, 9;
T_19.45 ; End of true expr.
    %load/vec4 v0x55ebcd9a5b70_0;
    %pad/u 7;
    %ix/vec4 4;
    %load/vec4a v0x55ebcd866650, 4;
    %parti/s 1, 2, 3;
    %nor/r;
    %flag_set/vec4 10;
    %jmp/0 T_19.47, 10;
    %pushi/vec4 2, 0, 2;
    %jmp/1 T_19.48, 10;
T_19.47 ; End of true expr.
    %load/vec4 v0x55ebcd9a5b70_0;
    %pad/u 7;
    %ix/vec4 4;
    %load/vec4a v0x55ebcd866650, 4;
    %parti/s 1, 3, 3;
    %nor/r;
    %flag_set/vec4 11;
    %jmp/0 T_19.49, 11;
    %pushi/vec4 3, 0, 2;
    %jmp/1 T_19.50, 11;
T_19.49 ; End of true expr.
    %load/vec4 v0x55ebcd9a5b70_0;
    %pad/u 7;
    %ix/vec4 4;
    %load/vec4a v0x55ebcd8e30f0, 4;
    %parti/s 1, 2, 3;
    %nor/r;
    %flag_set/vec4 12;
    %jmp/0 T_19.51, 12;
    %load/vec4 v0x55ebcd9a5b70_0;
    %pad/u 7;
    %ix/vec4 4;
    %load/vec4a v0x55ebcd8e30f0, 4;
    %parti/s 1, 1, 2;
    %flag_set/vec4 13;
    %jmp/0 T_19.53, 13;
    %pushi/vec4 1, 0, 2;
    %jmp/1 T_19.54, 13;
T_19.53 ; End of true expr.
    %pushi/vec4 0, 0, 2;
    %jmp/0 T_19.54, 13;
 ; End of false expr.
    %blend;
T_19.54;
    %jmp/1 T_19.52, 12;
T_19.51 ; End of true expr.
    %load/vec4 v0x55ebcd9a5b70_0;
    %pad/u 7;
    %ix/vec4 4;
    %load/vec4a v0x55ebcd8e30f0, 4;
    %parti/s 1, 0, 2;
    %flag_set/vec4 13;
    %jmp/0 T_19.55, 13;
    %pushi/vec4 3, 0, 2;
    %jmp/1 T_19.56, 13;
T_19.55 ; End of true expr.
    %pushi/vec4 2, 0, 2;
    %jmp/0 T_19.56, 13;
 ; End of false expr.
    %blend;
T_19.56;
    %jmp/0 T_19.52, 12;
 ; End of false expr.
    %blend;
T_19.52;
    %jmp/0 T_19.50, 11;
 ; End of false expr.
    %blend;
T_19.50;
    %jmp/0 T_19.48, 10;
 ; End of false expr.
    %blend;
T_19.48;
    %jmp/0 T_19.46, 9;
 ; End of false expr.
    %blend;
T_19.46;
    %jmp/0 T_19.44, 8;
 ; End of false expr.
    %blend;
T_19.44;
    %assign/vec4 v0x55ebcd922780_0, 0;
    %pushi/vec4 0, 0, 32;
    %assign/vec4 v0x55ebcd9f14c0_0, 0;
    %pushi/vec4 0, 0, 4;
    %assign/vec4 v0x55ebcd920890_0, 0;
    %pushi/vec4 0, 0, 32;
    %assign/vec4 v0x55ebcd847eb0_0, 0;
    %pushi/vec4 0, 0, 32;
    %assign/vec4 v0x55ebcd847dd0_0, 0;
    %pushi/vec4 0, 0, 1;
    %assign/vec4 v0x55ebcd884fa0_0, 0;
T_19.12 ;
    %jmp T_19.9;
T_19.8 ;
    %pushi/vec4 0, 0, 1;
    %assign/vec4 v0x55ebcd884fa0_0, 0;
T_19.9 ;
    %jmp T_19.7;
T_19.3 ;
    %load/vec4 v0x55ebcd847eb0_0;
    %cmpi/u 4, 0, 32;
    %flag_get/vec4 5;
    %jmp/0 T_19.59, 5;
    %load/vec4 v0x55ebcd86b770_0;
    %and;
T_19.59;
    %flag_set/vec4 8;
    %jmp/0xz  T_19.57, 8;
    %load/vec4 v0x55ebcd847eb0_0;
    %addi 1, 0, 32;
    %assign/vec4 v0x55ebcd847eb0_0, 0;
    %load/vec4 v0x55ebcd920890_0;
    %addi 4, 0, 4;
    %assign/vec4 v0x55ebcd920890_0, 0;
T_19.57 ;
    %load/vec4 v0x55ebcd86d8d0_0;
    %flag_set/vec4 8;
    %jmp/0xz  T_19.60, 8;
    %vpi_call 5 298 "$display", "[CACHE MISS_FILL] mem_resp addr=%08h data=%08h set=%0d tag=%h way=%0d words_filled=%0d", v0x55ebcd9207b0_0, v0x55ebcd86b6b0_0, v0x55ebcd920c30_0, v0x55ebcd9226a0_0, v0x55ebcd922780_0, v0x55ebcd847dd0_0 {0 0 0};
    %load/vec4 v0x55ebcd86b6b0_0;
    %store/vec4 v0x55ebcd869550_0, 0, 32;
    %load/vec4 v0x55ebcd924f00_0;
    %flag_set/vec4 9;
    %flag_get/vec4 9;
    %jmp/0 T_19.64, 9;
    %load/vec4 v0x55ebcd847dd0_0;
    %pushi/vec4 0, 0, 30;
    %load/vec4 v0x55ebcd84c8c0_0;
    %concat/vec4; draw_concat_vec4
    %cmp/e;
    %flag_get/vec4 4;
    %and;
T_19.64;
    %flag_set/vec4 8;
    %jmp/0xz  T_19.62, 8;
    %load/vec4 v0x55ebcd9f1400_0;
    %parti/s 1, 3, 3;
    %flag_set/vec4 8;
    %jmp/0 T_19.65, 8;
    %load/vec4 v0x55ebcd924fc0_0;
    %parti/s 8, 24, 6;
    %jmp/1 T_19.66, 8;
T_19.65 ; End of true expr.
    %load/vec4 v0x55ebcd86b6b0_0;
    %parti/s 8, 24, 6;
    %jmp/0 T_19.66, 8;
 ; End of false expr.
    %blend;
T_19.66;
    %load/vec4 v0x55ebcd9f1400_0;
    %parti/s 1, 2, 3;
    %flag_set/vec4 8;
    %jmp/0 T_19.67, 8;
    %load/vec4 v0x55ebcd924fc0_0;
    %parti/s 8, 16, 6;
    %jmp/1 T_19.68, 8;
T_19.67 ; End of true expr.
    %load/vec4 v0x55ebcd86b6b0_0;
    %parti/s 8, 16, 6;
    %jmp/0 T_19.68, 8;
 ; End of false expr.
    %blend;
T_19.68;
    %concat/vec4; draw_concat_vec4
    %load/vec4 v0x55ebcd9f1400_0;
    %parti/s 1, 1, 2;
    %flag_set/vec4 8;
    %jmp/0 T_19.69, 8;
    %load/vec4 v0x55ebcd924fc0_0;
    %parti/s 8, 8, 5;
    %jmp/1 T_19.70, 8;
T_19.69 ; End of true expr.
    %load/vec4 v0x55ebcd86b6b0_0;
    %parti/s 8, 8, 5;
    %jmp/0 T_19.70, 8;
 ; End of false expr.
    %blend;
T_19.70;
    %concat/vec4; draw_concat_vec4
    %load/vec4 v0x55ebcd9f1400_0;
    %parti/s 1, 0, 2;
    %flag_set/vec4 8;
    %jmp/0 T_19.71, 8;
    %load/vec4 v0x55ebcd924fc0_0;
    %parti/s 8, 0, 2;
    %jmp/1 T_19.72, 8;
T_19.71 ; End of true expr.
    %load/vec4 v0x55ebcd86b6b0_0;
    %parti/s 8, 0, 2;
    %jmp/0 T_19.72, 8;
 ; End of false expr.
    %blend;
T_19.72;
    %concat/vec4; draw_concat_vec4
    %store/vec4 v0x55ebcd869550_0, 0, 32;
    %load/vec4 v0x55ebcd869550_0;
    %assign/vec4 v0x55ebcd9f14c0_0, 0;
T_19.62 ;
    %load/vec4 v0x55ebcd922780_0;
    %dup/vec4;
    %pushi/vec4 0, 0, 2;
    %cmp/u;
    %jmp/1 T_19.73, 6;
    %dup/vec4;
    %pushi/vec4 1, 0, 2;
    %cmp/u;
    %jmp/1 T_19.74, 6;
    %dup/vec4;
    %pushi/vec4 2, 0, 2;
    %cmp/u;
    %jmp/1 T_19.75, 6;
    %load/vec4 v0x55ebcd869550_0;
    %load/vec4 v0x55ebcd920c30_0;
    %pad/u 10;
    %pad/u 12;
    %muli 4, 0, 12;
    %pad/u 13;
    %load/vec4 v0x55ebcd847dd0_0;
    %pad/u 13;
    %add;
    %ix/vec4 3;
    %ix/load 4, 0, 0; Constant delay
    %assign/vec4/a/d v0x55ebcd869490, 0, 4;
    %jmp T_19.77;
T_19.73 ;
    %load/vec4 v0x55ebcd869550_0;
    %load/vec4 v0x55ebcd920c30_0;
    %pad/u 10;
    %pad/u 12;
    %muli 4, 0, 12;
    %pad/u 13;
    %load/vec4 v0x55ebcd847dd0_0;
    %pad/u 13;
    %add;
    %ix/vec4 3;
    %ix/load 4, 0, 0; Constant delay
    %assign/vec4/a/d v0x55ebcd87bdb0, 0, 4;
    %jmp T_19.77;
T_19.74 ;
    %load/vec4 v0x55ebcd869550_0;
    %load/vec4 v0x55ebcd920c30_0;
    %pad/u 10;
    %pad/u 12;
    %muli 4, 0, 12;
    %pad/u 13;
    %load/vec4 v0x55ebcd847dd0_0;
    %pad/u 13;
    %add;
    %ix/vec4 3;
    %ix/load 4, 0, 0; Constant delay
    %assign/vec4/a/d v0x55ebcd87e2f0, 0, 4;
    %jmp T_19.77;
T_19.75 ;
    %load/vec4 v0x55ebcd869550_0;
    %load/vec4 v0x55ebcd920c30_0;
    %pad/u 10;
    %pad/u 12;
    %muli 4, 0, 12;
    %pad/u 13;
    %load/vec4 v0x55ebcd847dd0_0;
    %pad/u 13;
    %add;
    %ix/vec4 3;
    %ix/load 4, 0, 0; Constant delay
    %assign/vec4/a/d v0x55ebcd87e3b0, 0, 4;
    %jmp T_19.77;
T_19.77 ;
    %pop/vec4 1;
    %load/vec4 v0x55ebcd847dd0_0;
    %pushi/vec4 0, 0, 30;
    %load/vec4 v0x55ebcd881910_0;
    %concat/vec4; draw_concat_vec4
    %cmp/e;
    %jmp/0xz  T_19.78, 4;
    %load/vec4 v0x55ebcd869550_0;
    %assign/vec4 v0x55ebcd8884b0_0, 0;
T_19.78 ;
    %load/vec4 v0x55ebcd847dd0_0;
    %cmpi/e 3, 0, 32;
    %jmp/0xz  T_19.80, 4;
    %load/vec4 v0x55ebcd922780_0;
    %dup/vec4;
    %pushi/vec4 0, 0, 2;
    %cmp/u;
    %jmp/1 T_19.82, 6;
    %dup/vec4;
    %pushi/vec4 1, 0, 2;
    %cmp/u;
    %jmp/1 T_19.83, 6;
    %dup/vec4;
    %pushi/vec4 2, 0, 2;
    %cmp/u;
    %jmp/1 T_19.84, 6;
    %load/vec4 v0x55ebcd9226a0_0;
    %load/vec4 v0x55ebcd920c30_0;
    %pad/u 7;
    %ix/vec4 3;
    %ix/load 4, 0, 0; Constant delay
    %assign/vec4/a/d v0x55ebcd8665b0, 0, 4;
    %jmp T_19.86;
T_19.82 ;
    %load/vec4 v0x55ebcd9226a0_0;
    %load/vec4 v0x55ebcd920c30_0;
    %pad/u 7;
    %ix/vec4 3;
    %ix/load 4, 0, 0; Constant delay
    %assign/vec4/a/d v0x55ebcd88bb60, 0, 4;
    %jmp T_19.86;
T_19.83 ;
    %load/vec4 v0x55ebcd9226a0_0;
    %load/vec4 v0x55ebcd920c30_0;
    %pad/u 7;
    %ix/vec4 3;
    %ix/load 4, 0, 0; Constant delay
    %assign/vec4/a/d v0x55ebcd865e30, 0, 4;
    %jmp T_19.86;
T_19.84 ;
    %load/vec4 v0x55ebcd9226a0_0;
    %load/vec4 v0x55ebcd920c30_0;
    %pad/u 7;
    %ix/vec4 3;
    %ix/load 4, 0, 0; Constant delay
    %assign/vec4/a/d v0x55ebcd865ef0, 0, 4;
    %jmp T_19.86;
T_19.86 ;
    %pop/vec4 1;
    %pushi/vec4 1, 0, 1;
    %load/vec4 v0x55ebcd920c30_0;
    %pad/u 7;
    %ix/vec4 4;
    %flag_mov 8, 4;
    %ix/getv 5, v0x55ebcd922780_0;
    %flag_or 8, 4;
    %ix/load 6, 0, 0; Constant delay
    %ix/mov 3, 4;
    %flag_mov 4, 8;
    %assign/vec4/a/d v0x55ebcd866650, 5, 6;
    %load/vec4 v0x55ebcd922780_0;
    %cmpi/e 0, 0, 2;
    %flag_mov 8, 4;
    %jmp/0 T_19.87, 8;
    %pushi/vec4 1, 0, 1;
    %concati/vec4 1, 0, 1;
    %load/vec4 v0x55ebcd920c30_0;
    %pad/u 7;
    %ix/vec4 4;
    %load/vec4a v0x55ebcd8e30f0, 4;
    %parti/s 1, 0, 2;
    %concat/vec4; draw_concat_vec4
    %jmp/1 T_19.88, 8;
T_19.87 ; End of true expr.
    %load/vec4 v0x55ebcd922780_0;
    %cmpi/e 1, 0, 2;
    %flag_mov 9, 4;
    %jmp/0 T_19.89, 9;
    %pushi/vec4 1, 0, 1;
    %concati/vec4 0, 0, 1;
    %load/vec4 v0x55ebcd920c30_0;
    %pad/u 7;
    %ix/vec4 4;
    %load/vec4a v0x55ebcd8e30f0, 4;
    %parti/s 1, 0, 2;
    %concat/vec4; draw_concat_vec4
    %jmp/1 T_19.90, 9;
T_19.89 ; End of true expr.
    %load/vec4 v0x55ebcd922780_0;
    %cmpi/e 2, 0, 2;
    %flag_mov 10, 4;
    %jmp/0 T_19.91, 10;
    %pushi/vec4 0, 0, 1;
    %load/vec4 v0x55ebcd920c30_0;
    %pad/u 7;
    %ix/vec4 4;
    %load/vec4a v0x55ebcd8e30f0, 4;
    %parti/s 1, 1, 2;
    %concat/vec4; draw_concat_vec4
    %concati/vec4 1, 0, 1;
    %jmp/1 T_19.92, 10;
T_19.91 ; End of true expr.
    %pushi/vec4 0, 0, 1;
    %load/vec4 v0x55ebcd920c30_0;
    %pad/u 7;
    %ix/vec4 4;
    %load/vec4a v0x55ebcd8e30f0, 4;
    %parti/s 1, 1, 2;
    %concat/vec4; draw_concat_vec4
    %concati/vec4 0, 0, 1;
    %jmp/0 T_19.92, 10;
 ; End of false expr.
    %blend;
T_19.92;
    %jmp/0 T_19.90, 9;
 ; End of false expr.
    %blend;
T_19.90;
    %jmp/0 T_19.88, 8;
 ; End of false expr.
    %blend;
T_19.88;
    %load/vec4 v0x55ebcd920c30_0;
    %pad/u 7;
    %ix/vec4 3;
    %ix/load 4, 0, 0; Constant delay
    %assign/vec4/a/d v0x55ebcd8e30f0, 0, 4;
    %pushi/vec4 1, 0, 1;
    %assign/vec4 v0x55ebcd884fa0_0, 0;
    %load/vec4 v0x55ebcd924f00_0;
    %flag_set/vec4 8;
    %jmp/0xz  T_19.93, 8;
    %pushi/vec4 2, 0, 2;
    %assign/vec4 v0x55ebcd88ba80_0, 0;
    %jmp T_19.94;
T_19.93 ;
    %load/vec4 v0x55ebcd888590_0;
    %flag_set/vec4 9;
    %flag_get/vec4 9;
    %jmp/0 T_19.97, 9;
    %load/vec4 v0x55ebcd847eb0_0;
    %load/vec4 v0x55ebcd847dd0_0;
    %cmp/e;
    %flag_get/vec4 4;
    %and;
T_19.97;
    %flag_set/vec4 8;
    %jmp/0xz  T_19.95, 8;
    %pushi/vec4 3, 0, 2;
    %assign/vec4 v0x55ebcd88ba80_0, 0;
    %load/vec4 v0x55ebcd8e9c90_0;
    %assign/vec4 v0x55ebcd920c30_0, 0;
    %load/vec4 v0x55ebcd8c3fd0_0;
    %assign/vec4 v0x55ebcd9226a0_0, 0;
    %pushi/vec4 0, 0, 1;
    %assign/vec4 v0x55ebcd924f00_0, 0;
    %pushi/vec4 0, 0, 32;
    %assign/vec4 v0x55ebcd924fc0_0, 0;
    %pushi/vec4 0, 0, 4;
    %assign/vec4 v0x55ebcd9f1400_0, 0;
    %pushi/vec4 0, 0, 2;
    %assign/vec4 v0x55ebcd84c8c0_0, 0;
    %load/vec4 v0x55ebcd8e9c90_0;
    %pad/u 7;
    %ix/vec4 4;
    %load/vec4a v0x55ebcd866650, 4;
    %parti/s 1, 0, 2;
    %nor/r;
    %flag_set/vec4 8;
    %jmp/0 T_19.98, 8;
    %pushi/vec4 0, 0, 2;
    %jmp/1 T_19.99, 8;
T_19.98 ; End of true expr.
    %load/vec4 v0x55ebcd8e9c90_0;
    %pad/u 7;
    %ix/vec4 4;
    %load/vec4a v0x55ebcd866650, 4;
    %parti/s 1, 1, 2;
    %nor/r;
    %flag_set/vec4 9;
    %jmp/0 T_19.100, 9;
    %pushi/vec4 1, 0, 2;
    %jmp/1 T_19.101, 9;
T_19.100 ; End of true expr.
    %load/vec4 v0x55ebcd8e9c90_0;
    %pad/u 7;
    %ix/vec4 4;
    %load/vec4a v0x55ebcd866650, 4;
    %parti/s 1, 2, 3;
    %nor/r;
    %flag_set/vec4 10;
    %jmp/0 T_19.102, 10;
    %pushi/vec4 2, 0, 2;
    %jmp/1 T_19.103, 10;
T_19.102 ; End of true expr.
    %load/vec4 v0x55ebcd8e9c90_0;
    %pad/u 7;
    %ix/vec4 4;
    %load/vec4a v0x55ebcd866650, 4;
    %parti/s 1, 3, 3;
    %nor/r;
    %flag_set/vec4 11;
    %jmp/0 T_19.104, 11;
    %pushi/vec4 3, 0, 2;
    %jmp/1 T_19.105, 11;
T_19.104 ; End of true expr.
    %load/vec4 v0x55ebcd8e9c90_0;
    %pad/u 7;
    %ix/vec4 4;
    %load/vec4a v0x55ebcd8e30f0, 4;
    %parti/s 1, 2, 3;
    %nor/r;
    %flag_set/vec4 12;
    %jmp/0 T_19.106, 12;
    %load/vec4 v0x55ebcd8e9c90_0;
    %pad/u 7;
    %ix/vec4 4;
    %load/vec4a v0x55ebcd8e30f0, 4;
    %parti/s 1, 1, 2;
    %flag_set/vec4 13;
    %jmp/0 T_19.108, 13;
    %pushi/vec4 1, 0, 2;
    %jmp/1 T_19.109, 13;
T_19.108 ; End of true expr.
    %pushi/vec4 0, 0, 2;
    %jmp/0 T_19.109, 13;
 ; End of false expr.
    %blend;
T_19.109;
    %jmp/1 T_19.107, 12;
T_19.106 ; End of true expr.
    %load/vec4 v0x55ebcd8e9c90_0;
    %pad/u 7;
    %ix/vec4 4;
    %load/vec4a v0x55ebcd8e30f0, 4;
    %parti/s 1, 0, 2;
    %flag_set/vec4 13;
    %jmp/0 T_19.110, 13;
    %pushi/vec4 3, 0, 2;
    %jmp/1 T_19.111, 13;
T_19.110 ; End of true expr.
    %pushi/vec4 2, 0, 2;
    %jmp/0 T_19.111, 13;
 ; End of false expr.
    %blend;
T_19.111;
    %jmp/0 T_19.107, 12;
 ; End of false expr.
    %blend;
T_19.107;
    %jmp/0 T_19.105, 11;
 ; End of false expr.
    %blend;
T_19.105;
    %jmp/0 T_19.103, 10;
 ; End of false expr.
    %blend;
T_19.103;
    %jmp/0 T_19.101, 9;
 ; End of false expr.
    %blend;
T_19.101;
    %jmp/0 T_19.99, 8;
 ; End of false expr.
    %blend;
T_19.99;
    %assign/vec4 v0x55ebcd922780_0, 0;
    %pushi/vec4 0, 0, 32;
    %assign/vec4 v0x55ebcd9f14c0_0, 0;
    %pushi/vec4 0, 0, 4;
    %assign/vec4 v0x55ebcd920890_0, 0;
    %pushi/vec4 0, 0, 32;
    %assign/vec4 v0x55ebcd847eb0_0, 0;
    %pushi/vec4 0, 0, 32;
    %assign/vec4 v0x55ebcd847dd0_0, 0;
    %jmp T_19.96;
T_19.95 ;
    %pushi/vec4 0, 0, 2;
    %assign/vec4 v0x55ebcd88ba80_0, 0;
    %pushi/vec4 0, 0, 4;
    %assign/vec4 v0x55ebcd920890_0, 0;
    %pushi/vec4 0, 0, 32;
    %assign/vec4 v0x55ebcd847eb0_0, 0;
    %pushi/vec4 0, 0, 32;
    %assign/vec4 v0x55ebcd847dd0_0, 0;
T_19.96 ;
T_19.94 ;
    %jmp T_19.81;
T_19.80 ;
    %load/vec4 v0x55ebcd847dd0_0;
    %addi 1, 0, 32;
    %assign/vec4 v0x55ebcd847dd0_0, 0;
T_19.81 ;
T_19.60 ;
    %jmp T_19.7;
T_19.4 ;
    %load/vec4 v0x55ebcd847eb0_0;
    %cmpi/u 4, 0, 32;
    %flag_get/vec4 5;
    %jmp/0 T_19.114, 5;
    %load/vec4 v0x55ebcd86b770_0;
    %and;
T_19.114;
    %flag_set/vec4 8;
    %jmp/0xz  T_19.112, 8;
    %load/vec4 v0x55ebcd847eb0_0;
    %addi 1, 0, 32;
    %assign/vec4 v0x55ebcd847eb0_0, 0;
    %load/vec4 v0x55ebcd920890_0;
    %addi 4, 0, 4;
    %assign/vec4 v0x55ebcd920890_0, 0;
T_19.112 ;
    %load/vec4 v0x55ebcd86d8d0_0;
    %flag_set/vec4 8;
    %jmp/0xz  T_19.115, 8;
    %vpi_call 5 374 "$display", "[CACHE PREFETCH_FILL] mem_resp addr=%08h data=%08h set=%0d tag=%h way=%0d words_filled=%0d", v0x55ebcd9207b0_0, v0x55ebcd86b6b0_0, v0x55ebcd920c30_0, v0x55ebcd9226a0_0, v0x55ebcd922780_0, v0x55ebcd847dd0_0 {0 0 0};
    %load/vec4 v0x55ebcd86b6b0_0;
    %store/vec4 v0x55ebcd869550_0, 0, 32;
    %load/vec4 v0x55ebcd922780_0;
    %dup/vec4;
    %pushi/vec4 0, 0, 2;
    %cmp/u;
    %jmp/1 T_19.117, 6;
    %dup/vec4;
    %pushi/vec4 1, 0, 2;
    %cmp/u;
    %jmp/1 T_19.118, 6;
    %dup/vec4;
    %pushi/vec4 2, 0, 2;
    %cmp/u;
    %jmp/1 T_19.119, 6;
    %load/vec4 v0x55ebcd869550_0;
    %load/vec4 v0x55ebcd920c30_0;
    %pad/u 10;
    %pad/u 12;
    %muli 4, 0, 12;
    %pad/u 13;
    %load/vec4 v0x55ebcd847dd0_0;
    %pad/u 13;
    %add;
    %ix/vec4 3;
    %ix/load 4, 0, 0; Constant delay
    %assign/vec4/a/d v0x55ebcd869490, 0, 4;
    %jmp T_19.121;
T_19.117 ;
    %load/vec4 v0x55ebcd869550_0;
    %load/vec4 v0x55ebcd920c30_0;
    %pad/u 10;
    %pad/u 12;
    %muli 4, 0, 12;
    %pad/u 13;
    %load/vec4 v0x55ebcd847dd0_0;
    %pad/u 13;
    %add;
    %ix/vec4 3;
    %ix/load 4, 0, 0; Constant delay
    %assign/vec4/a/d v0x55ebcd87bdb0, 0, 4;
    %jmp T_19.121;
T_19.118 ;
    %load/vec4 v0x55ebcd869550_0;
    %load/vec4 v0x55ebcd920c30_0;
    %pad/u 10;
    %pad/u 12;
    %muli 4, 0, 12;
    %pad/u 13;
    %load/vec4 v0x55ebcd847dd0_0;
    %pad/u 13;
    %add;
    %ix/vec4 3;
    %ix/load 4, 0, 0; Constant delay
    %assign/vec4/a/d v0x55ebcd87e2f0, 0, 4;
    %jmp T_19.121;
T_19.119 ;
    %load/vec4 v0x55ebcd869550_0;
    %load/vec4 v0x55ebcd920c30_0;
    %pad/u 10;
    %pad/u 12;
    %muli 4, 0, 12;
    %pad/u 13;
    %load/vec4 v0x55ebcd847dd0_0;
    %pad/u 13;
    %add;
    %ix/vec4 3;
    %ix/load 4, 0, 0; Constant delay
    %assign/vec4/a/d v0x55ebcd87e3b0, 0, 4;
    %jmp T_19.121;
T_19.121 ;
    %pop/vec4 1;
    %load/vec4 v0x55ebcd847dd0_0;
    %cmpi/e 3, 0, 32;
    %jmp/0xz  T_19.122, 4;
    %load/vec4 v0x55ebcd922780_0;
    %dup/vec4;
    %pushi/vec4 0, 0, 2;
    %cmp/u;
    %jmp/1 T_19.124, 6;
    %dup/vec4;
    %pushi/vec4 1, 0, 2;
    %cmp/u;
    %jmp/1 T_19.125, 6;
    %dup/vec4;
    %pushi/vec4 2, 0, 2;
    %cmp/u;
    %jmp/1 T_19.126, 6;
    %load/vec4 v0x55ebcd9226a0_0;
    %load/vec4 v0x55ebcd920c30_0;
    %pad/u 7;
    %ix/vec4 3;
    %ix/load 4, 0, 0; Constant delay
    %assign/vec4/a/d v0x55ebcd8665b0, 0, 4;
    %jmp T_19.128;
T_19.124 ;
    %load/vec4 v0x55ebcd9226a0_0;
    %load/vec4 v0x55ebcd920c30_0;
    %pad/u 7;
    %ix/vec4 3;
    %ix/load 4, 0, 0; Constant delay
    %assign/vec4/a/d v0x55ebcd88bb60, 0, 4;
    %jmp T_19.128;
T_19.125 ;
    %load/vec4 v0x55ebcd9226a0_0;
    %load/vec4 v0x55ebcd920c30_0;
    %pad/u 7;
    %ix/vec4 3;
    %ix/load 4, 0, 0; Constant delay
    %assign/vec4/a/d v0x55ebcd865e30, 0, 4;
    %jmp T_19.128;
T_19.126 ;
    %load/vec4 v0x55ebcd9226a0_0;
    %load/vec4 v0x55ebcd920c30_0;
    %pad/u 7;
    %ix/vec4 3;
    %ix/load 4, 0, 0; Constant delay
    %assign/vec4/a/d v0x55ebcd865ef0, 0, 4;
    %jmp T_19.128;
T_19.128 ;
    %pop/vec4 1;
    %pushi/vec4 1, 0, 1;
    %load/vec4 v0x55ebcd920c30_0;
    %pad/u 7;
    %ix/vec4 4;
    %flag_mov 8, 4;
    %ix/getv 5, v0x55ebcd922780_0;
    %flag_or 8, 4;
    %ix/load 6, 0, 0; Constant delay
    %ix/mov 3, 4;
    %flag_mov 4, 8;
    %assign/vec4/a/d v0x55ebcd866650, 5, 6;
    %load/vec4 v0x55ebcd922780_0;
    %cmpi/e 0, 0, 2;
    %flag_mov 8, 4;
    %jmp/0 T_19.129, 8;
    %pushi/vec4 1, 0, 1;
    %concati/vec4 1, 0, 1;
    %load/vec4 v0x55ebcd920c30_0;
    %pad/u 7;
    %ix/vec4 4;
    %load/vec4a v0x55ebcd8e30f0, 4;
    %parti/s 1, 0, 2;
    %concat/vec4; draw_concat_vec4
    %jmp/1 T_19.130, 8;
T_19.129 ; End of true expr.
    %load/vec4 v0x55ebcd922780_0;
    %cmpi/e 1, 0, 2;
    %flag_mov 9, 4;
    %jmp/0 T_19.131, 9;
    %pushi/vec4 1, 0, 1;
    %concati/vec4 0, 0, 1;
    %load/vec4 v0x55ebcd920c30_0;
    %pad/u 7;
    %ix/vec4 4;
    %load/vec4a v0x55ebcd8e30f0, 4;
    %parti/s 1, 0, 2;
    %concat/vec4; draw_concat_vec4
    %jmp/1 T_19.132, 9;
T_19.131 ; End of true expr.
    %load/vec4 v0x55ebcd922780_0;
    %cmpi/e 2, 0, 2;
    %flag_mov 10, 4;
    %jmp/0 T_19.133, 10;
    %pushi/vec4 0, 0, 1;
    %load/vec4 v0x55ebcd920c30_0;
    %pad/u 7;
    %ix/vec4 4;
    %load/vec4a v0x55ebcd8e30f0, 4;
    %parti/s 1, 1, 2;
    %concat/vec4; draw_concat_vec4
    %concati/vec4 1, 0, 1;
    %jmp/1 T_19.134, 10;
T_19.133 ; End of true expr.
    %pushi/vec4 0, 0, 1;
    %load/vec4 v0x55ebcd920c30_0;
    %pad/u 7;
    %ix/vec4 4;
    %load/vec4a v0x55ebcd8e30f0, 4;
    %parti/s 1, 1, 2;
    %concat/vec4; draw_concat_vec4
    %concati/vec4 0, 0, 1;
    %jmp/0 T_19.134, 10;
 ; End of false expr.
    %blend;
T_19.134;
    %jmp/0 T_19.132, 9;
 ; End of false expr.
    %blend;
T_19.132;
    %jmp/0 T_19.130, 8;
 ; End of false expr.
    %blend;
T_19.130;
    %load/vec4 v0x55ebcd920c30_0;
    %pad/u 7;
    %ix/vec4 3;
    %ix/load 4, 0, 0; Constant delay
    %assign/vec4/a/d v0x55ebcd8e30f0, 0, 4;
    %pushi/vec4 0, 0, 2;
    %assign/vec4 v0x55ebcd88ba80_0, 0;
    %jmp T_19.123;
T_19.122 ;
    %load/vec4 v0x55ebcd847dd0_0;
    %addi 1, 0, 32;
    %assign/vec4 v0x55ebcd847dd0_0, 0;
T_19.123 ;
T_19.115 ;
    %jmp T_19.7;
T_19.5 ;
    %load/vec4 v0x55ebcd86b770_0;
    %flag_set/vec4 8;
    %jmp/0xz  T_19.135, 8;
    %load/vec4 v0x55ebcd888590_0;
    %flag_set/vec4 9;
    %flag_get/vec4 9;
    %jmp/0 T_19.139, 9;
    %load/vec4 v0x55ebcd847eb0_0;
    %load/vec4 v0x55ebcd847dd0_0;
    %cmp/e;
    %flag_get/vec4 4;
    %and;
T_19.139;
    %flag_set/vec4 8;
    %jmp/0xz  T_19.137, 8;
    %pushi/vec4 3, 0, 2;
    %assign/vec4 v0x55ebcd88ba80_0, 0;
    %load/vec4 v0x55ebcd8e9c90_0;
    %assign/vec4 v0x55ebcd920c30_0, 0;
    %load/vec4 v0x55ebcd8c3fd0_0;
    %assign/vec4 v0x55ebcd9226a0_0, 0;
    %pushi/vec4 0, 0, 1;
    %assign/vec4 v0x55ebcd924f00_0, 0;
    %pushi/vec4 0, 0, 32;
    %assign/vec4 v0x55ebcd924fc0_0, 0;
    %pushi/vec4 0, 0, 4;
    %assign/vec4 v0x55ebcd9f1400_0, 0;
    %pushi/vec4 0, 0, 2;
    %assign/vec4 v0x55ebcd84c8c0_0, 0;
    %load/vec4 v0x55ebcd8e9c90_0;
    %pad/u 7;
    %ix/vec4 4;
    %load/vec4a v0x55ebcd866650, 4;
    %parti/s 1, 0, 2;
    %nor/r;
    %flag_set/vec4 8;
    %jmp/0 T_19.140, 8;
    %pushi/vec4 0, 0, 2;
    %jmp/1 T_19.141, 8;
T_19.140 ; End of true expr.
    %load/vec4 v0x55ebcd8e9c90_0;
    %pad/u 7;
    %ix/vec4 4;
    %load/vec4a v0x55ebcd866650, 4;
    %parti/s 1, 1, 2;
    %nor/r;
    %flag_set/vec4 9;
    %jmp/0 T_19.142, 9;
    %pushi/vec4 1, 0, 2;
    %jmp/1 T_19.143, 9;
T_19.142 ; End of true expr.
    %load/vec4 v0x55ebcd8e9c90_0;
    %pad/u 7;
    %ix/vec4 4;
    %load/vec4a v0x55ebcd866650, 4;
    %parti/s 1, 2, 3;
    %nor/r;
    %flag_set/vec4 10;
    %jmp/0 T_19.144, 10;
    %pushi/vec4 2, 0, 2;
    %jmp/1 T_19.145, 10;
T_19.144 ; End of true expr.
    %load/vec4 v0x55ebcd8e9c90_0;
    %pad/u 7;
    %ix/vec4 4;
    %load/vec4a v0x55ebcd866650, 4;
    %parti/s 1, 3, 3;
    %nor/r;
    %flag_set/vec4 11;
    %jmp/0 T_19.146, 11;
    %pushi/vec4 3, 0, 2;
    %jmp/1 T_19.147, 11;
T_19.146 ; End of true expr.
    %load/vec4 v0x55ebcd8e9c90_0;
    %pad/u 7;
    %ix/vec4 4;
    %load/vec4a v0x55ebcd8e30f0, 4;
    %parti/s 1, 2, 3;
    %nor/r;
    %flag_set/vec4 12;
    %jmp/0 T_19.148, 12;
    %load/vec4 v0x55ebcd8e9c90_0;
    %pad/u 7;
    %ix/vec4 4;
    %load/vec4a v0x55ebcd8e30f0, 4;
    %parti/s 1, 1, 2;
    %flag_set/vec4 13;
    %jmp/0 T_19.150, 13;
    %pushi/vec4 1, 0, 2;
    %jmp/1 T_19.151, 13;
T_19.150 ; End of true expr.
    %pushi/vec4 0, 0, 2;
    %jmp/0 T_19.151, 13;
 ; End of false expr.
    %blend;
T_19.151;
    %jmp/1 T_19.149, 12;
T_19.148 ; End of true expr.
    %load/vec4 v0x55ebcd8e9c90_0;
    %pad/u 7;
    %ix/vec4 4;
    %load/vec4a v0x55ebcd8e30f0, 4;
    %parti/s 1, 0, 2;
    %flag_set/vec4 13;
    %jmp/0 T_19.152, 13;
    %pushi/vec4 3, 0, 2;
    %jmp/1 T_19.153, 13;
T_19.152 ; End of true expr.
    %pushi/vec4 2, 0, 2;
    %jmp/0 T_19.153, 13;
 ; End of false expr.
    %blend;
T_19.153;
    %jmp/0 T_19.149, 12;
 ; End of false expr.
    %blend;
T_19.149;
    %jmp/0 T_19.147, 11;
 ; End of false expr.
    %blend;
T_19.147;
    %jmp/0 T_19.145, 10;
 ; End of false expr.
    %blend;
T_19.145;
    %jmp/0 T_19.143, 9;
 ; End of false expr.
    %blend;
T_19.143;
    %jmp/0 T_19.141, 8;
 ; End of false expr.
    %blend;
T_19.141;
    %assign/vec4 v0x55ebcd922780_0, 0;
    %pushi/vec4 0, 0, 32;
    %assign/vec4 v0x55ebcd9f14c0_0, 0;
    %pushi/vec4 0, 0, 4;
    %assign/vec4 v0x55ebcd920890_0, 0;
    %pushi/vec4 0, 0, 32;
    %assign/vec4 v0x55ebcd847eb0_0, 0;
    %pushi/vec4 0, 0, 32;
    %assign/vec4 v0x55ebcd847dd0_0, 0;
    %jmp T_19.138;
T_19.137 ;
    %pushi/vec4 0, 0, 2;
    %assign/vec4 v0x55ebcd88ba80_0, 0;
T_19.138 ;
T_19.135 ;
    %jmp T_19.7;
T_19.7 ;
    %pop/vec4 1;
T_19.1 ;
    %jmp T_19;
    .thread T_19;
    .scope S_0x55ebcda36fd0;
T_20 ;
    %wait E_0x55ebcd738950;
    %load/vec4 v0x55ebcda375e0_0;
    %flag_set/vec4 8;
    %jmp/0xz  T_20.0, 8;
    %pushi/vec4 0, 0, 32;
    %assign/vec4 v0x55ebcda37330_0, 0;
    %jmp T_20.1;
T_20.0 ;
    %load/vec4 v0x55ebcda37680_0;
    %nor/r;
    %flag_set/vec4 8;
    %jmp/0xz  T_20.2, 8;
    %load/vec4 v0x55ebcda37430_0;
    %assign/vec4 v0x55ebcda37330_0, 0;
T_20.2 ;
T_20.1 ;
    %jmp T_20;
    .thread T_20;
    .scope S_0x55ebcda25a80;
T_21 ;
    %wait E_0x55ebcd738950;
    %load/vec4 v0x55ebcda27470_0;
    %flag_set/vec4 8;
    %jmp/0xz  T_21.0, 8;
    %pushi/vec4 0, 0, 32;
    %ix/load 3, 0, 0;
    %flag_set/imm 4, 0;
    %ix/load 4, 0, 0; Constant delay
    %assign/vec4/a/d v0x55ebcda27720, 0, 4;
    %pushi/vec4 0, 0, 32;
    %ix/load 3, 1, 0;
    %flag_set/imm 4, 0;
    %ix/load 4, 0, 0; Constant delay
    %assign/vec4/a/d v0x55ebcda27720, 0, 4;
    %pushi/vec4 0, 0, 32;
    %ix/load 3, 2, 0;
    %flag_set/imm 4, 0;
    %ix/load 4, 0, 0; Constant delay
    %assign/vec4/a/d v0x55ebcda27720, 0, 4;
    %pushi/vec4 0, 0, 32;
    %ix/load 3, 3, 0;
    %flag_set/imm 4, 0;
    %ix/load 4, 0, 0; Constant delay
    %assign/vec4/a/d v0x55ebcda27720, 0, 4;
    %pushi/vec4 0, 0, 32;
    %ix/load 3, 4, 0;
    %flag_set/imm 4, 0;
    %ix/load 4, 0, 0; Constant delay
    %assign/vec4/a/d v0x55ebcda27720, 0, 4;
    %pushi/vec4 0, 0, 32;
    %ix/load 3, 5, 0;
    %flag_set/imm 4, 0;
    %ix/load 4, 0, 0; Constant delay
    %assign/vec4/a/d v0x55ebcda27720, 0, 4;
    %pushi/vec4 0, 0, 32;
    %ix/load 3, 6, 0;
    %flag_set/imm 4, 0;
    %ix/load 4, 0, 0; Constant delay
    %assign/vec4/a/d v0x55ebcda27720, 0, 4;
    %pushi/vec4 0, 0, 32;
    %ix/load 3, 7, 0;
    %flag_set/imm 4, 0;
    %ix/load 4, 0, 0; Constant delay
    %assign/vec4/a/d v0x55ebcda27720, 0, 4;
    %pushi/vec4 0, 0, 32;
    %ix/load 3, 8, 0;
    %flag_set/imm 4, 0;
    %ix/load 4, 0, 0; Constant delay
    %assign/vec4/a/d v0x55ebcda27720, 0, 4;
    %pushi/vec4 0, 0, 32;
    %ix/load 3, 9, 0;
    %flag_set/imm 4, 0;
    %ix/load 4, 0, 0; Constant delay
    %assign/vec4/a/d v0x55ebcda27720, 0, 4;
    %pushi/vec4 0, 0, 32;
    %ix/load 3, 10, 0;
    %flag_set/imm 4, 0;
    %ix/load 4, 0, 0; Constant delay
    %assign/vec4/a/d v0x55ebcda27720, 0, 4;
    %pushi/vec4 0, 0, 32;
    %ix/load 3, 11, 0;
    %flag_set/imm 4, 0;
    %ix/load 4, 0, 0; Constant delay
    %assign/vec4/a/d v0x55ebcda27720, 0, 4;
    %pushi/vec4 0, 0, 32;
    %ix/load 3, 12, 0;
    %flag_set/imm 4, 0;
    %ix/load 4, 0, 0; Constant delay
    %assign/vec4/a/d v0x55ebcda27720, 0, 4;
    %pushi/vec4 0, 0, 32;
    %ix/load 3, 13, 0;
    %flag_set/imm 4, 0;
    %ix/load 4, 0, 0; Constant delay
    %assign/vec4/a/d v0x55ebcda27720, 0, 4;
    %pushi/vec4 0, 0, 32;
    %ix/load 3, 14, 0;
    %flag_set/imm 4, 0;
    %ix/load 4, 0, 0; Constant delay
    %assign/vec4/a/d v0x55ebcda27720, 0, 4;
    %pushi/vec4 0, 0, 32;
    %ix/load 3, 15, 0;
    %flag_set/imm 4, 0;
    %ix/load 4, 0, 0; Constant delay
    %assign/vec4/a/d v0x55ebcda27720, 0, 4;
    %pushi/vec4 0, 0, 32;
    %ix/load 3, 16, 0;
    %flag_set/imm 4, 0;
    %ix/load 4, 0, 0; Constant delay
    %assign/vec4/a/d v0x55ebcda27720, 0, 4;
    %pushi/vec4 0, 0, 32;
    %ix/load 3, 17, 0;
    %flag_set/imm 4, 0;
    %ix/load 4, 0, 0; Constant delay
    %assign/vec4/a/d v0x55ebcda27720, 0, 4;
    %pushi/vec4 0, 0, 32;
    %ix/load 3, 18, 0;
    %flag_set/imm 4, 0;
    %ix/load 4, 0, 0; Constant delay
    %assign/vec4/a/d v0x55ebcda27720, 0, 4;
    %pushi/vec4 0, 0, 32;
    %ix/load 3, 19, 0;
    %flag_set/imm 4, 0;
    %ix/load 4, 0, 0; Constant delay
    %assign/vec4/a/d v0x55ebcda27720, 0, 4;
    %pushi/vec4 0, 0, 32;
    %ix/load 3, 20, 0;
    %flag_set/imm 4, 0;
    %ix/load 4, 0, 0; Constant delay
    %assign/vec4/a/d v0x55ebcda27720, 0, 4;
    %pushi/vec4 0, 0, 32;
    %ix/load 3, 21, 0;
    %flag_set/imm 4, 0;
    %ix/load 4, 0, 0; Constant delay
    %assign/vec4/a/d v0x55ebcda27720, 0, 4;
    %pushi/vec4 0, 0, 32;
    %ix/load 3, 22, 0;
    %flag_set/imm 4, 0;
    %ix/load 4, 0, 0; Constant delay
    %assign/vec4/a/d v0x55ebcda27720, 0, 4;
    %pushi/vec4 0, 0, 32;
    %ix/load 3, 23, 0;
    %flag_set/imm 4, 0;
    %ix/load 4, 0, 0; Constant delay
    %assign/vec4/a/d v0x55ebcda27720, 0, 4;
    %pushi/vec4 0, 0, 32;
    %ix/load 3, 24, 0;
    %flag_set/imm 4, 0;
    %ix/load 4, 0, 0; Constant delay
    %assign/vec4/a/d v0x55ebcda27720, 0, 4;
    %pushi/vec4 0, 0, 32;
    %ix/load 3, 25, 0;
    %flag_set/imm 4, 0;
    %ix/load 4, 0, 0; Constant delay
    %assign/vec4/a/d v0x55ebcda27720, 0, 4;
    %pushi/vec4 0, 0, 32;
    %ix/load 3, 26, 0;
    %flag_set/imm 4, 0;
    %ix/load 4, 0, 0; Constant delay
    %assign/vec4/a/d v0x55ebcda27720, 0, 4;
    %pushi/vec4 0, 0, 32;
    %ix/load 3, 27, 0;
    %flag_set/imm 4, 0;
    %ix/load 4, 0, 0; Constant delay
    %assign/vec4/a/d v0x55ebcda27720, 0, 4;
    %pushi/vec4 0, 0, 32;
    %ix/load 3, 28, 0;
    %flag_set/imm 4, 0;
    %ix/load 4, 0, 0; Constant delay
    %assign/vec4/a/d v0x55ebcda27720, 0, 4;
    %pushi/vec4 0, 0, 32;
    %ix/load 3, 29, 0;
    %flag_set/imm 4, 0;
    %ix/load 4, 0, 0; Constant delay
    %assign/vec4/a/d v0x55ebcda27720, 0, 4;
    %pushi/vec4 0, 0, 32;
    %ix/load 3, 30, 0;
    %flag_set/imm 4, 0;
    %ix/load 4, 0, 0; Constant delay
    %assign/vec4/a/d v0x55ebcda27720, 0, 4;
    %pushi/vec4 0, 0, 32;
    %ix/load 3, 31, 0;
    %flag_set/imm 4, 0;
    %ix/load 4, 0, 0; Constant delay
    %assign/vec4/a/d v0x55ebcda27720, 0, 4;
    %jmp T_21.1;
T_21.0 ;
    %load/vec4 v0x55ebcda271f0_0;
    %flag_set/vec4 9;
    %flag_get/vec4 9;
    %jmp/0 T_21.4, 9;
    %load/vec4 v0x55ebcda27070_0;
    %pushi/vec4 0, 0, 5;
    %cmp/ne;
    %flag_get/vec4 4;
    %and;
T_21.4;
    %flag_set/vec4 8;
    %jmp/0xz  T_21.2, 8;
    %load/vec4 v0x55ebcda27130_0;
    %load/vec4 v0x55ebcda27070_0;
    %pad/u 7;
    %ix/vec4 3;
    %ix/load 4, 0, 0; Constant delay
    %assign/vec4/a/d v0x55ebcda27720, 0, 4;
T_21.2 ;
T_21.1 ;
    %jmp T_21;
    .thread T_21;
    .scope S_0x55ebcd956580;
T_22 ;
    %wait E_0x55ebcd738950;
    %load/vec4 v0x55ebcda5f550_0;
    %flag_set/vec4 8;
    %jmp/0xz  T_22.0, 8;
    %pushi/vec4 0, 0, 32;
    %assign/vec4 v0x55ebcda5ffa0_0, 0;
    %pushi/vec4 0, 0, 32;
    %assign/vec4 v0x55ebcda5dc30_0, 0;
    %jmp T_22.1;
T_22.0 ;
    %load/vec4 v0x55ebcda5d3e0_0;
    %nor/r;
    %flag_set/vec4 8;
    %jmp/0xz  T_22.2, 8;
    %load/vec4 v0x55ebcda5fed0_0;
    %assign/vec4 v0x55ebcda5ffa0_0, 0;
    %load/vec4 v0x55ebcda5d480_0;
    %assign/vec4 v0x55ebcda5dc30_0, 0;
T_22.2 ;
T_22.1 ;
    %jmp T_22;
    .thread T_22;
    .scope S_0x55ebcd956580;
T_23 ;
    %wait E_0x55ebcd738950;
    %load/vec4 v0x55ebcda5f550_0;
    %flag_set/vec4 8;
    %jmp/0xz  T_23.0, 8;
    %pushi/vec4 19, 0, 32;
    %assign/vec4 v0x55ebcda5a710_0, 0;
    %pushi/vec4 0, 0, 32;
    %assign/vec4 v0x55ebcda5a600_0, 0;
    %pushi/vec4 0, 0, 1;
    %assign/vec4 v0x55ebcda5a820_0, 0;
    %jmp T_23.1;
T_23.0 ;
    %load/vec4 v0x55ebcda5d260_0;
    %flag_set/vec4 8;
    %jmp/0xz  T_23.2, 8;
    %pushi/vec4 19, 0, 32;
    %assign/vec4 v0x55ebcda5a710_0, 0;
    %pushi/vec4 0, 0, 32;
    %assign/vec4 v0x55ebcda5a600_0, 0;
    %pushi/vec4 0, 0, 1;
    %assign/vec4 v0x55ebcda5a820_0, 0;
    %jmp T_23.3;
T_23.2 ;
    %load/vec4 v0x55ebcda62140_0;
    %flag_set/vec4 8;
    %jmp/0xz  T_23.4, 8;
    %load/vec4 v0x55ebcda5a710_0;
    %assign/vec4 v0x55ebcda5a710_0, 0;
    %load/vec4 v0x55ebcda5a600_0;
    %assign/vec4 v0x55ebcda5a600_0, 0;
    %load/vec4 v0x55ebcda5a820_0;
    %assign/vec4 v0x55ebcda5a820_0, 0;
    %jmp T_23.5;
T_23.4 ;
    %load/vec4 v0x55ebcda5f7d0_0;
    %nor/r;
    %flag_set/vec4 8;
    %jmp/0xz  T_23.6, 8;
    %load/vec4 v0x55ebcda5fbf0_0;
    %assign/vec4 v0x55ebcda5a710_0, 0;
    %load/vec4 v0x55ebcda5e060_0;
    %assign/vec4 v0x55ebcda5a600_0, 0;
    %pushi/vec4 1, 0, 1;
    %assign/vec4 v0x55ebcda5a820_0, 0;
    %jmp T_23.7;
T_23.6 ;
    %pushi/vec4 19, 0, 32;
    %assign/vec4 v0x55ebcda5a710_0, 0;
    %pushi/vec4 0, 0, 1;
    %assign/vec4 v0x55ebcda5a820_0, 0;
T_23.7 ;
T_23.5 ;
T_23.3 ;
T_23.1 ;
    %jmp T_23;
    .thread T_23;
    .scope S_0x55ebcd956580;
T_24 ;
    %wait E_0x55ebcd738950;
    %load/vec4 v0x55ebcda5f550_0;
    %flag_set/vec4 8;
    %jmp/0xz  T_24.0, 8;
    %pushi/vec4 0, 0, 2;
    %assign/vec4 v0x55ebcda595b0_0, 0;
    %pushi/vec4 0, 0, 1;
    %assign/vec4 v0x55ebcda594e0_0, 0;
    %pushi/vec4 0, 0, 1;
    %assign/vec4 v0x55ebcda59360_0, 0;
    %pushi/vec4 0, 0, 1;
    %assign/vec4 v0x55ebcda59000_0, 0;
    %pushi/vec4 0, 0, 1;
    %assign/vec4 v0x55ebcda59200_0, 0;
    %pushi/vec4 0, 0, 4;
    %assign/vec4 v0x55ebcda592a0_0, 0;
    %pushi/vec4 0, 0, 1;
    %assign/vec4 v0x55ebcda59160_0, 0;
    %pushi/vec4 0, 0, 3;
    %assign/vec4 v0x55ebcda58b40_0, 0;
    %pushi/vec4 0, 0, 3;
    %assign/vec4 v0x55ebcda58810_0, 0;
    %pushi/vec4 0, 0, 1;
    %assign/vec4 v0x55ebcda58980_0, 0;
    %pushi/vec4 0, 0, 1;
    %assign/vec4 v0x55ebcda58cf0_0, 0;
    %pushi/vec4 0, 0, 1;
    %assign/vec4 v0x55ebcda58de0_0, 0;
    %pushi/vec4 0, 0, 1;
    %assign/vec4 v0x55ebcda58c00_0, 0;
    %pushi/vec4 0, 0, 1;
    %assign/vec4 v0x55ebcda588b0_0, 0;
    %pushi/vec4 0, 0, 1;
    %assign/vec4 v0x55ebcda590c0_0, 0;
    %pushi/vec4 0, 0, 32;
    %assign/vec4 v0x55ebcda58700_0, 0;
    %pushi/vec4 0, 0, 1;
    %assign/vec4 v0x55ebcda59810_0, 0;
    %jmp T_24.1;
T_24.0 ;
    %load/vec4 v0x55ebcda618c0_0;
    %flag_set/vec4 8;
    %jmp/0xz  T_24.2, 8;
    %load/vec4 v0x55ebcda595b0_0;
    %assign/vec4 v0x55ebcda595b0_0, 0;
    %load/vec4 v0x55ebcda594e0_0;
    %assign/vec4 v0x55ebcda594e0_0, 0;
    %load/vec4 v0x55ebcda59360_0;
    %assign/vec4 v0x55ebcda59360_0, 0;
    %load/vec4 v0x55ebcda59000_0;
    %assign/vec4 v0x55ebcda59000_0, 0;
    %load/vec4 v0x55ebcda59200_0;
    %assign/vec4 v0x55ebcda59200_0, 0;
    %load/vec4 v0x55ebcda592a0_0;
    %assign/vec4 v0x55ebcda592a0_0, 0;
    %load/vec4 v0x55ebcda59160_0;
    %assign/vec4 v0x55ebcda59160_0, 0;
    %load/vec4 v0x55ebcda58b40_0;
    %assign/vec4 v0x55ebcda58b40_0, 0;
    %load/vec4 v0x55ebcda58810_0;
    %assign/vec4 v0x55ebcda58810_0, 0;
    %load/vec4 v0x55ebcda58980_0;
    %assign/vec4 v0x55ebcda58980_0, 0;
    %load/vec4 v0x55ebcda58cf0_0;
    %assign/vec4 v0x55ebcda58cf0_0, 0;
    %load/vec4 v0x55ebcda58de0_0;
    %assign/vec4 v0x55ebcda58de0_0, 0;
    %load/vec4 v0x55ebcda58c00_0;
    %assign/vec4 v0x55ebcda58c00_0, 0;
    %load/vec4 v0x55ebcda588b0_0;
    %assign/vec4 v0x55ebcda588b0_0, 0;
    %load/vec4 v0x55ebcda590c0_0;
    %assign/vec4 v0x55ebcda590c0_0, 0;
    %load/vec4 v0x55ebcda58700_0;
    %assign/vec4 v0x55ebcda58700_0, 0;
    %load/vec4 v0x55ebcda59810_0;
    %assign/vec4 v0x55ebcda59810_0, 0;
    %jmp T_24.3;
T_24.2 ;
    %load/vec4 v0x55ebcda62140_0;
    %flag_set/vec4 8;
    %jmp/0xz  T_24.4, 8;
    %pushi/vec4 0, 0, 2;
    %assign/vec4 v0x55ebcda595b0_0, 0;
    %pushi/vec4 0, 0, 1;
    %assign/vec4 v0x55ebcda594e0_0, 0;
    %pushi/vec4 0, 0, 1;
    %assign/vec4 v0x55ebcda59360_0, 0;
    %pushi/vec4 0, 0, 1;
    %assign/vec4 v0x55ebcda59000_0, 0;
    %pushi/vec4 0, 0, 1;
    %assign/vec4 v0x55ebcda59200_0, 0;
    %pushi/vec4 0, 0, 4;
    %assign/vec4 v0x55ebcda592a0_0, 0;
    %pushi/vec4 0, 0, 1;
    %assign/vec4 v0x55ebcda59160_0, 0;
    %pushi/vec4 0, 0, 3;
    %assign/vec4 v0x55ebcda58b40_0, 0;
    %pushi/vec4 0, 0, 3;
    %assign/vec4 v0x55ebcda58810_0, 0;
    %pushi/vec4 0, 0, 1;
    %assign/vec4 v0x55ebcda58980_0, 0;
    %pushi/vec4 0, 0, 1;
    %assign/vec4 v0x55ebcda58cf0_0, 0;
    %pushi/vec4 0, 0, 1;
    %assign/vec4 v0x55ebcda58de0_0, 0;
    %pushi/vec4 0, 0, 1;
    %assign/vec4 v0x55ebcda58c00_0, 0;
    %pushi/vec4 0, 0, 1;
    %assign/vec4 v0x55ebcda588b0_0, 0;
    %pushi/vec4 0, 0, 1;
    %assign/vec4 v0x55ebcda590c0_0, 0;
    %pushi/vec4 0, 0, 32;
    %assign/vec4 v0x55ebcda58700_0, 0;
    %pushi/vec4 0, 0, 1;
    %assign/vec4 v0x55ebcda59810_0, 0;
    %jmp T_24.5;
T_24.4 ;
    %load/vec4 v0x55ebcda5a820_0;
    %flag_set/vec4 8;
    %jmp/0 T_24.6, 8;
    %load/vec4 v0x55ebcda61b50_0;
    %jmp/1 T_24.7, 8;
T_24.6 ; End of true expr.
    %pushi/vec4 0, 0, 2;
    %jmp/0 T_24.7, 8;
 ; End of false expr.
    %blend;
T_24.7;
    %assign/vec4 v0x55ebcda595b0_0, 0;
    %load/vec4 v0x55ebcda5a820_0;
    %flag_set/vec4 8;
    %jmp/0 T_24.8, 8;
    %load/vec4 v0x55ebcda61a60_0;
    %jmp/1 T_24.9, 8;
T_24.8 ; End of true expr.
    %pushi/vec4 0, 0, 1;
    %jmp/0 T_24.9, 8;
 ; End of false expr.
    %blend;
T_24.9;
    %assign/vec4 v0x55ebcda594e0_0, 0;
    %load/vec4 v0x55ebcda5a820_0;
    %flag_set/vec4 8;
    %jmp/0 T_24.10, 8;
    %load/vec4 v0x55ebcda61820_0;
    %jmp/1 T_24.11, 8;
T_24.10 ; End of true expr.
    %pushi/vec4 0, 0, 1;
    %jmp/0 T_24.11, 8;
 ; End of false expr.
    %blend;
T_24.11;
    %assign/vec4 v0x55ebcda59360_0, 0;
    %load/vec4 v0x55ebcda5a820_0;
    %flag_set/vec4 8;
    %jmp/0 T_24.12, 8;
    %load/vec4 v0x55ebcda5fe30_0;
    %jmp/1 T_24.13, 8;
T_24.12 ; End of true expr.
    %pushi/vec4 0, 0, 1;
    %jmp/0 T_24.13, 8;
 ; End of false expr.
    %blend;
T_24.13;
    %assign/vec4 v0x55ebcda59000_0, 0;
    %load/vec4 v0x55ebcda5a820_0;
    %flag_set/vec4 8;
    %jmp/0 T_24.14, 8;
    %load/vec4 v0x55ebcda60220_0;
    %jmp/1 T_24.15, 8;
T_24.14 ; End of true expr.
    %pushi/vec4 0, 0, 1;
    %jmp/0 T_24.15, 8;
 ; End of false expr.
    %blend;
T_24.15;
    %assign/vec4 v0x55ebcda59200_0, 0;
    %load/vec4 v0x55ebcda5a820_0;
    %flag_set/vec4 8;
    %jmp/0 T_24.16, 8;
    %load/vec4 v0x55ebcda5db20_0;
    %jmp/1 T_24.17, 8;
T_24.16 ; End of true expr.
    %pushi/vec4 0, 0, 4;
    %jmp/0 T_24.17, 8;
 ; End of false expr.
    %blend;
T_24.17;
    %assign/vec4 v0x55ebcda592a0_0, 0;
    %load/vec4 v0x55ebcda5a820_0;
    %flag_set/vec4 8;
    %jmp/0 T_24.18, 8;
    %load/vec4 v0x55ebcda60130_0;
    %jmp/1 T_24.19, 8;
T_24.18 ; End of true expr.
    %pushi/vec4 0, 0, 1;
    %jmp/0 T_24.19, 8;
 ; End of false expr.
    %blend;
T_24.19;
    %assign/vec4 v0x55ebcda59160_0, 0;
    %load/vec4 v0x55ebcda5a820_0;
    %flag_set/vec4 8;
    %jmp/0 T_24.20, 8;
    %load/vec4 v0x55ebcda5e390_0;
    %jmp/1 T_24.21, 8;
T_24.20 ; End of true expr.
    %pushi/vec4 0, 0, 3;
    %jmp/0 T_24.21, 8;
 ; End of false expr.
    %blend;
T_24.21;
    %assign/vec4 v0x55ebcda58b40_0, 0;
    %load/vec4 v0x55ebcda5a820_0;
    %flag_set/vec4 8;
    %jmp/0 T_24.22, 8;
    %load/vec4 v0x55ebcda5cbd0_0;
    %jmp/1 T_24.23, 8;
T_24.22 ; End of true expr.
    %pushi/vec4 0, 0, 3;
    %jmp/0 T_24.23, 8;
 ; End of false expr.
    %blend;
T_24.23;
    %assign/vec4 v0x55ebcda58810_0, 0;
    %load/vec4 v0x55ebcda5a820_0;
    %flag_set/vec4 8;
    %jmp/0 T_24.24, 8;
    %load/vec4 v0x55ebcda5ce40_0;
    %jmp/1 T_24.25, 8;
T_24.24 ; End of true expr.
    %pushi/vec4 0, 0, 1;
    %jmp/0 T_24.25, 8;
 ; End of false expr.
    %blend;
T_24.25;
    %assign/vec4 v0x55ebcda58980_0, 0;
    %load/vec4 v0x55ebcda5a820_0;
    %flag_set/vec4 8;
    %jmp/0 T_24.26, 8;
    %load/vec4 v0x55ebcda5f5f0_0;
    %jmp/1 T_24.27, 8;
T_24.26 ; End of true expr.
    %pushi/vec4 0, 0, 1;
    %jmp/0 T_24.27, 8;
 ; End of false expr.
    %blend;
T_24.27;
    %assign/vec4 v0x55ebcda58cf0_0, 0;
    %load/vec4 v0x55ebcda5a820_0;
    %flag_set/vec4 8;
    %jmp/0 T_24.28, 8;
    %load/vec4 v0x55ebcda5f6e0_0;
    %jmp/1 T_24.29, 8;
T_24.28 ; End of true expr.
    %pushi/vec4 0, 0, 1;
    %jmp/0 T_24.29, 8;
 ; End of false expr.
    %blend;
T_24.29;
    %assign/vec4 v0x55ebcda58de0_0, 0;
    %load/vec4 v0x55ebcda5a820_0;
    %flag_set/vec4 8;
    %jmp/0 T_24.30, 8;
    %load/vec4 v0x55ebcda5e480_0;
    %jmp/1 T_24.31, 8;
T_24.30 ; End of true expr.
    %pushi/vec4 0, 0, 1;
    %jmp/0 T_24.31, 8;
 ; End of false expr.
    %blend;
T_24.31;
    %assign/vec4 v0x55ebcda58c00_0, 0;
    %load/vec4 v0x55ebcda5a820_0;
    %flag_set/vec4 8;
    %jmp/0 T_24.32, 8;
    %load/vec4 v0x55ebcda5cc90_0;
    %jmp/1 T_24.33, 8;
T_24.32 ; End of true expr.
    %pushi/vec4 0, 0, 1;
    %jmp/0 T_24.33, 8;
 ; End of false expr.
    %blend;
T_24.33;
    %assign/vec4 v0x55ebcda588b0_0, 0;
    %load/vec4 v0x55ebcda5a820_0;
    %flag_set/vec4 8;
    %jmp/0 T_24.34, 8;
    %load/vec4 v0x55ebcda60040_0;
    %jmp/1 T_24.35, 8;
T_24.34 ; End of true expr.
    %pushi/vec4 0, 0, 1;
    %jmp/0 T_24.35, 8;
 ; End of false expr.
    %blend;
T_24.35;
    %assign/vec4 v0x55ebcda590c0_0, 0;
    %load/vec4 v0x55ebcda5a820_0;
    %flag_set/vec4 8;
    %jmp/0 T_24.36, 8;
    %load/vec4 v0x55ebcda5a600_0;
    %jmp/1 T_24.37, 8;
T_24.36 ; End of true expr.
    %pushi/vec4 0, 0, 32;
    %jmp/0 T_24.37, 8;
 ; End of false expr.
    %blend;
T_24.37;
    %assign/vec4 v0x55ebcda58700_0, 0;
    %load/vec4 v0x55ebcda5a820_0;
    %assign/vec4 v0x55ebcda59810_0, 0;
T_24.5 ;
T_24.3 ;
T_24.1 ;
    %jmp T_24;
    .thread T_24;
    .scope S_0x55ebcd956580;
T_25 ;
    %wait E_0x55ebcd738950;
    %load/vec4 v0x55ebcda5f550_0;
    %flag_set/vec4 8;
    %jmp/0xz  T_25.0, 8;
    %pushi/vec4 0, 0, 5;
    %assign/vec4 v0x55ebcda59420_0, 0;
    %pushi/vec4 0, 0, 32;
    %assign/vec4 v0x55ebcda59650_0, 0;
    %pushi/vec4 0, 0, 32;
    %assign/vec4 v0x55ebcda59740_0, 0;
    %pushi/vec4 0, 0, 32;
    %assign/vec4 v0x55ebcda58e80_0, 0;
    %pushi/vec4 0, 0, 32;
    %assign/vec4 v0x55ebcda58a50_0, 0;
    %pushi/vec4 19, 0, 32;
    %assign/vec4 v0x55ebcda58f40_0, 0;
    %jmp T_25.1;
T_25.0 ;
    %load/vec4 v0x55ebcda618c0_0;
    %flag_set/vec4 8;
    %jmp/0xz  T_25.2, 8;
    %load/vec4 v0x55ebcda59420_0;
    %assign/vec4 v0x55ebcda59420_0, 0;
    %load/vec4 v0x55ebcda59650_0;
    %assign/vec4 v0x55ebcda59650_0, 0;
    %load/vec4 v0x55ebcda59740_0;
    %assign/vec4 v0x55ebcda59740_0, 0;
    %load/vec4 v0x55ebcda58e80_0;
    %assign/vec4 v0x55ebcda58e80_0, 0;
    %load/vec4 v0x55ebcda58a50_0;
    %assign/vec4 v0x55ebcda58a50_0, 0;
    %load/vec4 v0x55ebcda58f40_0;
    %assign/vec4 v0x55ebcda58f40_0, 0;
    %jmp T_25.3;
T_25.2 ;
    %load/vec4 v0x55ebcda62140_0;
    %flag_set/vec4 8;
    %jmp/0xz  T_25.4, 8;
    %pushi/vec4 0, 0, 5;
    %assign/vec4 v0x55ebcda59420_0, 0;
    %pushi/vec4 0, 0, 32;
    %assign/vec4 v0x55ebcda59650_0, 0;
    %pushi/vec4 0, 0, 32;
    %assign/vec4 v0x55ebcda59740_0, 0;
    %pushi/vec4 0, 0, 32;
    %assign/vec4 v0x55ebcda58e80_0, 0;
    %pushi/vec4 0, 0, 32;
    %assign/vec4 v0x55ebcda58a50_0, 0;
    %pushi/vec4 19, 0, 32;
    %assign/vec4 v0x55ebcda58f40_0, 0;
    %jmp T_25.5;
T_25.4 ;
    %load/vec4 v0x55ebcda5a820_0;
    %flag_set/vec4 8;
    %jmp/0 T_25.6, 8;
    %load/vec4 v0x55ebcda61990_0;
    %jmp/1 T_25.7, 8;
T_25.6 ; End of true expr.
    %pushi/vec4 0, 0, 5;
    %jmp/0 T_25.7, 8;
 ; End of false expr.
    %blend;
T_25.7;
    %assign/vec4 v0x55ebcda59420_0, 0;
    %load/vec4 v0x55ebcda5a820_0;
    %flag_set/vec4 8;
    %jmp/0 T_25.8, 8;
    %load/vec4 v0x55ebcda61d00_0;
    %jmp/1 T_25.9, 8;
T_25.8 ; End of true expr.
    %pushi/vec4 0, 0, 32;
    %jmp/0 T_25.9, 8;
 ; End of false expr.
    %blend;
T_25.9;
    %assign/vec4 v0x55ebcda59650_0, 0;
    %load/vec4 v0x55ebcda5a820_0;
    %flag_set/vec4 8;
    %jmp/0 T_25.10, 8;
    %load/vec4 v0x55ebcda61f20_0;
    %jmp/1 T_25.11, 8;
T_25.10 ; End of true expr.
    %pushi/vec4 0, 0, 32;
    %jmp/0 T_25.11, 8;
 ; End of false expr.
    %blend;
T_25.11;
    %assign/vec4 v0x55ebcda59740_0, 0;
    %load/vec4 v0x55ebcda5a820_0;
    %flag_set/vec4 8;
    %jmp/0 T_25.12, 8;
    %load/vec4 v0x55ebcda5fd90_0;
    %jmp/1 T_25.13, 8;
T_25.12 ; End of true expr.
    %pushi/vec4 0, 0, 32;
    %jmp/0 T_25.13, 8;
 ; End of false expr.
    %blend;
T_25.13;
    %assign/vec4 v0x55ebcda58e80_0, 0;
    %load/vec4 v0x55ebcda5a820_0;
    %flag_set/vec4 8;
    %jmp/0 T_25.14, 8;
    %load/vec4 v0x55ebcda5cff0_0;
    %jmp/1 T_25.15, 8;
T_25.14 ; End of true expr.
    %pushi/vec4 0, 0, 32;
    %jmp/0 T_25.15, 8;
 ; End of false expr.
    %blend;
T_25.15;
    %assign/vec4 v0x55ebcda58a50_0, 0;
    %load/vec4 v0x55ebcda5a820_0;
    %flag_set/vec4 8;
    %jmp/0 T_25.16, 8;
    %load/vec4 v0x55ebcda5a710_0;
    %jmp/1 T_25.17, 8;
T_25.16 ; End of true expr.
    %pushi/vec4 19, 0, 32;
    %jmp/0 T_25.17, 8;
 ; End of false expr.
    %blend;
T_25.17;
    %assign/vec4 v0x55ebcda58f40_0, 0;
T_25.5 ;
T_25.3 ;
T_25.1 ;
    %jmp T_25;
    .thread T_25;
    .scope S_0x55ebcd956580;
T_26 ;
    %wait E_0x55ebcd738950;
    %load/vec4 v0x55ebcda5f550_0;
    %flag_set/vec4 8;
    %jmp/0xz  T_26.0, 8;
    %pushi/vec4 0, 0, 2;
    %assign/vec4 v0x55ebcda5a270_0, 0;
    %pushi/vec4 0, 0, 1;
    %assign/vec4 v0x55ebcda5a180_0, 0;
    %pushi/vec4 0, 0, 1;
    %assign/vec4 v0x55ebcda5a020_0, 0;
    %pushi/vec4 0, 0, 1;
    %assign/vec4 v0x55ebcda59d00_0, 0;
    %pushi/vec4 0, 0, 1;
    %assign/vec4 v0x55ebcda59eb0_0, 0;
    %pushi/vec4 0, 0, 4;
    %assign/vec4 v0x55ebcda59f50_0, 0;
    %pushi/vec4 0, 0, 1;
    %assign/vec4 v0x55ebcda59dc0_0, 0;
    %pushi/vec4 0, 0, 3;
    %assign/vec4 v0x55ebcda59b80_0, 0;
    %pushi/vec4 0, 0, 32;
    %assign/vec4 v0x55ebcda599c0_0, 0;
    %pushi/vec4 19, 0, 32;
    %assign/vec4 v0x55ebcda59c40_0, 0;
    %pushi/vec4 0, 0, 1;
    %assign/vec4 v0x55ebcda5a540_0, 0;
    %jmp T_26.1;
T_26.0 ;
    %load/vec4 v0x55ebcda618c0_0;
    %flag_set/vec4 8;
    %jmp/0xz  T_26.2, 8;
    %load/vec4 v0x55ebcda5a270_0;
    %assign/vec4 v0x55ebcda5a270_0, 0;
    %load/vec4 v0x55ebcda5a180_0;
    %assign/vec4 v0x55ebcda5a180_0, 0;
    %load/vec4 v0x55ebcda5a020_0;
    %assign/vec4 v0x55ebcda5a020_0, 0;
    %load/vec4 v0x55ebcda59d00_0;
    %assign/vec4 v0x55ebcda59d00_0, 0;
    %load/vec4 v0x55ebcda59eb0_0;
    %assign/vec4 v0x55ebcda59eb0_0, 0;
    %load/vec4 v0x55ebcda59f50_0;
    %assign/vec4 v0x55ebcda59f50_0, 0;
    %load/vec4 v0x55ebcda59dc0_0;
    %assign/vec4 v0x55ebcda59dc0_0, 0;
    %load/vec4 v0x55ebcda59b80_0;
    %assign/vec4 v0x55ebcda59b80_0, 0;
    %load/vec4 v0x55ebcda599c0_0;
    %assign/vec4 v0x55ebcda599c0_0, 0;
    %load/vec4 v0x55ebcda59c40_0;
    %assign/vec4 v0x55ebcda59c40_0, 0;
    %load/vec4 v0x55ebcda5a540_0;
    %assign/vec4 v0x55ebcda5a540_0, 0;
    %jmp T_26.3;
T_26.2 ;
    %load/vec4 v0x55ebcda59810_0;
    %flag_set/vec4 8;
    %jmp/0 T_26.4, 8;
    %load/vec4 v0x55ebcda595b0_0;
    %jmp/1 T_26.5, 8;
T_26.4 ; End of true expr.
    %pushi/vec4 0, 0, 2;
    %jmp/0 T_26.5, 8;
 ; End of false expr.
    %blend;
T_26.5;
    %assign/vec4 v0x55ebcda5a270_0, 0;
    %load/vec4 v0x55ebcda59810_0;
    %flag_set/vec4 8;
    %jmp/0 T_26.6, 8;
    %load/vec4 v0x55ebcda594e0_0;
    %jmp/1 T_26.7, 8;
T_26.6 ; End of true expr.
    %pushi/vec4 0, 0, 1;
    %jmp/0 T_26.7, 8;
 ; End of false expr.
    %blend;
T_26.7;
    %assign/vec4 v0x55ebcda5a180_0, 0;
    %load/vec4 v0x55ebcda59810_0;
    %flag_set/vec4 8;
    %jmp/0 T_26.8, 8;
    %load/vec4 v0x55ebcda59360_0;
    %jmp/1 T_26.9, 8;
T_26.8 ; End of true expr.
    %pushi/vec4 0, 0, 1;
    %jmp/0 T_26.9, 8;
 ; End of false expr.
    %blend;
T_26.9;
    %assign/vec4 v0x55ebcda5a020_0, 0;
    %load/vec4 v0x55ebcda59810_0;
    %flag_set/vec4 8;
    %jmp/0 T_26.10, 8;
    %load/vec4 v0x55ebcda59000_0;
    %jmp/1 T_26.11, 8;
T_26.10 ; End of true expr.
    %pushi/vec4 0, 0, 1;
    %jmp/0 T_26.11, 8;
 ; End of false expr.
    %blend;
T_26.11;
    %assign/vec4 v0x55ebcda59d00_0, 0;
    %load/vec4 v0x55ebcda59810_0;
    %flag_set/vec4 8;
    %jmp/0 T_26.12, 8;
    %load/vec4 v0x55ebcda59200_0;
    %jmp/1 T_26.13, 8;
T_26.12 ; End of true expr.
    %pushi/vec4 0, 0, 1;
    %jmp/0 T_26.13, 8;
 ; End of false expr.
    %blend;
T_26.13;
    %assign/vec4 v0x55ebcda59eb0_0, 0;
    %load/vec4 v0x55ebcda59810_0;
    %flag_set/vec4 8;
    %jmp/0 T_26.14, 8;
    %load/vec4 v0x55ebcda592a0_0;
    %jmp/1 T_26.15, 8;
T_26.14 ; End of true expr.
    %pushi/vec4 0, 0, 4;
    %jmp/0 T_26.15, 8;
 ; End of false expr.
    %blend;
T_26.15;
    %assign/vec4 v0x55ebcda59f50_0, 0;
    %load/vec4 v0x55ebcda59810_0;
    %flag_set/vec4 8;
    %jmp/0 T_26.16, 8;
    %load/vec4 v0x55ebcda59160_0;
    %jmp/1 T_26.17, 8;
T_26.16 ; End of true expr.
    %pushi/vec4 0, 0, 1;
    %jmp/0 T_26.17, 8;
 ; End of false expr.
    %blend;
T_26.17;
    %assign/vec4 v0x55ebcda59dc0_0, 0;
    %load/vec4 v0x55ebcda59810_0;
    %flag_set/vec4 8;
    %jmp/0 T_26.18, 8;
    %load/vec4 v0x55ebcda58b40_0;
    %jmp/1 T_26.19, 8;
T_26.18 ; End of true expr.
    %pushi/vec4 0, 0, 3;
    %jmp/0 T_26.19, 8;
 ; End of false expr.
    %blend;
T_26.19;
    %assign/vec4 v0x55ebcda59b80_0, 0;
    %load/vec4 v0x55ebcda59810_0;
    %flag_set/vec4 8;
    %jmp/0 T_26.20, 8;
    %load/vec4 v0x55ebcda58700_0;
    %jmp/1 T_26.21, 8;
T_26.20 ; End of true expr.
    %pushi/vec4 0, 0, 32;
    %jmp/0 T_26.21, 8;
 ; End of false expr.
    %blend;
T_26.21;
    %assign/vec4 v0x55ebcda599c0_0, 0;
    %load/vec4 v0x55ebcda59810_0;
    %flag_set/vec4 8;
    %jmp/0 T_26.22, 8;
    %load/vec4 v0x55ebcda58f40_0;
    %jmp/1 T_26.23, 8;
T_26.22 ; End of true expr.
    %pushi/vec4 19, 0, 32;
    %jmp/0 T_26.23, 8;
 ; End of false expr.
    %blend;
T_26.23;
    %assign/vec4 v0x55ebcda59c40_0, 0;
    %load/vec4 v0x55ebcda59810_0;
    %assign/vec4 v0x55ebcda5a540_0, 0;
T_26.3 ;
T_26.1 ;
    %jmp T_26;
    .thread T_26;
    .scope S_0x55ebcd956580;
T_27 ;
    %wait E_0x55ebcd738950;
    %load/vec4 v0x55ebcda5f550_0;
    %flag_set/vec4 8;
    %jmp/0xz  T_27.0, 8;
    %pushi/vec4 0, 0, 5;
    %assign/vec4 v0x55ebcda5a0c0_0, 0;
    %pushi/vec4 0, 0, 32;
    %assign/vec4 v0x55ebcda5a350_0, 0;
    %pushi/vec4 0, 0, 32;
    %assign/vec4 v0x55ebcda5a430_0, 0;
    %pushi/vec4 0, 0, 32;
    %assign/vec4 v0x55ebcda598b0_0, 0;
    %pushi/vec4 0, 0, 32;
    %assign/vec4 v0x55ebcda59aa0_0, 0;
    %jmp T_27.1;
T_27.0 ;
    %load/vec4 v0x55ebcda618c0_0;
    %flag_set/vec4 8;
    %jmp/0xz  T_27.2, 8;
    %load/vec4 v0x55ebcda5a0c0_0;
    %assign/vec4 v0x55ebcda5a0c0_0, 0;
    %load/vec4 v0x55ebcda5a350_0;
    %assign/vec4 v0x55ebcda5a350_0, 0;
    %load/vec4 v0x55ebcda5a430_0;
    %assign/vec4 v0x55ebcda5a430_0, 0;
    %load/vec4 v0x55ebcda598b0_0;
    %assign/vec4 v0x55ebcda598b0_0, 0;
    %load/vec4 v0x55ebcda59aa0_0;
    %assign/vec4 v0x55ebcda59aa0_0, 0;
    %jmp T_27.3;
T_27.2 ;
    %load/vec4 v0x55ebcda59810_0;
    %flag_set/vec4 8;
    %jmp/0 T_27.4, 8;
    %load/vec4 v0x55ebcda59420_0;
    %jmp/1 T_27.5, 8;
T_27.4 ; End of true expr.
    %pushi/vec4 0, 0, 5;
    %jmp/0 T_27.5, 8;
 ; End of false expr.
    %blend;
T_27.5;
    %assign/vec4 v0x55ebcda5a0c0_0, 0;
    %load/vec4 v0x55ebcda59810_0;
    %flag_set/vec4 8;
    %jmp/0 T_27.6, 8;
    %load/vec4 v0x55ebcda61e10_0;
    %jmp/1 T_27.7, 8;
T_27.6 ; End of true expr.
    %pushi/vec4 0, 0, 32;
    %jmp/0 T_27.7, 8;
 ; End of false expr.
    %blend;
T_27.7;
    %assign/vec4 v0x55ebcda5a350_0, 0;
    %load/vec4 v0x55ebcda59810_0;
    %flag_set/vec4 8;
    %jmp/0 T_27.8, 8;
    %load/vec4 v0x55ebcda62030_0;
    %jmp/1 T_27.9, 8;
T_27.8 ; End of true expr.
    %pushi/vec4 0, 0, 32;
    %jmp/0 T_27.9, 8;
 ; End of false expr.
    %blend;
T_27.9;
    %assign/vec4 v0x55ebcda5a430_0, 0;
    %load/vec4 v0x55ebcda59810_0;
    %flag_set/vec4 8;
    %jmp/0 T_27.10, 8;
    %load/vec4 v0x55ebcda5cd30_0;
    %jmp/1 T_27.11, 8;
T_27.10 ; End of true expr.
    %pushi/vec4 0, 0, 32;
    %jmp/0 T_27.11, 8;
 ; End of false expr.
    %blend;
T_27.11;
    %assign/vec4 v0x55ebcda598b0_0, 0;
    %load/vec4 v0x55ebcda59810_0;
    %flag_set/vec4 8;
    %jmp/0 T_27.12, 8;
    %load/vec4 v0x55ebcda58a50_0;
    %jmp/1 T_27.13, 8;
T_27.12 ; End of true expr.
    %pushi/vec4 0, 0, 32;
    %jmp/0 T_27.13, 8;
 ; End of false expr.
    %blend;
T_27.13;
    %assign/vec4 v0x55ebcda59aa0_0, 0;
T_27.3 ;
T_27.1 ;
    %jmp T_27;
    .thread T_27;
    .scope S_0x55ebcd956580;
T_28 ;
    %wait E_0x55ebcd738950;
    %load/vec4 v0x55ebcda5f550_0;
    %flag_set/vec4 8;
    %jmp/0xz  T_28.0, 8;
    %pushi/vec4 0, 0, 2;
    %assign/vec4 v0x55ebcda5b420_0, 0;
    %pushi/vec4 0, 0, 1;
    %assign/vec4 v0x55ebcda5b380_0, 0;
    %pushi/vec4 0, 0, 1;
    %assign/vec4 v0x55ebcda5b210_0, 0;
    %pushi/vec4 0, 0, 1;
    %assign/vec4 v0x55ebcda5b140_0, 0;
    %pushi/vec4 0, 0, 32;
    %assign/vec4 v0x55ebcda5aa40_0, 0;
    %pushi/vec4 19, 0, 32;
    %assign/vec4 v0x55ebcda5b060_0, 0;
    %pushi/vec4 0, 0, 1;
    %assign/vec4 v0x55ebcda5b750_0, 0;
    %jmp T_28.1;
T_28.0 ;
    %load/vec4 v0x55ebcda618c0_0;
    %flag_set/vec4 8;
    %jmp/0xz  T_28.2, 8;
    %load/vec4 v0x55ebcda5b420_0;
    %assign/vec4 v0x55ebcda5b420_0, 0;
    %load/vec4 v0x55ebcda5b380_0;
    %assign/vec4 v0x55ebcda5b380_0, 0;
    %load/vec4 v0x55ebcda5b210_0;
    %assign/vec4 v0x55ebcda5b210_0, 0;
    %load/vec4 v0x55ebcda5b140_0;
    %assign/vec4 v0x55ebcda5b140_0, 0;
    %load/vec4 v0x55ebcda5aa40_0;
    %assign/vec4 v0x55ebcda5aa40_0, 0;
    %load/vec4 v0x55ebcda5b060_0;
    %assign/vec4 v0x55ebcda5b060_0, 0;
    %load/vec4 v0x55ebcda5b750_0;
    %assign/vec4 v0x55ebcda5b750_0, 0;
    %jmp T_28.3;
T_28.2 ;
    %load/vec4 v0x55ebcda5a540_0;
    %flag_set/vec4 8;
    %jmp/0 T_28.4, 8;
    %load/vec4 v0x55ebcda5a270_0;
    %jmp/1 T_28.5, 8;
T_28.4 ; End of true expr.
    %pushi/vec4 0, 0, 2;
    %jmp/0 T_28.5, 8;
 ; End of false expr.
    %blend;
T_28.5;
    %assign/vec4 v0x55ebcda5b420_0, 0;
    %load/vec4 v0x55ebcda5a540_0;
    %flag_set/vec4 8;
    %jmp/0 T_28.6, 8;
    %load/vec4 v0x55ebcda5a180_0;
    %jmp/1 T_28.7, 8;
T_28.6 ; End of true expr.
    %pushi/vec4 0, 0, 1;
    %jmp/0 T_28.7, 8;
 ; End of false expr.
    %blend;
T_28.7;
    %assign/vec4 v0x55ebcda5b380_0, 0;
    %load/vec4 v0x55ebcda5a540_0;
    %flag_set/vec4 8;
    %jmp/0 T_28.8, 8;
    %load/vec4 v0x55ebcda5a020_0;
    %jmp/1 T_28.9, 8;
T_28.8 ; End of true expr.
    %pushi/vec4 0, 0, 1;
    %jmp/0 T_28.9, 8;
 ; End of false expr.
    %blend;
T_28.9;
    %assign/vec4 v0x55ebcda5b210_0, 0;
    %load/vec4 v0x55ebcda5a540_0;
    %flag_set/vec4 8;
    %jmp/0 T_28.10, 8;
    %load/vec4 v0x55ebcda59d00_0;
    %jmp/1 T_28.11, 8;
T_28.10 ; End of true expr.
    %pushi/vec4 0, 0, 1;
    %jmp/0 T_28.11, 8;
 ; End of false expr.
    %blend;
T_28.11;
    %assign/vec4 v0x55ebcda5b140_0, 0;
    %load/vec4 v0x55ebcda5a540_0;
    %flag_set/vec4 8;
    %jmp/0 T_28.12, 8;
    %load/vec4 v0x55ebcda599c0_0;
    %jmp/1 T_28.13, 8;
T_28.12 ; End of true expr.
    %pushi/vec4 0, 0, 32;
    %jmp/0 T_28.13, 8;
 ; End of false expr.
    %blend;
T_28.13;
    %assign/vec4 v0x55ebcda5aa40_0, 0;
    %load/vec4 v0x55ebcda5a540_0;
    %flag_set/vec4 8;
    %jmp/0 T_28.14, 8;
    %load/vec4 v0x55ebcda59c40_0;
    %jmp/1 T_28.15, 8;
T_28.14 ; End of true expr.
    %pushi/vec4 19, 0, 32;
    %jmp/0 T_28.15, 8;
 ; End of false expr.
    %blend;
T_28.15;
    %assign/vec4 v0x55ebcda5b060_0, 0;
    %load/vec4 v0x55ebcda5a540_0;
    %assign/vec4 v0x55ebcda5b750_0, 0;
T_28.3 ;
T_28.1 ;
    %jmp T_28;
    .thread T_28;
    .scope S_0x55ebcd956580;
T_29 ;
    %wait E_0x55ebcd738950;
    %load/vec4 v0x55ebcda5f550_0;
    %flag_set/vec4 8;
    %jmp/0xz  T_29.0, 8;
    %pushi/vec4 1, 0, 1;
    %assign/vec4 v0x55ebcda5b4f0_0, 0;
    %jmp T_29.1;
T_29.0 ;
    %load/vec4 v0x55ebcda618c0_0;
    %nor/r;
    %flag_set/vec4 9;
    %flag_get/vec4 9;
    %jmp/0 T_29.4, 9;
    %load/vec4 v0x55ebcda5a540_0;
    %and;
T_29.4;
    %flag_set/vec4 8;
    %jmp/0xz  T_29.2, 8;
    %pushi/vec4 0, 0, 1;
    %assign/vec4 v0x55ebcda5b4f0_0, 0;
    %jmp T_29.3;
T_29.2 ;
    %load/vec4 v0x55ebcda61c40_0;
    %flag_set/vec4 8;
    %jmp/0xz  T_29.5, 8;
    %pushi/vec4 1, 0, 1;
    %assign/vec4 v0x55ebcda5b4f0_0, 0;
    %jmp T_29.6;
T_29.5 ;
    %load/vec4 v0x55ebcda618c0_0;
    %nor/r;
    %flag_set/vec4 9;
    %flag_get/vec4 9;
    %jmp/0 T_29.9, 9;
    %load/vec4 v0x55ebcda5a540_0;
    %nor/r;
    %and;
T_29.9;
    %flag_set/vec4 8;
    %jmp/0xz  T_29.7, 8;
    %pushi/vec4 1, 0, 1;
    %assign/vec4 v0x55ebcda5b4f0_0, 0;
    %jmp T_29.8;
T_29.7 ;
    %load/vec4 v0x55ebcda5b4f0_0;
    %assign/vec4 v0x55ebcda5b4f0_0, 0;
T_29.8 ;
T_29.6 ;
T_29.3 ;
T_29.1 ;
    %jmp T_29;
    .thread T_29;
    .scope S_0x55ebcd956580;
T_30 ;
    %wait E_0x55ebcd738950;
    %load/vec4 v0x55ebcda5f550_0;
    %flag_set/vec4 8;
    %jmp/0xz  T_30.0, 8;
    %pushi/vec4 0, 0, 5;
    %assign/vec4 v0x55ebcda5b2e0_0, 0;
    %pushi/vec4 0, 0, 32;
    %assign/vec4 v0x55ebcda5b590_0, 0;
    %pushi/vec4 0, 0, 32;
    %assign/vec4 v0x55ebcda5b670_0, 0;
    %pushi/vec4 0, 0, 32;
    %assign/vec4 v0x55ebcda5a8e0_0, 0;
    %pushi/vec4 0, 0, 32;
    %assign/vec4 v0x55ebcda5aae0_0, 0;
    %pushi/vec4 0, 0, 32;
    %assign/vec4 v0x55ebcda5a9a0_0, 0;
    %pushi/vec4 0, 0, 32;
    %assign/vec4 v0x55ebcda5ab80_0, 0;
    %pushi/vec4 0, 0, 1;
    %assign/vec4 v0x55ebcda5ae00_0, 0;
    %pushi/vec4 0, 0, 1;
    %assign/vec4 v0x55ebcda5afa0_0, 0;
    %pushi/vec4 0, 0, 4;
    %assign/vec4 v0x55ebcda5ac40_0, 0;
    %pushi/vec4 0, 0, 32;
    %assign/vec4 v0x55ebcda5aec0_0, 0;
    %pushi/vec4 0, 0, 32;
    %assign/vec4 v0x55ebcda5ad20_0, 0;
    %jmp T_30.1;
T_30.0 ;
    %load/vec4 v0x55ebcda618c0_0;
    %flag_set/vec4 8;
    %jmp/0xz  T_30.2, 8;
    %load/vec4 v0x55ebcda5b2e0_0;
    %assign/vec4 v0x55ebcda5b2e0_0, 0;
    %load/vec4 v0x55ebcda5b590_0;
    %assign/vec4 v0x55ebcda5b590_0, 0;
    %load/vec4 v0x55ebcda5b670_0;
    %assign/vec4 v0x55ebcda5b670_0, 0;
    %load/vec4 v0x55ebcda5a8e0_0;
    %assign/vec4 v0x55ebcda5a8e0_0, 0;
    %load/vec4 v0x55ebcda5aae0_0;
    %assign/vec4 v0x55ebcda5aae0_0, 0;
    %load/vec4 v0x55ebcda5a9a0_0;
    %assign/vec4 v0x55ebcda5a9a0_0, 0;
    %load/vec4 v0x55ebcda5ab80_0;
    %assign/vec4 v0x55ebcda5ab80_0, 0;
    %load/vec4 v0x55ebcda5ae00_0;
    %assign/vec4 v0x55ebcda5ae00_0, 0;
    %load/vec4 v0x55ebcda5afa0_0;
    %assign/vec4 v0x55ebcda5afa0_0, 0;
    %load/vec4 v0x55ebcda5ac40_0;
    %assign/vec4 v0x55ebcda5ac40_0, 0;
    %load/vec4 v0x55ebcda5aec0_0;
    %assign/vec4 v0x55ebcda5aec0_0, 0;
    %load/vec4 v0x55ebcda5ad20_0;
    %assign/vec4 v0x55ebcda5ad20_0, 0;
    %jmp T_30.3;
T_30.2 ;
    %load/vec4 v0x55ebcda5a540_0;
    %flag_set/vec4 8;
    %jmp/0 T_30.4, 8;
    %load/vec4 v0x55ebcda5a0c0_0;
    %jmp/1 T_30.5, 8;
T_30.4 ; End of true expr.
    %pushi/vec4 0, 0, 5;
    %jmp/0 T_30.5, 8;
 ; End of false expr.
    %blend;
T_30.5;
    %assign/vec4 v0x55ebcda5b2e0_0, 0;
    %load/vec4 v0x55ebcda5a540_0;
    %flag_set/vec4 8;
    %jmp/0 T_30.6, 8;
    %load/vec4 v0x55ebcda5a350_0;
    %jmp/1 T_30.7, 8;
T_30.6 ; End of true expr.
    %pushi/vec4 0, 0, 32;
    %jmp/0 T_30.7, 8;
 ; End of false expr.
    %blend;
T_30.7;
    %assign/vec4 v0x55ebcda5b590_0, 0;
    %load/vec4 v0x55ebcda5a540_0;
    %flag_set/vec4 8;
    %jmp/0 T_30.8, 8;
    %load/vec4 v0x55ebcda5a430_0;
    %jmp/1 T_30.9, 8;
T_30.8 ; End of true expr.
    %pushi/vec4 0, 0, 32;
    %jmp/0 T_30.9, 8;
 ; End of false expr.
    %blend;
T_30.9;
    %assign/vec4 v0x55ebcda5b670_0, 0;
    %load/vec4 v0x55ebcda5a540_0;
    %flag_set/vec4 8;
    %jmp/0 T_30.10, 8;
    %load/vec4 v0x55ebcda598b0_0;
    %jmp/1 T_30.11, 8;
T_30.10 ; End of true expr.
    %pushi/vec4 0, 0, 32;
    %jmp/0 T_30.11, 8;
 ; End of false expr.
    %blend;
T_30.11;
    %assign/vec4 v0x55ebcda5a8e0_0, 0;
    %load/vec4 v0x55ebcda5a540_0;
    %flag_set/vec4 8;
    %jmp/0 T_30.12, 8;
    %load/vec4 v0x55ebcda59aa0_0;
    %jmp/1 T_30.13, 8;
T_30.12 ; End of true expr.
    %pushi/vec4 0, 0, 32;
    %jmp/0 T_30.13, 8;
 ; End of false expr.
    %blend;
T_30.13;
    %assign/vec4 v0x55ebcda5aae0_0, 0;
    %load/vec4 v0x55ebcda5a540_0;
    %flag_set/vec4 8;
    %jmp/0 T_30.14, 8;
    %load/vec4 v0x55ebcda59dc0_0;
    %flag_set/vec4 9;
    %jmp/0 T_30.16, 9;
    %load/vec4 v0x55ebcda5d3e0_0;
    %flag_set/vec4 10;
    %jmp/0 T_30.18, 10;
    %load/vec4 v0x55ebcda5ffa0_0;
    %jmp/1 T_30.19, 10;
T_30.18 ; End of true expr.
    %load/vec4 v0x55ebcda5fed0_0;
    %jmp/0 T_30.19, 10;
 ; End of false expr.
    %blend;
T_30.19;
    %jmp/1 T_30.17, 9;
T_30.16 ; End of true expr.
    %pushi/vec4 0, 0, 32;
    %jmp/0 T_30.17, 9;
 ; End of false expr.
    %blend;
T_30.17;
    %jmp/1 T_30.15, 8;
T_30.14 ; End of true expr.
    %pushi/vec4 0, 0, 32;
    %jmp/0 T_30.15, 8;
 ; End of false expr.
    %blend;
T_30.15;
    %assign/vec4 v0x55ebcda5a9a0_0, 0;
    %load/vec4 v0x55ebcda5a540_0;
    %flag_set/vec4 8;
    %jmp/0 T_30.20, 8;
    %load/vec4 v0x55ebcda5d850_0;
    %jmp/1 T_30.21, 8;
T_30.20 ; End of true expr.
    %pushi/vec4 0, 0, 32;
    %jmp/0 T_30.21, 8;
 ; End of false expr.
    %blend;
T_30.21;
    %assign/vec4 v0x55ebcda5ab80_0, 0;
    %load/vec4 v0x55ebcda5a540_0;
    %flag_set/vec4 8;
    %jmp/0 T_30.22, 8;
    %load/vec4 v0x55ebcda59dc0_0;
    %jmp/1 T_30.23, 8;
T_30.22 ; End of true expr.
    %pushi/vec4 0, 0, 1;
    %jmp/0 T_30.23, 8;
 ; End of false expr.
    %blend;
T_30.23;
    %assign/vec4 v0x55ebcda5ae00_0, 0;
    %load/vec4 v0x55ebcda5a540_0;
    %flag_set/vec4 8;
    %jmp/0 T_30.24, 8;
    %load/vec4 v0x55ebcda59eb0_0;
    %jmp/1 T_30.25, 8;
T_30.24 ; End of true expr.
    %pushi/vec4 0, 0, 1;
    %jmp/0 T_30.25, 8;
 ; End of false expr.
    %blend;
T_30.25;
    %assign/vec4 v0x55ebcda5afa0_0, 0;
    %load/vec4 v0x55ebcda5a540_0;
    %flag_set/vec4 8;
    %jmp/0 T_30.26, 8;
    %load/vec4 v0x55ebcda5d940_0;
    %jmp/1 T_30.27, 8;
T_30.26 ; End of true expr.
    %pushi/vec4 0, 0, 4;
    %jmp/0 T_30.27, 8;
 ; End of false expr.
    %blend;
T_30.27;
    %assign/vec4 v0x55ebcda5ac40_0, 0;
    %load/vec4 v0x55ebcda5a540_0;
    %flag_set/vec4 8;
    %jmp/0 T_30.28, 8;
    %load/vec4 v0x55ebcda5da30_0;
    %jmp/1 T_30.29, 8;
T_30.28 ; End of true expr.
    %pushi/vec4 0, 0, 32;
    %jmp/0 T_30.29, 8;
 ; End of false expr.
    %blend;
T_30.29;
    %assign/vec4 v0x55ebcda5aec0_0, 0;
    %load/vec4 v0x55ebcda5a540_0;
    %flag_set/vec4 8;
    %jmp/0 T_30.30, 8;
    %load/vec4 v0x55ebcda59dc0_0;
    %flag_set/vec4 9;
    %jmp/0 T_30.32, 9;
    %load/vec4 v0x55ebcda5d3e0_0;
    %flag_set/vec4 10;
    %jmp/0 T_30.34, 10;
    %load/vec4 v0x55ebcda5dc30_0;
    %jmp/1 T_30.35, 10;
T_30.34 ; End of true expr.
    %load/vec4 v0x55ebcda5d480_0;
    %jmp/0 T_30.35, 10;
 ; End of false expr.
    %blend;
T_30.35;
    %jmp/1 T_30.33, 9;
T_30.32 ; End of true expr.
    %pushi/vec4 0, 0, 32;
    %jmp/0 T_30.33, 9;
 ; End of false expr.
    %blend;
T_30.33;
    %jmp/1 T_30.31, 8;
T_30.30 ; End of true expr.
    %pushi/vec4 0, 0, 32;
    %jmp/0 T_30.31, 8;
 ; End of false expr.
    %blend;
T_30.31;
    %assign/vec4 v0x55ebcda5ad20_0, 0;
T_30.3 ;
T_30.1 ;
    %jmp T_30;
    .thread T_30;
    .scope S_0x55ebcd8f43b0;
T_31 ;
    %pushi/vec4 1, 0, 1;
    %store/vec4 v0x55ebcda65f10_0, 0, 1;
    %pushi/vec4 0, 0, 1;
    %store/vec4 v0x55ebcda67940_0, 0, 1;
    %vpi_call 2 118 "$display", "Loading program." {0 0 0};
    %vpi_call 2 119 "$readmemh", "program.mem", v0x55ebcda64cf0 {0 0 0};
    %vpi_call 2 122 "$display", "Resetting hart." {0 0 0};
    %wait E_0x55ebcd737730;
    %pushi/vec4 1, 0, 1;
    %store/vec4 v0x55ebcda67940_0, 0, 1;
    %wait E_0x55ebcd737730;
    %wait E_0x55ebcd737730;
    %wait E_0x55ebcd737730;
    %pushi/vec4 0, 0, 1;
    %store/vec4 v0x55ebcda67940_0, 0, 1;
    %vpi_call 2 128 "$display", "%-10s %-8s %-14s %-14s %s", "PC", "Inst", "rs1", "rs2", "[rd, load, store]" {0 0 0};
    %pushi/vec4 0, 0, 32;
    %store/vec4 v0x55ebcda65fd0_0, 0, 32;
    %pushi/vec4 1, 0, 32;
    %store/vec4 v0x55ebcda67bf0_0, 0, 32;
    %pushi/vec4 0, 0, 32;
    %store/vec4 v0x55ebcda66ec0_0, 0, 32;
T_31.0 ;
    %load/vec4 v0x55ebcda67bf0_0;
    %or/r;
    %flag_set/vec4 8;
    %jmp/0xz T_31.1, 8;
    %wait E_0x55ebcd738950;
    %load/vec4 v0x55ebcda65fd0_0;
    %addi 1, 0, 32;
    %store/vec4 v0x55ebcda65fd0_0, 0, 32;
    %load/vec4 v0x55ebcda67d60_0;
    %flag_set/vec4 8;
    %jmp/0xz  T_31.2, 8;
    %load/vec4 v0x55ebcda66ec0_0;
    %addi 1, 0, 32;
    %store/vec4 v0x55ebcda66ec0_0, 0, 32;
    %load/vec4 v0x55ebcda66c50_0;
    %parti/s 4, 0, 2;
    %cmpi/e 7, 0, 4;
    %jmp/1 T_31.7, 4;
    %flag_mov 8, 4;
    %load/vec4 v0x55ebcda66c50_0;
    %parti/s 7, 0, 2;
    %cmpi/e 115, 0, 7;
    %flag_or 4, 8;
T_31.7;
    %jmp/1 T_31.6, 4;
    %flag_mov 8, 4;
    %load/vec4 v0x55ebcda66c50_0;
    %parti/s 7, 0, 2;
    %cmpi/e 111, 0, 7;
    %flag_or 4, 8;
T_31.6;
    %jmp/0xz  T_31.4, 4;
    %vpi_call 2 141 "$write", "[%08h] %08h r[--]=-------- r[--]=--------", v0x55ebcda66f80_0, v0x55ebcda66c50_0 {0 0 0};
    %jmp T_31.5;
T_31.4 ;
    %load/vec4 v0x55ebcda66c50_0;
    %parti/s 7, 0, 2;
    %cmpi/e 19, 0, 7;
    %jmp/1 T_31.11, 4;
    %flag_mov 8, 4;
    %load/vec4 v0x55ebcda66c50_0;
    %parti/s 7, 0, 2;
    %cmpi/e 3, 0, 7;
    %flag_or 4, 8;
T_31.11;
    %jmp/1 T_31.10, 4;
    %flag_mov 8, 4;
    %load/vec4 v0x55ebcda66c50_0;
    %parti/s 7, 0, 2;
    %cmpi/e 103, 0, 7;
    %flag_or 4, 8;
T_31.10;
    %jmp/0xz  T_31.8, 4;
    %vpi_call 2 144 "$write", "[%08h] %08h r[%d]=%08h r[--]=--------", v0x55ebcda66f80_0, v0x55ebcda66c50_0, v0x55ebcda67600_0, v0x55ebcda676d0_0 {0 0 0};
    %jmp T_31.9;
T_31.8 ;
    %vpi_call 2 146 "$write", "[%08h] %08h r[%d]=%08h r[%d]=%08h", v0x55ebcda66f80_0, v0x55ebcda66c50_0, v0x55ebcda67600_0, v0x55ebcda676d0_0, v0x55ebcda677a0_0, v0x55ebcda67870_0 {0 0 0};
T_31.9 ;
T_31.5 ;
    %load/vec4 v0x55ebcda67040_0;
    %cmpi/ne 0, 0, 5;
    %jmp/0xz  T_31.12, 4;
    %vpi_call 2 150 "$write", " w[%d]=%08h", v0x55ebcda67040_0, v0x55ebcda670e0_0 {0 0 0};
T_31.12 ;
    %load/vec4 v0x55ebcda67390_0;
    %flag_set/vec4 8;
    %jmp/0xz  T_31.14, 8;
    %vpi_call 2 153 "$write", " l[%08h,%04b]=", v0x55ebcda67180_0, v0x55ebcda67220_0 {0 0 0};
    %load/vec4 v0x55ebcda67220_0;
    %parti/s 1, 3, 3;
    %flag_set/vec4 8;
    %jmp/0xz  T_31.16, 8;
    %vpi_call 2 155 "$write", "%02h", &PV<v0x55ebcda672c0_0, 24, 8> {0 0 0};
    %jmp T_31.17;
T_31.16 ;
    %vpi_call 2 157 "$write", "--" {0 0 0};
T_31.17 ;
    %load/vec4 v0x55ebcda67220_0;
    %parti/s 1, 2, 3;
    %flag_set/vec4 8;
    %jmp/0xz  T_31.18, 8;
    %vpi_call 2 159 "$write", "%02h", &PV<v0x55ebcda672c0_0, 16, 8> {0 0 0};
    %jmp T_31.19;
T_31.18 ;
    %vpi_call 2 161 "$write", "--" {0 0 0};
T_31.19 ;
    %load/vec4 v0x55ebcda67220_0;
    %parti/s 1, 1, 2;
    %flag_set/vec4 8;
    %jmp/0xz  T_31.20, 8;
    %vpi_call 2 163 "$write", "%02h", &PV<v0x55ebcda672c0_0, 8, 8> {0 0 0};
    %jmp T_31.21;
T_31.20 ;
    %vpi_call 2 165 "$write", "--" {0 0 0};
T_31.21 ;
    %load/vec4 v0x55ebcda67220_0;
    %parti/s 1, 0, 2;
    %flag_set/vec4 8;
    %jmp/0xz  T_31.22, 8;
    %vpi_call 2 167 "$write", "%02h", &PV<v0x55ebcda672c0_0, 0, 8> {0 0 0};
    %jmp T_31.23;
T_31.22 ;
    %vpi_call 2 169 "$write", "--" {0 0 0};
T_31.23 ;
T_31.14 ;
    %load/vec4 v0x55ebcda67530_0;
    %flag_set/vec4 8;
    %jmp/0xz  T_31.24, 8;
    %vpi_call 2 172 "$write", " s[%08h,%04b]=%08h", v0x55ebcda67180_0, v0x55ebcda67220_0, v0x55ebcda67460_0 {0 0 0};
T_31.24 ;
    %load/vec4 v0x55ebcda67c90_0;
    %flag_set/vec4 8;
    %jmp/0xz  T_31.26, 8;
    %vpi_call 2 175 "$write", " TRAP" {0 0 0};
T_31.26 ;
    %vpi_call 2 176 "$display" {0 0 0};
    %load/vec4 v0x55ebcda667d0_0;
    %flag_set/vec4 8;
    %jmp/0xz  T_31.28, 8;
    %pushi/vec4 0, 0, 32;
    %store/vec4 v0x55ebcda67bf0_0, 0, 32;
T_31.28 ;
T_31.2 ;
    %load/vec4 v0x55ebcda65fd0_0;
    %cmpi/s 40000, 0, 32;
    %flag_or 5, 4; GT is !LE
    %flag_inv 5;
    %jmp/0xz  T_31.30, 5;
    %vpi_call 2 183 "$display", "Program did not halt after 40000 cycles, aborting." {0 0 0};
    %pushi/vec4 0, 0, 32;
    %store/vec4 v0x55ebcda67bf0_0, 0, 32;
T_31.30 ;
    %jmp T_31.0;
T_31.1 ;
    %vpi_call 2 188 "$display", "Program halted after %d cycles.", v0x55ebcda65fd0_0 {0 0 0};
    %vpi_call 2 189 "$display", "Total instructions retired: %d", v0x55ebcda66ec0_0 {0 0 0};
    %load/vec4 v0x55ebcda66ec0_0;
    %cmpi/e 0, 0, 32;
    %jmp/0xz  T_31.32, 4;
    %vpi_call 2 191 "$display", "CPI: invalid (no instructions retired)" {0 0 0};
    %jmp T_31.33;
T_31.32 ;
    %load/vec4 v0x55ebcda65fd0_0;
    %cvt/rv/s;
    %pushi/real 1073741824, 4066; load=1.00000
    %load/vec4 v0x55ebcda66ec0_0;
    %cvt/rv/s;
    %mul/wr;
    %div/wr;
    %vpi_call 2 193 "$display", "CPI: %f", W<0,r> {0 1 0};
T_31.33 ;
    %vpi_call 2 194 "$finish" {0 0 0};
    %end;
    .thread T_31;
    .scope S_0x55ebcd8f43b0;
T_32 ;
    %pushi/vec4 0, 0, 32;
    %store/vec4 v0x55ebcda67e30_0, 0, 32;
T_32.0 ; Top of for-loop
    %load/vec4 v0x55ebcda67e30_0;
    %cmpi/s 40000, 0, 32;
	  %jmp/0xz T_32.1, 5;
    %wait E_0x55ebcd738950;
T_32.2 ; for-loop step statement
    %load/vec4 v0x55ebcda67e30_0;
    %addi 1, 0, 32;
    %store/vec4 v0x55ebcda67e30_0, 0, 32;
    %jmp T_32.0;
T_32.1 ; for-loop exit label
    %vpi_call 2 203 "$finish" {0 0 0};
    %end;
    .thread T_32;
    .scope S_0x55ebcd8f43b0;
T_33 ;
    %delay 5000, 0;
    %load/vec4 v0x55ebcda65f10_0;
    %inv;
    %store/vec4 v0x55ebcda65f10_0, 0, 1;
    %jmp T_33;
    .thread T_33;
# The file index is used to find the file name in the following table.
:file_names 20;
    "N/A";
    "<interactive>";
    "tb/stall_mem_tb.v";
    "rtl/tb_memory.v";
    "rtl/hart.v";
    "rtl/cache.v";
    "rtl/DEForwardingUnit.v";
    "rtl/decode.v";
    "rtl/branch.v";
    "rtl/control.v";
    "rtl/imm.v";
    "rtl/rf.v";
    "rtl/execute.v";
    "rtl/alu.v";
    "rtl/fetch.v";
    "rtl/forwardingUnit.v";
    "rtl/hazardDetection.v";
    "rtl/memoryAccess.v";
    "rtl/barrelShifter.v";
    "rtl/writeback.v";
