#! /usr/bin/vvp
:ivl_version "13.0 (stable)" "(v13_0-dirty)";
:ivl_delay_selection "TYPICAL";
:vpi_time_precision - 12;
:vpi_module "/usr/lib/ivl/system.vpi";
:vpi_module "/usr/lib/ivl/vhdl_sys.vpi";
:vpi_module "/usr/lib/ivl/vhdl_textio.vpi";
:vpi_module "/usr/lib/ivl/v2005_math.vpi";
:vpi_module "/usr/lib/ivl/va_math.vpi";
S_0x56515f42a4b0 .scope module, "hart_tb" "hart_tb" 2 2;
 .timescale -9 -12;
P_0x56515f101610 .param/l "DEBUG" 0 2 3, +C4<00000000000000000000000000000000>;
v0x56515f4c80f0_0 .var "clk", 0 0;
v0x56515f4c81b0_0 .var/i "cycles", 31 0;
v0x56515f4c8290_0 .net "dmem_addr", 31 0, L_0x56515f4fb370;  1 drivers
L_0x7fa17a248da8 .functor BUFT 1, C4<1111>, C4<0>, C4<0>, C4<0>;
v0x56515f4c83b0_0 .net "dmem_mask", 3 0, L_0x7fa17a248da8;  1 drivers
v0x56515f4c84c0_0 .net "dmem_rdata", 31 0, L_0x56515f4dcd40;  1 drivers
v0x56515f4c85d0_0 .net "dmem_ready", 0 0, L_0x56515f4dd0f0;  1 drivers
v0x56515f4c8670_0 .net "dmem_ren", 0 0, L_0x56515f4fb3e0;  1 drivers
v0x56515f4c8760_0 .net "dmem_valid", 0 0, L_0x56515f4dcf20;  1 drivers
v0x56515f4c8800_0 .net "dmem_wdata", 31 0, L_0x56515f4fb4c0;  1 drivers
v0x56515f4c88c0_0 .net "dmem_wen", 0 0, L_0x56515f4fb450;  1 drivers
v0x56515f4c89b0_0 .net "halt", 0 0, L_0x56515f522f00;  1 drivers
v0x56515f4c8a50_0 .net "imem_raddr", 31 0, L_0x56515f4fb290;  1 drivers
v0x56515f4c8b40_0 .net "imem_rdata", 31 0, L_0x56515f4db370;  1 drivers
v0x56515f4c8c00_0 .net "imem_ready", 0 0, L_0x56515f4db600;  1 drivers
v0x56515f4c8ca0_0 .net "imem_ren", 0 0, L_0x56515f4fb300;  1 drivers
v0x56515f4c8d90_0 .net "imem_valid", 0 0, L_0x56515f4db4c0;  1 drivers
v0x56515f4c8e30_0 .net "inst", 31 0, L_0x56515f50c370;  1 drivers
v0x56515f4c9000_0 .net "next_pc", 31 0, L_0x56515f5236d0;  1 drivers
v0x56515f4c90a0_0 .var/i "num_instructions", 31 0;
v0x56515f4c9160_0 .net "pc", 31 0, L_0x56515f5237e0;  1 drivers
v0x56515f4c9220_0 .net "rd_waddr", 4 0, L_0x56515f523400;  1 drivers
v0x56515f4c92c0_0 .net "rd_wdata", 31 0, L_0x56515f523300;  1 drivers
v0x56515f4c9360_0 .net "retire_dmem_addr", 31 0, L_0x56515f523970;  1 drivers
v0x56515f4c9400_0 .net "retire_dmem_mask", 3 0, L_0x56515f523a30;  1 drivers
v0x56515f4c94a0_0 .net "retire_dmem_rdata", 31 0, L_0x56515f523bd0;  1 drivers
v0x56515f4c9570_0 .net "retire_dmem_ren", 0 0, L_0x56515f5238a0;  1 drivers
v0x56515f4c9640_0 .net "retire_dmem_wdata", 31 0, L_0x56515f523cc0;  1 drivers
v0x56515f4c9710_0 .net "retire_dmem_wen", 0 0, L_0x56515f523b10;  1 drivers
v0x56515f4c97e0_0 .net "rs1_raddr", 4 0, L_0x56515f523090;  1 drivers
v0x56515f4c98b0_0 .net "rs1_rdata", 31 0, L_0x56515f523290;  1 drivers
v0x56515f4c9980_0 .net "rs2_raddr", 4 0, L_0x56515f522c70;  1 drivers
v0x56515f4c9a50_0 .net "rs2_rdata", 31 0, L_0x56515f522dc0;  1 drivers
v0x56515f4c9b20_0 .var "rst", 0 0;
v0x56515f4c9dd0_0 .var/i "run", 31 0;
L_0x7fa17a24d248 .functor BUFT 1, C4<0>, C4<0>, C4<0>, C4<0>;
v0x56515f4c9e70_0 .net "trap", 0 0, L_0x7fa17a24d248;  1 drivers
v0x56515f4c9f40_0 .net "valid", 0 0, L_0x56515f520f20;  1 drivers
v0x56515f4ca010_0 .var/i "watchdog", 31 0;
E_0x56515f182c40 .event negedge, v0x56515f29aef0_0;
S_0x56515f258b60 .scope module, "dmem" "memory" 2 54, 3 8 0, S_0x56515f42a4b0;
 .timescale 0 0;
    .port_info 0 /INPUT 1 "i_clk";
    .port_info 1 /INPUT 1 "i_rst";
    .port_info 2 /OUTPUT 1 "o_ready";
    .port_info 3 /INPUT 32 "i_addr";
    .port_info 4 /INPUT 1 "i_ren";
    .port_info 5 /INPUT 1 "i_wen";
    .port_info 6 /INPUT 4 "i_mask";
    .port_info 7 /INPUT 32 "i_wdata";
    .port_info 8 /OUTPUT 1 "o_valid";
    .port_info 9 /OUTPUT 32 "o_addr";
    .port_info 10 /OUTPUT 1 "o_wdone";
    .port_info 11 /OUTPUT 32 "o_rdata";
P_0x56515f4670c0 .param/l "INTERVAL" 0 3 14, +C4<00000000000000000000000000000010>;
P_0x56515f467100 .param/l "LATENCY" 0 3 12, +C4<00000000000000000000000000000100>;
P_0x56515f467140 .param/l "SIZE" 0 3 10, +C4<00000000000000000000010000000000>;
L_0x56515f4db530 .functor NOT 1, v0x56515f4c9b20_0, C4<0>, C4<0>, C4<0>;
L_0x56515f4dba60 .functor AND 1, L_0x56515f4db530, L_0x56515f4db8f0, C4<1>, C4<1>;
v0x56515f29a6f0_2 .array/port v0x56515f29a6f0, 2;
L_0x56515f4dbbe0 .functor BUFZ 32, v0x56515f29a6f0_2, C4<00000000000000000000000000000000>, C4<00000000000000000000000000000000>, C4<00000000000000000000000000000000>;
v0x56515f327530_2 .array/port v0x56515f327530, 2;
L_0x56515f4dbe30 .functor BUFZ 4, v0x56515f327530_2, C4<0000>, C4<0000>, C4<0000>;
v0x56515f34c4a0_2 .array/port v0x56515f34c4a0, 2;
L_0x56515f4dbed0 .functor BUFZ 32, v0x56515f34c4a0_2, C4<00000000000000000000000000000000>, C4<00000000000000000000000000000000>, C4<00000000000000000000000000000000>;
v0x56515f29a6f0_3 .array/port v0x56515f29a6f0, 3;
L_0x56515f4dbff0 .functor BUFZ 32, v0x56515f29a6f0_3, C4<00000000000000000000000000000000>, C4<00000000000000000000000000000000>, C4<00000000000000000000000000000000>;
v0x56515f3499d0_3 .array/port v0x56515f3499d0, 3;
L_0x56515f4dc250 .functor BUFZ 1, v0x56515f3499d0_3, C4<0>, C4<0>, C4<0>;
v0x56515f35a050_2 .array/port v0x56515f35a050, 2;
L_0x56515f4dccd0 .functor BUFZ 1, v0x56515f35a050_2, C4<0>, C4<0>, C4<0>;
L_0x56515f4dcd40 .functor BUFZ 32, L_0x56515f4dca90, C4<00000000000000000000000000000000>, C4<00000000000000000000000000000000>, C4<00000000000000000000000000000000>;
L_0x56515f4dceb0 .functor BUFZ 32, L_0x56515f4dbff0, C4<00000000000000000000000000000000>, C4<00000000000000000000000000000000>, C4<00000000000000000000000000000000>;
L_0x56515f4dcf20 .functor BUFZ 1, L_0x56515f4dc250, C4<0>, C4<0>, C4<0>;
L_0x56515f4dce40 .functor BUFZ 1, L_0x56515f4dccd0, C4<0>, C4<0>, C4<0>;
L_0x56515f4dd0f0 .functor BUFZ 1, L_0x56515f4dba60, C4<0>, C4<0>, C4<0>;
v0x56515f46af40_0 .net *"_ivl_0", 0 0, L_0x56515f4db530;  1 drivers
v0x56515f317140_0 .net *"_ivl_2", 31 0, L_0x56515f4db820;  1 drivers
v0x56515f3854e0_0 .net *"_ivl_32", 7 0, L_0x56515f4dc0b0;  1 drivers
L_0x7fa17a246330 .functor BUFT 1, C4<00000000000000000000000000000011>, C4<0>, C4<0>, C4<0>;
v0x56515f3c69f0_0 .net/2u *"_ivl_34", 31 0, L_0x7fa17a246330;  1 drivers
v0x56515f37dc60_0 .net *"_ivl_36", 31 0, L_0x56515f4dc1b0;  1 drivers
v0x56515f2ae1d0_0 .net *"_ivl_38", 7 0, L_0x56515f4dc390;  1 drivers
L_0x7fa17a246378 .functor BUFT 1, C4<00000000000000000000000000000010>, C4<0>, C4<0>, C4<0>;
v0x56515f2af3d0_0 .net/2u *"_ivl_40", 31 0, L_0x7fa17a246378;  1 drivers
v0x56515f2b0d20_0 .net *"_ivl_42", 31 0, L_0x56515f4dc460;  1 drivers
v0x56515f2a3bb0_0 .net *"_ivl_44", 7 0, L_0x56515f4dc620;  1 drivers
L_0x7fa17a2463c0 .functor BUFT 1, C4<00000000000000000000000000000001>, C4<0>, C4<0>, C4<0>;
v0x56515f2a27b0_0 .net/2u *"_ivl_46", 31 0, L_0x7fa17a2463c0;  1 drivers
v0x56515f4419c0_0 .net *"_ivl_48", 31 0, L_0x56515f4dc6c0;  1 drivers
L_0x7fa17a2462a0 .functor BUFT 1, C4<0000000000000000000000000000000>, C4<0>, C4<0>, C4<0>;
v0x56515f43ab60_0 .net *"_ivl_5", 30 0, L_0x7fa17a2462a0;  1 drivers
v0x56515f2085f0_0 .net *"_ivl_50", 7 0, L_0x56515f4dc850;  1 drivers
L_0x7fa17a246408 .functor BUFT 1, C4<00000000000000000000000000000000>, C4<0>, C4<0>, C4<0>;
v0x56515f210ea0_0 .net/2u *"_ivl_52", 31 0, L_0x7fa17a246408;  1 drivers
v0x56515f1acf50_0 .net *"_ivl_54", 31 0, L_0x56515f4dc8f0;  1 drivers
L_0x7fa17a2462e8 .functor BUFT 1, C4<00000000000000000000000000000000>, C4<0>, C4<0>, C4<0>;
v0x56515f1aae30_0 .net/2u *"_ivl_6", 31 0, L_0x7fa17a2462e8;  1 drivers
v0x56515f29a400_0 .net *"_ivl_8", 0 0, L_0x56515f4db8f0;  1 drivers
v0x56515f29a6f0 .array "addrs", 3 0, 31 0;
v0x56515f29ae10_0 .net "i_addr", 31 0, L_0x56515f4fb370;  alias, 1 drivers
v0x56515f29aef0_0 .net "i_clk", 0 0, v0x56515f4c80f0_0;  1 drivers
v0x56515f29b1a0_0 .net "i_mask", 3 0, L_0x7fa17a248da8;  alias, 1 drivers
v0x56515f29b280_0 .net "i_ren", 0 0, L_0x56515f4fb3e0;  alias, 1 drivers
v0x56515f29b530_0 .net "i_rst", 0 0, v0x56515f4c9b20_0;  1 drivers
v0x56515f29b5f0_0 .net "i_wdata", 31 0, L_0x56515f4fb4c0;  alias, 1 drivers
v0x56515f29b8c0_0 .net "i_wen", 0 0, L_0x56515f4fb450;  alias, 1 drivers
v0x56515f29b980_0 .var "interval_counter", 0 0;
v0x56515f327450_0 .net "mask", 3 0, L_0x56515f4dbe30;  1 drivers
v0x56515f327530 .array "masks", 3 0, 3 0;
v0x56515f31b960 .array "mem", 1023 0, 7 0;
v0x56515f31ba00_0 .net "o_addr", 31 0, L_0x56515f4dceb0;  1 drivers
v0x56515f31bda0_0 .net "o_rdata", 31 0, L_0x56515f4dcd40;  alias, 1 drivers
v0x56515f31be80_0 .net "o_ready", 0 0, L_0x56515f4dd0f0;  alias, 1 drivers
v0x56515f3323a0_0 .net "o_valid", 0 0, L_0x56515f4dcf20;  alias, 1 drivers
v0x56515f332460_0 .net "o_wdone", 0 0, L_0x56515f4dce40;  1 drivers
v0x56515f344f00_0 .net "raddr", 31 0, v0x56515f29a6f0_3;  1 drivers
v0x56515f344fe0_0 .net "ready", 0 0, L_0x56515f4dba60;  1 drivers
v0x56515f349910_0 .net "ren", 0 0, v0x56515f3499d0_3;  1 drivers
v0x56515f3499d0 .array "rens", 3 0, 0 0;
v0x56515f34a770_0 .net "res_addr", 31 0, L_0x56515f4dbff0;  1 drivers
v0x56515f34a850_0 .net "res_rdata", 31 0, L_0x56515f4dca90;  1 drivers
v0x56515f34b430_0 .net "res_valid", 0 0, L_0x56515f4dc250;  1 drivers
v0x56515f34b4f0_0 .net "res_wdone", 0 0, L_0x56515f4dccd0;  1 drivers
v0x56515f34bd20_0 .net "waddr", 31 0, L_0x56515f4dbbe0;  1 drivers
v0x56515f34be00_0 .net "wdata", 31 0, L_0x56515f4dbed0;  1 drivers
v0x56515f34c4a0 .array "wdatas", 3 0, 31 0;
v0x56515f359f90_0 .net "wen", 0 0, v0x56515f35a050_2;  1 drivers
v0x56515f35a050 .array "wens", 3 0, 0 0;
L_0x56515f4db820 .concat [ 1 31 0 0], v0x56515f29b980_0, L_0x7fa17a2462a0;
L_0x56515f4db8f0 .cmp/eq 32, L_0x56515f4db820, L_0x7fa17a2462e8;
L_0x56515f4dc0b0 .array/port v0x56515f31b960, L_0x56515f4dc1b0;
L_0x56515f4dc1b0 .arith/sum 32, v0x56515f29a6f0_3, L_0x7fa17a246330;
L_0x56515f4dc390 .array/port v0x56515f31b960, L_0x56515f4dc460;
L_0x56515f4dc460 .arith/sum 32, v0x56515f29a6f0_3, L_0x7fa17a246378;
L_0x56515f4dc620 .array/port v0x56515f31b960, L_0x56515f4dc6c0;
L_0x56515f4dc6c0 .arith/sum 32, v0x56515f29a6f0_3, L_0x7fa17a2463c0;
L_0x56515f4dc850 .array/port v0x56515f31b960, L_0x56515f4dc8f0;
L_0x56515f4dc8f0 .arith/sum 32, v0x56515f29a6f0_3, L_0x7fa17a246408;
L_0x56515f4dca90 .concat [ 8 8 8 8], L_0x56515f4dc850, L_0x56515f4dc620, L_0x56515f4dc390, L_0x56515f4dc0b0;
S_0x56515f2ac130 .scope generate, "genblk1[1]" "genblk1[1]" 3 102, 3 102 0, S_0x56515f258b60;
 .timescale 0 0;
P_0x56515f3d1170 .param/l "i" 1 3 102, +C4<01>;
E_0x56515f183e60 .event posedge, v0x56515f29aef0_0;
S_0x56515f2ac850 .scope generate, "genblk1[2]" "genblk1[2]" 3 102, 3 102 0, S_0x56515f258b60;
 .timescale 0 0;
P_0x56515f404440 .param/l "i" 1 3 102, +C4<010>;
S_0x56515f2acbe0 .scope generate, "genblk1[3]" "genblk1[3]" 3 102, 3 102 0, S_0x56515f258b60;
 .timescale 0 0;
P_0x56515f317cd0 .param/l "i" 1 3 102, +C4<011>;
S_0x56515f35f100 .scope module, "dut" "hart" 2 69, 4 1 0, S_0x56515f42a4b0;
 .timescale 0 0;
    .port_info 0 /INPUT 1 "i_clk";
    .port_info 1 /INPUT 1 "i_rst";
    .port_info 2 /OUTPUT 32 "o_imem_raddr";
    .port_info 3 /INPUT 32 "i_imem_rdata";
    .port_info 4 /INPUT 1 "i_imem_ready";
    .port_info 5 /INPUT 1 "i_imem_busy";
    .port_info 6 /OUTPUT 1 "o_imem_ren";
    .port_info 7 /INPUT 1 "i_imem_valid";
    .port_info 8 /INPUT 1 "i_dmem_ready";
    .port_info 9 /INPUT 1 "i_dmem_busy";
    .port_info 10 /INPUT 1 "i_dmem_valid";
    .port_info 11 /OUTPUT 32 "o_dmem_addr";
    .port_info 12 /OUTPUT 1 "o_dmem_ren";
    .port_info 13 /OUTPUT 1 "o_dmem_wen";
    .port_info 14 /OUTPUT 32 "o_dmem_wdata";
    .port_info 15 /OUTPUT 4 "o_dmem_mask";
    .port_info 16 /INPUT 32 "i_dmem_rdata";
    .port_info 17 /OUTPUT 1 "o_retire_valid";
    .port_info 18 /OUTPUT 32 "o_retire_inst";
    .port_info 19 /OUTPUT 1 "o_retire_trap";
    .port_info 20 /OUTPUT 1 "o_retire_halt";
    .port_info 21 /OUTPUT 5 "o_retire_rs1_raddr";
    .port_info 22 /OUTPUT 5 "o_retire_rs2_raddr";
    .port_info 23 /OUTPUT 32 "o_retire_rs1_rdata";
    .port_info 24 /OUTPUT 32 "o_retire_rs2_rdata";
    .port_info 25 /OUTPUT 5 "o_retire_rd_waddr";
    .port_info 26 /OUTPUT 32 "o_retire_rd_wdata";
    .port_info 27 /OUTPUT 32 "o_retire_dmem_addr";
    .port_info 28 /OUTPUT 4 "o_retire_dmem_mask";
    .port_info 29 /OUTPUT 1 "o_retire_dmem_ren";
    .port_info 30 /OUTPUT 1 "o_retire_dmem_wen";
    .port_info 31 /OUTPUT 32 "o_retire_dmem_rdata";
    .port_info 32 /OUTPUT 32 "o_retire_dmem_wdata";
    .port_info 33 /OUTPUT 32 "o_retire_pc";
    .port_info 34 /OUTPUT 32 "o_retire_next_pc";
P_0x56515f443d80 .param/l "RESET_ADDR" 0 4 4, C4<00000000000000000000000000000000>;
L_0x56515f4fb290 .functor BUFZ 32, L_0x56515f4ea740, C4<00000000000000000000000000000000>, C4<00000000000000000000000000000000>, C4<00000000000000000000000000000000>;
L_0x56515f4fb300 .functor BUFZ 1, L_0x56515f4eb030, C4<0>, C4<0>, C4<0>;
L_0x56515f4fb370 .functor BUFZ 32, L_0x56515f4f9930, C4<00000000000000000000000000000000>, C4<00000000000000000000000000000000>, C4<00000000000000000000000000000000>;
L_0x56515f4fb3e0 .functor BUFZ 1, L_0x56515f4fa220, C4<0>, C4<0>, C4<0>;
L_0x56515f4fb450 .functor BUFZ 1, L_0x56515f4fa580, C4<0>, C4<0>, C4<0>;
L_0x56515f4fb4c0 .functor BUFZ 32, L_0x56515f4fa930, C4<00000000000000000000000000000000>, C4<00000000000000000000000000000000>, C4<00000000000000000000000000000000>;
L_0x56515f4fb530 .functor BUFZ 1, L_0x56515f4ea230, C4<0>, C4<0>, C4<0>;
L_0x56515f4fb5f0 .functor AND 1, L_0x56515f518bb0, v0x56515f4bc700_0, C4<1>, C4<1>;
L_0x56515f4fb740 .functor AND 1, L_0x56515f518c20, v0x56515f4bc700_0, C4<1>, C4<1>;
L_0x56515f4fb850 .functor BUFZ 1, L_0x56515f4f9420, C4<0>, C4<0>, C4<0>;
L_0x56515f4fba10 .functor AND 1, v0x56515f4bc9e0_0, L_0x56515f4fb970, C4<1>, C4<1>;
L_0x56515f4fbbc0 .functor OR 1, L_0x56515f504fb0, L_0x56515f4fbad0, C4<0>, C4<0>;
L_0x56515f4fbd30 .functor AND 1, L_0x56515f4fba10, L_0x56515f4fbbc0, C4<1>, C4<1>;
L_0x7fa17a248e38 .functor BUFT 1, C4<11111111111111111111111111111110>, C4<0>, C4<0>, C4<0>;
L_0x56515f4fbe90 .functor AND 32, L_0x56515f4fbdf0, L_0x7fa17a248e38, C4<11111111111111111111111111111111>, C4<11111111111111111111111111111111>;
L_0x56515f4fbcc0 .functor BUFZ 1, L_0x56515f51d8d0, C4<0>, C4<0>, C4<0>;
L_0x56515f50c270 .functor AND 1, v0x56515f4bd540_0, v0x56515f4bd910_0, C4<1>, C4<1>;
L_0x56515f51a5f0 .functor AND 1, v0x56515f4bd910_0, L_0x56515f51a500, C4<1>, C4<1>;
L_0x56515f520f20 .functor BUFZ 1, L_0x56515f51a5f0, C4<0>, C4<0>, C4<0>;
L_0x56515f50c370 .functor BUFZ 32, v0x56515f4bd220_0, C4<00000000000000000000000000000000>, C4<00000000000000000000000000000000>, C4<00000000000000000000000000000000>;
L_0x56515f523290 .functor BUFZ 32, v0x56515f4bd750_0, C4<00000000000000000000000000000000>, C4<00000000000000000000000000000000>, C4<00000000000000000000000000000000>;
L_0x56515f522dc0 .functor BUFZ 32, v0x56515f4bd830_0, C4<00000000000000000000000000000000>, C4<00000000000000000000000000000000>, C4<00000000000000000000000000000000>;
L_0x56515f523400 .functor BUFZ 5, v0x56515f4bd4a0_0, C4<00000>, C4<00000>, C4<00000>;
L_0x56515f523300 .functor BUFZ 32, L_0x56515f51ac70, C4<00000000000000000000000000000000>, C4<00000000000000000000000000000000>, C4<00000000000000000000000000000000>;
L_0x56515f5237e0 .functor BUFZ 32, v0x56515f4bcc00_0, C4<00000000000000000000000000000000>, C4<00000000000000000000000000000000>, C4<00000000000000000000000000000000>;
L_0x56515f5236d0 .functor BUFZ 32, L_0x56515f51b230, C4<00000000000000000000000000000000>, C4<00000000000000000000000000000000>, C4<00000000000000000000000000000000>;
L_0x56515f523970 .functor BUFZ 32, v0x56515f4bcd40_0, C4<00000000000000000000000000000000>, C4<00000000000000000000000000000000>, C4<00000000000000000000000000000000>;
L_0x56515f5238a0 .functor BUFZ 1, v0x56515f4bcfc0_0, C4<0>, C4<0>, C4<0>;
L_0x56515f523b10 .functor BUFZ 1, v0x56515f4bd160_0, C4<0>, C4<0>, C4<0>;
L_0x56515f523a30 .functor BUFZ 4, v0x56515f4bce00_0, C4<0000>, C4<0000>, C4<0000>;
L_0x56515f523cc0 .functor BUFZ 32, v0x56515f4bd080_0, C4<00000000000000000000000000000000>, C4<00000000000000000000000000000000>, C4<00000000000000000000000000000000>;
L_0x56515f523bd0 .functor BUFZ 32, v0x56515f4bcee0_0, C4<00000000000000000000000000000000>, C4<00000000000000000000000000000000>, C4<00000000000000000000000000000000>;
v0x56515f4ba8c0_0 .var "DE_PC", 31 0;
v0x56515f4ba9d0_0 .var "DE_alu_op", 2 0;
v0x56515f4baa70_0 .var "DE_alu_pc_op", 0 0;
v0x56515f4bab40_0 .var "DE_alu_src_op", 0 0;
v0x56515f4bac10_0 .var "DE_branch_out", 31 0;
v0x56515f4bad00_0 .var "DE_funct3", 2 0;
v0x56515f4badc0_0 .var "DE_i_arith", 0 0;
v0x56515f4baeb0_0 .var "DE_i_sub", 0 0;
v0x56515f4bafa0_0 .var "DE_i_unsigned", 0 0;
v0x56515f4bb040_0 .var "DE_immediate", 31 0;
v0x56515f4bb100_0 .var "DE_instr", 31 0;
v0x56515f4bb1c0_0 .var "DE_jalr_op", 0 0;
v0x56515f4bb280_0 .var "DE_lui_op", 0 0;
v0x56515f4bb320_0 .var "DE_mem_read", 0 0;
v0x56515f4bb3c0_0 .var "DE_mem_write", 0 0;
v0x56515f4bb460_0 .var "DE_o_dmem_mask", 3 0;
v0x56515f4bb520_0 .var "DE_pc_src_op", 0 0;
v0x56515f4bb5e0_0 .var "DE_rd", 4 0;
v0x56515f4bb6a0_0 .var "DE_reg_write", 0 0;
v0x56515f4bb770_0 .var "DE_reg_write_source_op", 1 0;
v0x56515f4bb810_0 .var "DE_rs1_data", 31 0;
v0x56515f4bb900_0 .var "DE_rs2_data", 31 0;
v0x56515f4bb9d0_0 .var "DE_valid", 0 0;
v0x56515f4bba70_0 .var "EM_ALUResult", 31 0;
v0x56515f4bbb80_0 .var "EM_PC", 31 0;
v0x56515f4bbc60_0 .var "EM_branch_out", 31 0;
v0x56515f4bbd40_0 .var "EM_funct3", 2 0;
v0x56515f4bbe00_0 .var "EM_instr", 31 0;
v0x56515f4bbec0_0 .var "EM_jalr_op", 0 0;
v0x56515f4bbf80_0 .var "EM_mem_read", 0 0;
v0x56515f4bc070_0 .var "EM_mem_write", 0 0;
v0x56515f4bc110_0 .var "EM_o_dmem_mask", 3 0;
v0x56515f4bc1e0_0 .var "EM_pc_src_op", 0 0;
v0x56515f4bc280_0 .var "EM_rd", 4 0;
v0x56515f4bc340_0 .var "EM_reg_write", 0 0;
v0x56515f4bc430_0 .var "EM_reg_write_source_op", 1 0;
v0x56515f4bc510_0 .var "EM_rs1_data", 31 0;
v0x56515f4bc5f0_0 .var "EM_rs2_data", 31 0;
v0x56515f4bc700_0 .var "EM_valid", 0 0;
v0x56515f4bc7c0_0 .var "FD_PC", 31 0;
v0x56515f4bc8d0_0 .var "FD_i_instr", 31 0;
v0x56515f4bc9e0_0 .var "FD_valid", 0 0;
v0x56515f4bcaa0_0 .var "MW_ALUResult", 31 0;
v0x56515f4bcb60_0 .var "MW_LoadData", 31 0;
v0x56515f4bcc00_0 .var "MW_PC", 31 0;
v0x56515f4bcca0_0 .var "MW_branch_out", 31 0;
v0x56515f4bcd40_0 .var "MW_dmem_addr", 31 0;
v0x56515f4bce00_0 .var "MW_dmem_mask", 3 0;
v0x56515f4bcee0_0 .var "MW_dmem_rdata", 31 0;
v0x56515f4bcfc0_0 .var "MW_dmem_ren", 0 0;
v0x56515f4bd080_0 .var "MW_dmem_wdata", 31 0;
v0x56515f4bd160_0 .var "MW_dmem_wen", 0 0;
v0x56515f4bd220_0 .var "MW_instr", 31 0;
v0x56515f4bd300_0 .var "MW_jalr_op", 0 0;
v0x56515f4bd3d0_0 .var "MW_pc_src_op", 0 0;
v0x56515f4bd4a0_0 .var "MW_rd", 4 0;
v0x56515f4bd540_0 .var "MW_reg_write", 0 0;
v0x56515f4bd5e0_0 .var "MW_reg_write_source_op", 1 0;
v0x56515f4bd6b0_0 .var "MW_retired", 0 0;
v0x56515f4bd750_0 .var "MW_rs1_data", 31 0;
v0x56515f4bd830_0 .var "MW_rs2_data", 31 0;
v0x56515f4bd910_0 .var "MW_valid", 0 0;
v0x56515f4bd9d0_0 .net "WriteData", 31 0, L_0x56515f51ac70;  1 drivers
L_0x7fa17a24d290 .functor BUFT 1, C4<00000000000100000000000001110011>, C4<0>, C4<0>, C4<0>;
v0x56515f4bda90_0 .net/2u *"_ivl_110", 31 0, L_0x7fa17a24d290;  1 drivers
v0x56515f4bdb70_0 .net *"_ivl_29", 0 0, L_0x56515f4fb970;  1 drivers
v0x56515f4bdc30_0 .net *"_ivl_31", 0 0, L_0x56515f4fba10;  1 drivers
L_0x7fa17a248df0 .functor BUFT 1, C4<00000000000000000000000000000100>, C4<0>, C4<0>, C4<0>;
v0x56515f4bdcf0_0 .net/2u *"_ivl_32", 31 0, L_0x7fa17a248df0;  1 drivers
v0x56515f4bddd0_0 .net *"_ivl_34", 0 0, L_0x56515f4fbad0;  1 drivers
v0x56515f4bde90_0 .net *"_ivl_37", 0 0, L_0x56515f4fbbc0;  1 drivers
v0x56515f4bdf50_0 .net *"_ivl_40", 31 0, L_0x56515f4fbdf0;  1 drivers
v0x56515f4be030_0 .net/2u *"_ivl_42", 31 0, L_0x7fa17a248e38;  1 drivers
v0x56515f4be110_0 .net *"_ivl_44", 31 0, L_0x56515f4fbe90;  1 drivers
v0x56515f4be1f0_0 .net *"_ivl_46", 31 0, L_0x56515f4fc0b0;  1 drivers
L_0x7fa17a248e80 .functor BUFT 1, C4<00000000000000000000000000000100>, C4<0>, C4<0>, C4<0>;
v0x56515f4be2d0_0 .net/2u *"_ivl_50", 31 0, L_0x7fa17a248e80;  1 drivers
v0x56515f4be3b0_0 .net *"_ivl_52", 31 0, L_0x56515f4fc2d0;  1 drivers
v0x56515f4be490_0 .net *"_ivl_65", 0 0, L_0x56515f51a500;  1 drivers
L_0x7fa17a24cee8 .functor BUFT 1, C4<10>, C4<0>, C4<0>, C4<0>;
v0x56515f4be550_0 .net/2u *"_ivl_76", 1 0, L_0x7fa17a24cee8;  1 drivers
v0x56515f4be630_0 .net *"_ivl_78", 0 0, L_0x56515f5205e0;  1 drivers
L_0x7fa17a24cf30 .functor BUFT 1, C4<01>, C4<0>, C4<0>, C4<0>;
v0x56515f4be6f0_0 .net/2u *"_ivl_80", 1 0, L_0x7fa17a24cf30;  1 drivers
v0x56515f4be7d0_0 .net *"_ivl_82", 0 0, L_0x56515f520680;  1 drivers
v0x56515f4be890_0 .net *"_ivl_84", 31 0, L_0x56515f520820;  1 drivers
L_0x7fa17a24cf78 .functor BUFT 1, C4<10>, C4<0>, C4<0>, C4<0>;
v0x56515f4be970_0 .net/2u *"_ivl_88", 1 0, L_0x7fa17a24cf78;  1 drivers
v0x56515f4bea50_0 .net *"_ivl_90", 0 0, L_0x56515f520b80;  1 drivers
L_0x7fa17a24cfc0 .functor BUFT 1, C4<01>, C4<0>, C4<0>, C4<0>;
v0x56515f4beb10_0 .net/2u *"_ivl_92", 1 0, L_0x7fa17a24cfc0;  1 drivers
v0x56515f4bebf0_0 .net *"_ivl_94", 0 0, L_0x56515f520c20;  1 drivers
v0x56515f4becb0_0 .net *"_ivl_96", 31 0, L_0x56515f520d50;  1 drivers
v0x56515f4bed90_0 .net "alu_op", 2 0, L_0x56515f4ff9e0;  1 drivers
v0x56515f4bee50_0 .net "alu_pc_op", 0 0, L_0x56515f4f34d0;  1 drivers
v0x56515f4beef0_0 .net "alu_result", 31 0, L_0x56515f5136e0;  1 drivers
v0x56515f4bf000_0 .net "alu_src_op", 0 0, L_0x56515f501960;  1 drivers
v0x56515f4bf0f0_0 .net "branch_op", 3 0, L_0x56515f500040;  1 drivers
v0x56515f4bf1b0_0 .net "branch_out", 31 0, L_0x56515f50c180;  1 drivers
v0x56515f4bf2c0_0 .net "branch_rs1_data", 31 0, L_0x56515f520a60;  1 drivers
v0x56515f4bf380_0 .net "branch_rs2_data", 31 0, L_0x56515f520e80;  1 drivers
v0x56515f4bf420_0 .net "branch_taken", 0 0, L_0x56515f4fbd30;  1 drivers
v0x56515f4bf4c0_0 .net "branch_target", 31 0, L_0x56515f4fc1e0;  1 drivers
v0x56515f4bf5a0_0 .net "dcache_busy", 0 0, L_0x56515f4f9420;  1 drivers
v0x56515f4bf640_0 .net "dcache_load_data", 31 0, L_0x56515f4fb110;  1 drivers
v0x56515f4bf6e0_0 .net "dcache_mem_addr", 31 0, L_0x56515f4f9930;  1 drivers
v0x56515f4bf7a0_0 .net "dcache_mem_ren", 0 0, L_0x56515f4fa220;  1 drivers
v0x56515f4bf870_0 .net "dcache_mem_wdata", 31 0, L_0x56515f4fa930;  1 drivers
v0x56515f4bf940_0 .net "dcache_mem_wen", 0 0, L_0x56515f4fa580;  1 drivers
v0x56515f4bfa10_0 .net "dcache_req_addr", 31 0, L_0x56515f5140d0;  1 drivers
v0x56515f4bfb00_0 .net "dcache_req_mask", 3 0, L_0x56515f514e40;  1 drivers
v0x56515f4bfbf0_0 .net "dcache_req_wdata", 31 0, L_0x56515f516c90;  1 drivers
v0x56515f4bfce0_0 .net "dmem_mask_base", 3 0, L_0x56515f502cc0;  1 drivers
v0x56515f4bfdf0_0 .var "dmem_rdata_buffer", 31 0;
v0x56515f4bfed0_0 .net "dmem_ren_int", 0 0, L_0x56515f4fb5f0;  1 drivers
v0x56515f4bff70_0 .net "dmem_ren_raw", 0 0, L_0x56515f518bb0;  1 drivers
v0x56515f4c0010_0 .net "dmem_wait", 0 0, L_0x56515f4fb850;  1 drivers
v0x56515f4c00b0_0 .net "dmem_wen_int", 0 0, L_0x56515f4fb740;  1 drivers
v0x56515f4c0150_0 .net "dmem_wen_raw", 0 0, L_0x56515f518c20;  1 drivers
v0x56515f4c0220_0 .net "fetch_pc", 31 0, v0x56515f4968b0_0;  1 drivers
v0x56515f4c0310_0 .net "fetch_stall", 0 0, L_0x56515f4fbcc0;  1 drivers
v0x56515f4c03b0_0 .net "forward_rs1_cnrl", 1 0, L_0x56515f51ee60;  1 drivers
v0x56515f4c0480_0 .net "forward_rs2_cnrl", 1 0, L_0x56515f5201b0;  1 drivers
v0x56515f4c0550_0 .net "funct3", 2 0, L_0x56515f4fe830;  1 drivers
v0x56515f4c0640_0 .net "i_arith", 0 0, L_0x56515f504d00;  1 drivers
v0x56515f4c0730_0 .net "i_clk", 0 0, v0x56515f4c80f0_0;  alias, 1 drivers
o0x7fa17a2a3868 .functor BUFZ 1, c4<z>; HiZ drive
v0x56515f4c07d0_0 .net "i_dmem_busy", 0 0, o0x7fa17a2a3868;  0 drivers
v0x56515f4c0870_0 .net "i_dmem_rdata", 31 0, L_0x56515f4dcd40;  alias, 1 drivers
v0x56515f4c0960_0 .net "i_dmem_ready", 0 0, L_0x56515f4dd0f0;  alias, 1 drivers
v0x56515f4c0a50_0 .net "i_dmem_valid", 0 0, L_0x56515f4dcf20;  alias, 1 drivers
o0x7fa17a2a3898 .functor BUFZ 1, c4<z>; HiZ drive
v0x56515f4c0b40_0 .net "i_imem_busy", 0 0, o0x7fa17a2a3898;  0 drivers
v0x56515f4c0be0_0 .net "i_imem_rdata", 31 0, L_0x56515f4db370;  alias, 1 drivers
v0x56515f4c0c80_0 .net "i_imem_ready", 0 0, L_0x56515f4db600;  alias, 1 drivers
v0x56515f4c0d20_0 .net "i_imem_valid", 0 0, L_0x56515f4db4c0;  alias, 1 drivers
v0x56515f4c0dc0_0 .net "i_rs1_raddr", 4 0, L_0x56515f4fe9f0;  1 drivers
v0x56515f4c0e60_0 .net "i_rs2_raddr", 4 0, L_0x56515f4feb20;  1 drivers
v0x56515f4c1710_0 .net "i_rst", 0 0, v0x56515f4c9b20_0;  alias, 1 drivers
v0x56515f4c17b0_0 .net "i_sub", 0 0, L_0x56515f503200;  1 drivers
v0x56515f4c18a0_0 .net "i_unsigned", 0 0, L_0x56515f504050;  1 drivers
v0x56515f4c1990_0 .net "icache_busy", 0 0, L_0x56515f4ea230;  1 drivers
v0x56515f4c1a30_0 .net "icache_mem_addr", 31 0, L_0x56515f4ea740;  1 drivers
v0x56515f4c1ad0_0 .net "icache_mem_ren", 0 0, L_0x56515f4eb030;  1 drivers
v0x56515f4c1b70_0 .net "icache_mem_wdata", 31 0, L_0x56515f4eb820;  1 drivers
v0x56515f4c1c10_0 .net "icache_mem_wen", 0 0, L_0x56515f4eb3e0;  1 drivers
L_0x7fa17a248ec8 .functor BUFT 1, C4<1>, C4<0>, C4<0>, C4<0>;
v0x56515f4c1ce0_0 .net "icache_req_ren", 0 0, L_0x7fa17a248ec8;  1 drivers
v0x56515f4c1db0_0 .net "icache_res_rdata", 31 0, L_0x56515f4ebfc0;  1 drivers
v0x56515f4c1e80_0 .net "imem_wait", 0 0, L_0x56515f4fb530;  1 drivers
v0x56515f4c1f50_0 .net "immediate", 31 0, L_0x56515f5096d0;  1 drivers
v0x56515f4c1ff0_0 .net "jalr_op", 0 0, L_0x56515f504fb0;  1 drivers
v0x56515f4c2090_0 .net "load_data", 31 0, L_0x56515f51a2e0;  1 drivers
v0x56515f4c2160_0 .var "load_data_buffer", 31 0;
v0x56515f4c2200_0 .net "lui_op", 0 0, L_0x56515f4f3570;  1 drivers
v0x56515f4c22f0_0 .net "mem_read", 0 0, L_0x56515f4f3970;  1 drivers
v0x56515f4c23e0_0 .net "mem_write", 0 0, L_0x56515f500280;  1 drivers
v0x56515f4c24d0_0 .net "next_pc", 31 0, L_0x56515f4fc4d0;  1 drivers
v0x56515f4c2570_0 .net "o_dmem_addr", 31 0, L_0x56515f4fb370;  alias, 1 drivers
v0x56515f4c2610_0 .net "o_dmem_mask", 3 0, L_0x7fa17a248da8;  alias, 1 drivers
v0x56515f4c26b0_0 .net "o_dmem_ren", 0 0, L_0x56515f4fb3e0;  alias, 1 drivers
v0x56515f4c2780_0 .net "o_dmem_wdata", 31 0, L_0x56515f4fb4c0;  alias, 1 drivers
v0x56515f4c2850_0 .net "o_dmem_wen", 0 0, L_0x56515f4fb450;  alias, 1 drivers
v0x56515f4c2920_0 .net "o_imem_raddr", 31 0, L_0x56515f4fb290;  alias, 1 drivers
v0x56515f4c29c0_0 .net "o_imem_ren", 0 0, L_0x56515f4fb300;  alias, 1 drivers
v0x56515f4c2a60_0 .net "o_retire_dmem_addr", 31 0, L_0x56515f523970;  alias, 1 drivers
v0x56515f4c2b00_0 .net "o_retire_dmem_mask", 3 0, L_0x56515f523a30;  alias, 1 drivers
v0x56515f4c2be0_0 .net "o_retire_dmem_rdata", 31 0, L_0x56515f523bd0;  alias, 1 drivers
v0x56515f4c2cc0_0 .net "o_retire_dmem_ren", 0 0, L_0x56515f5238a0;  alias, 1 drivers
v0x56515f4c2d80_0 .net "o_retire_dmem_wdata", 31 0, L_0x56515f523cc0;  alias, 1 drivers
v0x56515f4c2e60_0 .net "o_retire_dmem_wen", 0 0, L_0x56515f523b10;  alias, 1 drivers
v0x56515f4c2f20_0 .net "o_retire_halt", 0 0, L_0x56515f522f00;  alias, 1 drivers
v0x56515f4c2fe0_0 .net "o_retire_inst", 31 0, L_0x56515f50c370;  alias, 1 drivers
v0x56515f4c30c0_0 .net "o_retire_next_pc", 31 0, L_0x56515f5236d0;  alias, 1 drivers
v0x56515f4c31a0_0 .net "o_retire_pc", 31 0, L_0x56515f5237e0;  alias, 1 drivers
v0x56515f4c3280_0 .net "o_retire_rd_waddr", 4 0, L_0x56515f523400;  alias, 1 drivers
v0x56515f4c3360_0 .net "o_retire_rd_wdata", 31 0, L_0x56515f523300;  alias, 1 drivers
v0x56515f4c3440_0 .net "o_retire_rs1_raddr", 4 0, L_0x56515f523090;  alias, 1 drivers
v0x56515f4c3520_0 .net "o_retire_rs1_rdata", 31 0, L_0x56515f523290;  alias, 1 drivers
v0x56515f4c3600_0 .net "o_retire_rs2_raddr", 4 0, L_0x56515f522c70;  alias, 1 drivers
v0x56515f4c36e0_0 .net "o_retire_rs2_rdata", 31 0, L_0x56515f522dc0;  alias, 1 drivers
v0x56515f4c37c0_0 .net "o_retire_trap", 0 0, L_0x7fa17a24d248;  alias, 1 drivers
v0x56515f4c3880_0 .net "o_retire_valid", 0 0, L_0x56515f520f20;  alias, 1 drivers
v0x56515f4c3940_0 .net "opcode", 6 0, L_0x56515f4fddd0;  1 drivers
v0x56515f4c3a00_0 .net "pc_src_op", 0 0, L_0x56515f502090;  1 drivers
v0x56515f4c3aa0_0 .net "pipeline_freeze", 0 0, L_0x56515f51d810;  1 drivers
v0x56515f4c3b70_0 .net "rd", 4 0, L_0x56515f4fe2b0;  1 drivers
v0x56515f4c3c40_0 .net "reg_write", 0 0, L_0x56515f500ae0;  1 drivers
v0x56515f4c3d30_0 .net "reg_write_source_op", 1 0, L_0x56515f501470;  1 drivers
v0x56515f4c3e20_0 .net "retire_fire", 0 0, L_0x56515f51a5f0;  1 drivers
v0x56515f4c3ee0_0 .net "rs1_data", 31 0, L_0x56515f5068e0;  1 drivers
v0x56515f4c3ff0_0 .net "rs1_forwarded_data", 31 0, L_0x56515f5225b0;  1 drivers
v0x56515f4c4100_0 .net "rs2_data", 31 0, L_0x56515f507260;  1 drivers
v0x56515f4c4210_0 .net "rs2_forwarded_data", 31 0, L_0x56515f522810;  1 drivers
v0x56515f4c4320_0 .net "stall", 0 0, L_0x56515f51d8d0;  1 drivers
v0x56515f4c43c0_0 .net "wb_next_pc_unused", 31 0, L_0x56515f51b230;  1 drivers
L_0x56515f4fb970 .reduce/nor L_0x56515f51d8d0;
L_0x56515f4fbad0 .cmp/ne 32, L_0x56515f50c180, L_0x7fa17a248df0;
L_0x56515f4fbdf0 .arith/sum 32, L_0x56515f520a60, L_0x56515f5096d0;
L_0x56515f4fc0b0 .arith/sum 32, v0x56515f4bc7c0_0, L_0x56515f50c180;
L_0x56515f4fc1e0 .functor MUXZ 32, L_0x56515f4fc0b0, L_0x56515f4fbe90, L_0x56515f504fb0, C4<>;
L_0x56515f4fc2d0 .arith/sum 32, v0x56515f4968b0_0, L_0x7fa17a248e80;
L_0x56515f4fc4d0 .functor MUXZ 32, L_0x56515f4fc2d0, L_0x56515f4fc1e0, L_0x56515f4fbd30, C4<>;
L_0x56515f51a500 .reduce/nor v0x56515f4bd6b0_0;
L_0x56515f5203b0 .part v0x56515f4bc8d0_0, 15, 5;
L_0x56515f520450 .part v0x56515f4bc8d0_0, 20, 5;
L_0x56515f5205e0 .cmp/eq 2, L_0x56515f51ee60, L_0x7fa17a24cee8;
L_0x56515f520680 .cmp/eq 2, L_0x56515f51ee60, L_0x7fa17a24cf30;
L_0x56515f520820 .functor MUXZ 32, L_0x56515f5068e0, L_0x56515f51ac70, L_0x56515f520680, C4<>;
L_0x56515f520a60 .functor MUXZ 32, L_0x56515f520820, v0x56515f4bba70_0, L_0x56515f5205e0, C4<>;
L_0x56515f520b80 .cmp/eq 2, L_0x56515f5201b0, L_0x7fa17a24cf78;
L_0x56515f520c20 .cmp/eq 2, L_0x56515f5201b0, L_0x7fa17a24cfc0;
L_0x56515f520d50 .functor MUXZ 32, L_0x56515f507260, L_0x56515f51ac70, L_0x56515f520c20, C4<>;
L_0x56515f520e80 .functor MUXZ 32, L_0x56515f520d50, v0x56515f4bba70_0, L_0x56515f520b80, C4<>;
L_0x56515f522ae0 .part v0x56515f4bb100_0, 15, 5;
L_0x56515f522b80 .part v0x56515f4bb100_0, 20, 5;
L_0x56515f522f00 .cmp/eq 32, v0x56515f4bd220_0, L_0x7fa17a24d290;
L_0x56515f523090 .part v0x56515f4bd220_0, 15, 5;
L_0x56515f522c70 .part v0x56515f4bd220_0, 20, 5;
S_0x56515f43cf80 .scope module, "dcache" "cache" 4 188, 5 3 0, S_0x56515f35f100;
 .timescale 0 0;
    .port_info 0 /INPUT 1 "i_clk";
    .port_info 1 /INPUT 1 "i_rst";
    .port_info 2 /INPUT 1 "i_mem_ready";
    .port_info 3 /OUTPUT 32 "o_mem_addr";
    .port_info 4 /OUTPUT 1 "o_mem_ren";
    .port_info 5 /OUTPUT 1 "o_mem_wen";
    .port_info 6 /OUTPUT 32 "o_mem_wdata";
    .port_info 7 /INPUT 32 "i_mem_rdata";
    .port_info 8 /INPUT 1 "i_mem_valid";
    .port_info 9 /OUTPUT 1 "o_busy";
    .port_info 10 /INPUT 32 "i_req_addr";
    .port_info 11 /INPUT 1 "i_req_ren";
    .port_info 12 /INPUT 1 "i_req_wen";
    .port_info 13 /INPUT 4 "i_req_mask";
    .port_info 14 /INPUT 32 "i_req_wdata";
    .port_info 15 /OUTPUT 32 "o_res_rdata";
P_0x56515f444a90 .param/l "D" 1 5 26, +C4<00000000000000000000000000000100>;
P_0x56515f444ad0 .param/l "DEPTH" 1 5 23, +C4<00000000000000000000000000100000>;
P_0x56515f444b10 .param/l "MISS_FILL" 1 5 140, C4<01>;
P_0x56515f444b50 .param/l "MISS_WB" 1 5 141, C4<10>;
P_0x56515f444b90 .param/l "O" 1 5 21, +C4<00000000000000000000000000000100>;
P_0x56515f444bd0 .param/l "PREFETCH_FILL" 1 5 142, C4<11>;
P_0x56515f444c10 .param/l "READY" 1 5 139, C4<00>;
P_0x56515f444c50 .param/l "S" 1 5 22, +C4<00000000000000000000000000000101>;
P_0x56515f444c90 .param/l "T" 1 5 25, +C4<00000000000000000000000000010111>;
P_0x56515f444cd0 .param/l "W" 1 5 24, +C4<00000000000000000000000000000100>;
L_0x56515f4ec290 .functor AND 1, L_0x56515f4ec9d0, L_0x56515f4eccb0, C4<1>, C4<1>;
L_0x56515f4ed290 .functor AND 1, L_0x56515f4ed150, L_0x56515f4ed410, C4<1>, C4<1>;
L_0x56515f4ed9c0 .functor AND 1, L_0x56515f4ed880, L_0x56515f4edb20, C4<1>, C4<1>;
L_0x56515f4ee230 .functor AND 1, L_0x56515f4ee0f0, L_0x56515f4ee3c0, C4<1>, C4<1>;
L_0x56515f4ee600 .functor OR 1, L_0x56515f4ec290, L_0x56515f4ed290, C4<0>, C4<0>;
L_0x56515f4ee710 .functor OR 1, L_0x56515f4ee600, L_0x56515f4ed9c0, C4<0>, C4<0>;
L_0x56515f4ee820 .functor OR 1, L_0x56515f4ee710, L_0x56515f4ee230, C4<0>, C4<0>;
L_0x56515f4eea20 .functor AND 1, L_0x56515f4fb5f0, L_0x56515f4ee930, C4<1>, C4<1>;
L_0x56515f4ee4b0 .functor AND 1, L_0x56515f4eea20, L_0x56515f4eeb80, C4<1>, C4<1>;
L_0x56515f4eef10 .functor AND 1, L_0x56515f4ee4b0, L_0x56515f4eee20, C4<1>, C4<1>;
L_0x56515f4ef880 .functor AND 1, L_0x56515f4ef410, L_0x56515f4ef550, C4<1>, C4<1>;
L_0x56515f4efef0 .functor AND 1, L_0x56515f4efb90, L_0x56515f4efe00, C4<1>, C4<1>;
L_0x56515f4f06c0 .functor AND 1, L_0x56515f4f02a0, L_0x56515f4f0540, C4<1>, C4<1>;
L_0x56515f4f0e60 .functor AND 1, L_0x56515f4f0af0, L_0x56515f4f0d70, C4<1>, C4<1>;
L_0x56515f4f0000 .functor OR 1, L_0x56515f4ef880, L_0x56515f4efef0, C4<0>, C4<0>;
L_0x56515f4f1090 .functor OR 1, L_0x56515f4f0000, L_0x56515f4f06c0, C4<0>, C4<0>;
L_0x56515f4f0f70 .functor OR 1, L_0x56515f4f1090, L_0x56515f4f0e60, C4<0>, C4<0>;
L_0x56515f4f13c0 .functor OR 1, L_0x56515f4fb5f0, L_0x56515f4fb740, C4<0>, C4<0>;
L_0x56515f4f14d0 .functor AND 1, L_0x56515f4f13c0, L_0x56515f4f1800, C4<1>, C4<1>;
L_0x56515f4f1f20 .functor BUFZ 32, L_0x56515f4f1940, C4<00000000000000000000000000000000>, C4<00000000000000000000000000000000>, C4<00000000000000000000000000000000>;
L_0x56515f4f2bf0 .functor BUFZ 32, L_0x56515f4f1430, C4<00000000000000000000000000000000>, C4<00000000000000000000000000000000>, C4<00000000000000000000000000000000>;
L_0x56515f4f3310 .functor BUFZ 32, L_0x56515f4f2da0, C4<00000000000000000000000000000000>, C4<00000000000000000000000000000000>, C4<00000000000000000000000000000000>;
L_0x56515f4f4870 .functor BUFZ 32, L_0x56515f4f23e0, C4<00000000000000000000000000000000>, C4<00000000000000000000000000000000>, C4<00000000000000000000000000000000>;
L_0x56515f4f6920 .functor AND 1, L_0x56515f4f7090, L_0x56515f4f7860, C4<1>, C4<1>;
L_0x56515f4f79a0 .functor AND 1, L_0x56515f4f7620, L_0x56515f4f7ec0, C4<1>, C4<1>;
L_0x56515f4f7fb0 .functor AND 1, L_0x56515f4f7c90, L_0x56515f4f85a0, C4<1>, C4<1>;
L_0x56515f4f8950 .functor AND 1, L_0x56515f4f73c0, L_0x56515f4f8860, C4<1>, C4<1>;
L_0x56515f4f8a60 .functor OR 1, L_0x56515f4f6920, L_0x56515f4f79a0, C4<0>, C4<0>;
L_0x56515f4f8b70 .functor OR 1, L_0x56515f4f8a60, L_0x56515f4f7fb0, C4<0>, C4<0>;
L_0x56515f4f92c0 .functor OR 1, L_0x56515f4f8b70, L_0x56515f4f8950, C4<0>, C4<0>;
L_0x56515f4f8ce0 .functor AND 1, L_0x56515f4f91d0, L_0x56515f4f94d0, C4<1>, C4<1>;
L_0x56515f4f8ee0 .functor AND 1, L_0x56515f4f8ce0, L_0x56515f4f8df0, C4<1>, C4<1>;
L_0x56515f4f9420 .functor OR 1, L_0x56515f4f9100, L_0x56515f4f14d0, C4<0>, C4<0>;
L_0x56515f4f9df0 .functor OR 1, L_0x56515f4fa330, L_0x56515f4fa3d0, C4<0>, C4<0>;
L_0x56515f4fa110 .functor AND 1, L_0x56515f4f9df0, L_0x56515f4fa020, C4<1>, C4<1>;
L_0x56515f4fa220 .functor AND 1, L_0x56515f4fa110, L_0x56515f4dd0f0, C4<1>, C4<1>;
L_0x56515f4f8ff0 .functor AND 1, L_0x56515f4f0f70, L_0x56515f4fb740, C4<1>, C4<1>;
L_0x56515f4f9f00 .functor AND 1, L_0x56515f4f8ff0, L_0x56515f4dd0f0, C4<1>, C4<1>;
L_0x56515f4fa4c0 .functor AND 1, L_0x56515f4f9f70, L_0x56515f4dd0f0, C4<1>, C4<1>;
L_0x56515f4fa580 .functor OR 1, L_0x56515f4f9f00, L_0x56515f4fa4c0, C4<0>, C4<0>;
L_0x56515f4fa830 .functor AND 1, L_0x56515f4f0f70, L_0x56515f4fb740, C4<1>, C4<1>;
v0x56515f3b0fd0_0 .net *"_ivl_100", 0 0, L_0x56515f4eeb80;  1 drivers
v0x56515f3b5b50_0 .net *"_ivl_105", 0 0, L_0x56515f4eee20;  1 drivers
v0x56515f3b5c10_0 .net *"_ivl_112", 3 0, L_0x56515f4ef240;  1 drivers
v0x56515f3b6ea0_0 .net *"_ivl_114", 6 0, L_0x56515f4ef120;  1 drivers
L_0x7fa17a247c80 .functor BUFT 1, C4<00>, C4<0>, C4<0>, C4<0>;
v0x56515f3b6f80_0 .net *"_ivl_117", 1 0, L_0x7fa17a247c80;  1 drivers
v0x56515f3b81f0_0 .net *"_ivl_119", 0 0, L_0x56515f4ef410;  1 drivers
v0x56515f3b82d0_0 .net *"_ivl_120", 22 0, L_0x56515f4ef2e0;  1 drivers
v0x56515f3b9560_0 .net *"_ivl_122", 6 0, L_0x56515f4ef640;  1 drivers
L_0x7fa17a247cc8 .functor BUFT 1, C4<00>, C4<0>, C4<0>, C4<0>;
v0x56515f3b9640_0 .net *"_ivl_125", 1 0, L_0x7fa17a247cc8;  1 drivers
v0x56515f3ba8d0_0 .net *"_ivl_126", 0 0, L_0x56515f4ef550;  1 drivers
v0x56515f3ba990_0 .net *"_ivl_130", 3 0, L_0x56515f4ef990;  1 drivers
v0x56515f399590_0 .net *"_ivl_132", 6 0, L_0x56515f4ef6e0;  1 drivers
L_0x7fa17a247d10 .functor BUFT 1, C4<00>, C4<0>, C4<0>, C4<0>;
v0x56515f39ace0_0 .net *"_ivl_135", 1 0, L_0x7fa17a247d10;  1 drivers
v0x56515f39adc0_0 .net *"_ivl_137", 0 0, L_0x56515f4efb90;  1 drivers
v0x56515f39e270_0 .net *"_ivl_138", 22 0, L_0x56515f4efa30;  1 drivers
v0x56515f39e350_0 .net *"_ivl_140", 6 0, L_0x56515f4efad0;  1 drivers
L_0x7fa17a247d58 .functor BUFT 1, C4<00>, C4<0>, C4<0>, C4<0>;
v0x56515f3cb510_0 .net *"_ivl_143", 1 0, L_0x7fa17a247d58;  1 drivers
v0x56515f3cb5f0_0 .net *"_ivl_144", 0 0, L_0x56515f4efe00;  1 drivers
v0x56515f3cc1f0_0 .net *"_ivl_148", 3 0, L_0x56515f4f0070;  1 drivers
v0x56515f3cc2d0_0 .net *"_ivl_150", 6 0, L_0x56515f4efc30;  1 drivers
L_0x7fa17a247da0 .functor BUFT 1, C4<00>, C4<0>, C4<0>, C4<0>;
v0x56515f3ce020_0 .net *"_ivl_153", 1 0, L_0x7fa17a247da0;  1 drivers
v0x56515f3ce100_0 .net *"_ivl_155", 0 0, L_0x56515f4f02a0;  1 drivers
v0x56515f3d0d60_0 .net *"_ivl_156", 22 0, L_0x56515f4f0110;  1 drivers
v0x56515f3d0e40_0 .net *"_ivl_158", 6 0, L_0x56515f4f01b0;  1 drivers
v0x56515f3c8070_0 .net *"_ivl_16", 3 0, L_0x56515f4ec7a0;  1 drivers
L_0x7fa17a247de8 .functor BUFT 1, C4<00>, C4<0>, C4<0>, C4<0>;
v0x56515f3c8150_0 .net *"_ivl_161", 1 0, L_0x7fa17a247de8;  1 drivers
v0x56515f3bdaa0_0 .net *"_ivl_162", 0 0, L_0x56515f4f0540;  1 drivers
v0x56515f3bdb60_0 .net *"_ivl_166", 3 0, L_0x56515f4f0780;  1 drivers
v0x56515f3c0970_0 .net *"_ivl_168", 6 0, L_0x56515f4f0340;  1 drivers
L_0x7fa17a247e30 .functor BUFT 1, C4<00>, C4<0>, C4<0>, C4<0>;
v0x56515f391b60_0 .net *"_ivl_171", 1 0, L_0x7fa17a247e30;  1 drivers
v0x56515f391c40_0 .net *"_ivl_173", 0 0, L_0x56515f4f0af0;  1 drivers
v0x56515f3922f0_0 .net *"_ivl_174", 22 0, L_0x56515f4f0820;  1 drivers
v0x56515f3923d0_0 .net *"_ivl_176", 6 0, L_0x56515f4f08c0;  1 drivers
L_0x7fa17a247e78 .functor BUFT 1, C4<00>, C4<0>, C4<0>, C4<0>;
v0x56515f394340_0 .net *"_ivl_179", 1 0, L_0x7fa17a247e78;  1 drivers
v0x56515f394420_0 .net *"_ivl_18", 6 0, L_0x56515f4ec840;  1 drivers
v0x56515f3d5220_0 .net *"_ivl_180", 0 0, L_0x56515f4f0d70;  1 drivers
v0x56515f3d52e0_0 .net *"_ivl_185", 0 0, L_0x56515f4f0000;  1 drivers
v0x56515f38d810_0 .net *"_ivl_187", 0 0, L_0x56515f4f1090;  1 drivers
L_0x7fa17a247ec0 .functor BUFT 1, C4<11>, C4<0>, C4<0>, C4<0>;
v0x56515f38d8d0_0 .net/2u *"_ivl_190", 1 0, L_0x7fa17a247ec0;  1 drivers
L_0x7fa17a247f08 .functor BUFT 1, C4<10>, C4<0>, C4<0>, C4<0>;
v0x56515f38fc20_0 .net/2u *"_ivl_192", 1 0, L_0x7fa17a247f08;  1 drivers
L_0x7fa17a247f50 .functor BUFT 1, C4<01>, C4<0>, C4<0>, C4<0>;
v0x56515f38fd00_0 .net/2u *"_ivl_194", 1 0, L_0x7fa17a247f50;  1 drivers
L_0x7fa17a247f98 .functor BUFT 1, C4<00>, C4<0>, C4<0>, C4<0>;
v0x56515f3e1e70_0 .net/2u *"_ivl_196", 1 0, L_0x7fa17a247f98;  1 drivers
v0x56515f3e1f50_0 .net *"_ivl_198", 1 0, L_0x56515f4f12d0;  1 drivers
L_0x7fa17a247968 .functor BUFT 1, C4<0000000000000000000000000001>, C4<0>, C4<0>, C4<0>;
v0x56515f3edfa0_0 .net/2u *"_ivl_2", 27 0, L_0x7fa17a247968;  1 drivers
v0x56515f3ee080_0 .net *"_ivl_200", 1 0, L_0x56515f4f0c30;  1 drivers
v0x56515f3ef4b0_0 .net *"_ivl_205", 0 0, L_0x56515f4f13c0;  1 drivers
v0x56515f3ef570_0 .net *"_ivl_207", 0 0, L_0x56515f4f1800;  1 drivers
L_0x7fa17a2479f8 .functor BUFT 1, C4<00>, C4<0>, C4<0>, C4<0>;
v0x56515f3f0980_0 .net *"_ivl_21", 1 0, L_0x7fa17a2479f8;  1 drivers
v0x56515f3f0a60_0 .net *"_ivl_210", 31 0, L_0x56515f4f1940;  1 drivers
v0x56515f3f1e90_0 .net *"_ivl_212", 9 0, L_0x56515f4f1600;  1 drivers
L_0x7fa17a247fe0 .functor BUFT 1, C4<00000>, C4<0>, C4<0>, C4<0>;
v0x56515f3f1f70_0 .net *"_ivl_215", 4 0, L_0x7fa17a247fe0;  1 drivers
v0x56515f3f33c0_0 .net *"_ivl_216", 11 0, L_0x56515f4f16f0;  1 drivers
L_0x7fa17a248028 .functor BUFT 1, C4<00>, C4<0>, C4<0>, C4<0>;
v0x56515f3f48d0_0 .net *"_ivl_219", 1 0, L_0x7fa17a248028;  1 drivers
L_0x7fa17a248070 .functor BUFT 1, C4<000000000100>, C4<0>, C4<0>, C4<0>;
v0x56515f3f49b0_0 .net/2u *"_ivl_220", 11 0, L_0x7fa17a248070;  1 drivers
v0x56515f3e33e0_0 .net *"_ivl_223", 11 0, L_0x56515f4f1c50;  1 drivers
v0x56515f3e34c0_0 .net *"_ivl_224", 3 0, L_0x56515f4f1d90;  1 drivers
L_0x7fa17a2480b8 .functor BUFT 1, C4<00>, C4<0>, C4<0>, C4<0>;
v0x56515f400bc0_0 .net *"_ivl_227", 1 0, L_0x7fa17a2480b8;  1 drivers
v0x56515f400ca0_0 .net *"_ivl_23", 0 0, L_0x56515f4ec9d0;  1 drivers
L_0x7fa17a248100 .functor BUFT 1, C4<0>, C4<0>, C4<0>, C4<0>;
v0x56515f401b80_0 .net *"_ivl_230", 0 0, L_0x7fa17a248100;  1 drivers
v0x56515f401c60_0 .net *"_ivl_231", 12 0, L_0x56515f4f1a30;  1 drivers
L_0x7fa17a248148 .functor BUFT 1, C4<000000000>, C4<0>, C4<0>, C4<0>;
v0x56515f403ae0_0 .net *"_ivl_234", 8 0, L_0x7fa17a248148;  1 drivers
v0x56515f403bc0_0 .net *"_ivl_235", 12 0, L_0x56515f4f2060;  1 drivers
v0x56515f3e4a00_0 .net *"_ivl_236", 12 0, L_0x56515f4f1e80;  1 drivers
v0x56515f3e4ae0_0 .net *"_ivl_24", 22 0, L_0x56515f4ecac0;  1 drivers
v0x56515f3e6020_0 .net *"_ivl_240", 31 0, L_0x56515f4f1430;  1 drivers
v0x56515f3e75e0_0 .net *"_ivl_242", 9 0, L_0x56515f4f2100;  1 drivers
L_0x7fa17a248190 .functor BUFT 1, C4<00000>, C4<0>, C4<0>, C4<0>;
v0x56515f3e76c0_0 .net *"_ivl_245", 4 0, L_0x7fa17a248190;  1 drivers
v0x56515f3e8b60_0 .net *"_ivl_246", 11 0, L_0x56515f4f21f0;  1 drivers
L_0x7fa17a2481d8 .functor BUFT 1, C4<00>, C4<0>, C4<0>, C4<0>;
v0x56515f3e8c40_0 .net *"_ivl_249", 1 0, L_0x7fa17a2481d8;  1 drivers
L_0x7fa17a248220 .functor BUFT 1, C4<000000000100>, C4<0>, C4<0>, C4<0>;
v0x56515f3ea050_0 .net/2u *"_ivl_250", 11 0, L_0x7fa17a248220;  1 drivers
v0x56515f3ea130_0 .net *"_ivl_253", 11 0, L_0x56515f4f26f0;  1 drivers
v0x56515f3eb540_0 .net *"_ivl_254", 3 0, L_0x56515f4f27e0;  1 drivers
L_0x7fa17a248268 .functor BUFT 1, C4<00>, C4<0>, C4<0>, C4<0>;
v0x56515f3eb620_0 .net *"_ivl_257", 1 0, L_0x7fa17a248268;  1 drivers
v0x56515f3eca50_0 .net *"_ivl_26", 6 0, L_0x56515f4ecbc0;  1 drivers
L_0x7fa17a2482b0 .functor BUFT 1, C4<0>, C4<0>, C4<0>, C4<0>;
v0x56515f3ecb30_0 .net *"_ivl_260", 0 0, L_0x7fa17a2482b0;  1 drivers
v0x56515f3dfc30_0 .net *"_ivl_261", 12 0, L_0x56515f4f2490;  1 drivers
L_0x7fa17a2482f8 .functor BUFT 1, C4<000000000>, C4<0>, C4<0>, C4<0>;
v0x56515f3dfd10_0 .net *"_ivl_264", 8 0, L_0x7fa17a2482f8;  1 drivers
v0x56515f44f650_0 .net *"_ivl_265", 12 0, L_0x56515f4f25d0;  1 drivers
v0x56515f44ff70_0 .net *"_ivl_266", 12 0, L_0x56515f4f2b50;  1 drivers
v0x56515f450050_0 .net *"_ivl_270", 31 0, L_0x56515f4f2da0;  1 drivers
v0x56515f40dfa0_0 .net *"_ivl_272", 9 0, L_0x56515f4f2880;  1 drivers
L_0x7fa17a248340 .functor BUFT 1, C4<00000>, C4<0>, C4<0>, C4<0>;
v0x56515f40e080_0 .net *"_ivl_275", 4 0, L_0x7fa17a248340;  1 drivers
v0x56515f4127b0_0 .net *"_ivl_276", 11 0, L_0x56515f4f2970;  1 drivers
L_0x7fa17a248388 .functor BUFT 1, C4<00>, C4<0>, C4<0>, C4<0>;
v0x56515f412890_0 .net *"_ivl_279", 1 0, L_0x7fa17a248388;  1 drivers
L_0x7fa17a2483d0 .functor BUFT 1, C4<000000000100>, C4<0>, C4<0>, C4<0>;
v0x56515f417c30_0 .net/2u *"_ivl_280", 11 0, L_0x7fa17a2483d0;  1 drivers
v0x56515f417d10_0 .net *"_ivl_283", 11 0, L_0x56515f4f30e0;  1 drivers
v0x56515f41c440_0 .net *"_ivl_284", 3 0, L_0x56515f4f3180;  1 drivers
L_0x7fa17a248418 .functor BUFT 1, C4<00>, C4<0>, C4<0>, C4<0>;
v0x56515f41c520_0 .net *"_ivl_287", 1 0, L_0x7fa17a248418;  1 drivers
L_0x7fa17a247a40 .functor BUFT 1, C4<00>, C4<0>, C4<0>, C4<0>;
v0x56515f424210_0 .net *"_ivl_29", 1 0, L_0x7fa17a247a40;  1 drivers
L_0x7fa17a248460 .functor BUFT 1, C4<0>, C4<0>, C4<0>, C4<0>;
v0x56515f4242f0_0 .net *"_ivl_290", 0 0, L_0x7fa17a248460;  1 drivers
v0x56515f409700_0 .net *"_ivl_291", 12 0, L_0x56515f4f2e90;  1 drivers
L_0x7fa17a2484a8 .functor BUFT 1, C4<000000000>, C4<0>, C4<0>, C4<0>;
v0x56515f41fc20_0 .net *"_ivl_294", 8 0, L_0x7fa17a2484a8;  1 drivers
v0x56515f41fd00_0 .net *"_ivl_295", 12 0, L_0x56515f4f2fd0;  1 drivers
v0x56515f421e00_0 .net *"_ivl_296", 12 0, L_0x56515f4f3270;  1 drivers
v0x56515f421ee0_0 .net *"_ivl_30", 0 0, L_0x56515f4eccb0;  1 drivers
v0x56515f4271e0_0 .net *"_ivl_300", 31 0, L_0x56515f4f23e0;  1 drivers
v0x56515f4272c0_0 .net *"_ivl_302", 9 0, L_0x56515f4f3ce0;  1 drivers
L_0x7fa17a2484f0 .functor BUFT 1, C4<00000>, C4<0>, C4<0>, C4<0>;
v0x56515f429110_0 .net *"_ivl_305", 4 0, L_0x7fa17a2484f0;  1 drivers
v0x56515f4291f0_0 .net *"_ivl_306", 11 0, L_0x56515f4f3dd0;  1 drivers
L_0x7fa17a248538 .functor BUFT 1, C4<00>, C4<0>, C4<0>, C4<0>;
v0x56515f2c0930_0 .net *"_ivl_309", 1 0, L_0x7fa17a248538;  1 drivers
L_0x7fa17a248580 .functor BUFT 1, C4<000000000100>, C4<0>, C4<0>, C4<0>;
v0x56515f2c0a10_0 .net/2u *"_ivl_310", 11 0, L_0x7fa17a248580;  1 drivers
v0x56515f2b4e40_0 .net *"_ivl_313", 11 0, L_0x56515f4f4340;  1 drivers
v0x56515f2b4f20_0 .net *"_ivl_314", 3 0, L_0x56515f4f4430;  1 drivers
L_0x7fa17a2485c8 .functor BUFT 1, C4<00>, C4<0>, C4<0>, C4<0>;
v0x56515f2b52a0_0 .net *"_ivl_317", 1 0, L_0x7fa17a2485c8;  1 drivers
L_0x7fa17a248610 .functor BUFT 1, C4<0>, C4<0>, C4<0>, C4<0>;
v0x56515f2b5380_0 .net *"_ivl_320", 0 0, L_0x7fa17a248610;  1 drivers
v0x56515f2cb8c0_0 .net *"_ivl_321", 12 0, L_0x56515f4f40b0;  1 drivers
L_0x7fa17a248658 .functor BUFT 1, C4<000000000>, C4<0>, C4<0>, C4<0>;
v0x56515f2de3e0_0 .net *"_ivl_324", 8 0, L_0x7fa17a248658;  1 drivers
v0x56515f2de4c0_0 .net *"_ivl_325", 12 0, L_0x56515f4f41f0;  1 drivers
v0x56515f2e2df0_0 .net *"_ivl_326", 12 0, L_0x56515f4f47d0;  1 drivers
v0x56515f2e2ed0_0 .net *"_ivl_331", 0 0, L_0x56515f4f4a20;  1 drivers
v0x56515f2e3c50_0 .net *"_ivl_333", 7 0, L_0x56515f4f44d0;  1 drivers
L_0x7fa17a2486a0 .functor BUFT 1, C4<00000000>, C4<0>, C4<0>, C4<0>;
v0x56515f2e3d30_0 .net/2u *"_ivl_334", 7 0, L_0x7fa17a2486a0;  1 drivers
v0x56515f2e48f0_0 .net *"_ivl_336", 7 0, L_0x56515f4f4570;  1 drivers
v0x56515f2e49d0_0 .net *"_ivl_339", 0 0, L_0x56515f4f4700;  1 drivers
v0x56515f2e5200_0 .net *"_ivl_34", 3 0, L_0x56515f4eceb0;  1 drivers
v0x56515f2e52e0_0 .net *"_ivl_341", 7 0, L_0x56515f4f4e70;  1 drivers
L_0x7fa17a2486e8 .functor BUFT 1, C4<00000000>, C4<0>, C4<0>, C4<0>;
v0x56515f2e5980_0 .net/2u *"_ivl_342", 7 0, L_0x7fa17a2486e8;  1 drivers
v0x56515f2e5a60_0 .net *"_ivl_344", 7 0, L_0x56515f4f4ac0;  1 drivers
v0x56515f2f34b0_0 .net *"_ivl_347", 0 0, L_0x56515f4f4c50;  1 drivers
v0x56515f2f7770_0 .net *"_ivl_349", 7 0, L_0x56515f4f4cf0;  1 drivers
L_0x7fa17a248730 .functor BUFT 1, C4<00000000>, C4<0>, C4<0>, C4<0>;
v0x56515f2f7850_0 .net/2u *"_ivl_350", 7 0, L_0x7fa17a248730;  1 drivers
v0x56515f2f85e0_0 .net *"_ivl_352", 7 0, L_0x56515f4f5250;  1 drivers
v0x56515f2f86c0_0 .net *"_ivl_355", 0 0, L_0x56515f4f4fb0;  1 drivers
v0x56515f4522f0_0 .net *"_ivl_357", 7 0, L_0x56515f4f5050;  1 drivers
L_0x7fa17a248778 .functor BUFT 1, C4<00000000>, C4<0>, C4<0>, C4<0>;
v0x56515f4523d0_0 .net/2u *"_ivl_358", 7 0, L_0x7fa17a248778;  1 drivers
v0x56515f452730_0 .net *"_ivl_36", 6 0, L_0x56515f4ecf50;  1 drivers
v0x56515f452810_0 .net *"_ivl_360", 7 0, L_0x56515f4f5180;  1 drivers
v0x56515f317630_0 .net *"_ivl_365", 0 0, L_0x56515f4f52f0;  1 drivers
v0x56515f317710_0 .net *"_ivl_367", 7 0, L_0x56515f4f5390;  1 drivers
v0x56515f317a70_0 .net *"_ivl_369", 7 0, L_0x56515f4f5430;  1 drivers
v0x56515f317b50_0 .net *"_ivl_370", 7 0, L_0x56515f4f54d0;  1 drivers
v0x56515f383280_0 .net *"_ivl_373", 0 0, L_0x56515f4f5cb0;  1 drivers
v0x56515f383fd0_0 .net *"_ivl_375", 7 0, L_0x56515f4f5e60;  1 drivers
v0x56515f3840b0_0 .net *"_ivl_377", 7 0, L_0x56515f4f58d0;  1 drivers
v0x56515f4463a0_0 .net *"_ivl_378", 7 0, L_0x56515f4f5970;  1 drivers
v0x56515f446480_0 .net *"_ivl_381", 0 0, L_0x56515f4f5ab0;  1 drivers
v0x56515f447bd0_0 .net *"_ivl_383", 7 0, L_0x56515f4f5b50;  1 drivers
v0x56515f447cb0_0 .net *"_ivl_385", 7 0, L_0x56515f4f62c0;  1 drivers
v0x56515f2936f0_0 .net *"_ivl_386", 7 0, L_0x56515f4f6360;  1 drivers
v0x56515f2937d0_0 .net *"_ivl_389", 0 0, L_0x56515f4f5fa0;  1 drivers
L_0x7fa17a247a88 .functor BUFT 1, C4<00>, C4<0>, C4<0>, C4<0>;
v0x56515f299e80_0 .net *"_ivl_39", 1 0, L_0x7fa17a247a88;  1 drivers
v0x56515f299f60_0 .net *"_ivl_391", 7 0, L_0x56515f4f6040;  1 drivers
v0x56515f29fa70_0 .net *"_ivl_393", 7 0, L_0x56515f4f60e0;  1 drivers
v0x56515f29fb50_0 .net *"_ivl_394", 7 0, L_0x56515f4f67e0;  1 drivers
L_0x7fa17a2487c0 .functor BUFT 1, C4<00>, C4<0>, C4<0>, C4<0>;
v0x56515f29fdc0_0 .net/2u *"_ivl_400", 1 0, L_0x7fa17a2487c0;  1 drivers
L_0x7fa17a248808 .functor BUFT 1, C4<0000000000000000000000000001>, C4<0>, C4<0>, C4<0>;
v0x56515f326650_0 .net/2u *"_ivl_406", 27 0, L_0x7fa17a248808;  1 drivers
v0x56515f326730_0 .net *"_ivl_41", 0 0, L_0x56515f4ed150;  1 drivers
L_0x7fa17a248850 .functor BUFT 1, C4<0000>, C4<0>, C4<0>, C4<0>;
v0x56515f326d80_0 .net/2u *"_ivl_410", 3 0, L_0x7fa17a248850;  1 drivers
v0x56515f326e60_0 .net *"_ivl_418", 3 0, L_0x56515f4f6e60;  1 drivers
v0x56515f329820_0 .net *"_ivl_42", 22 0, L_0x56515f4ed1f0;  1 drivers
v0x56515f329900_0 .net *"_ivl_420", 6 0, L_0x56515f4f6f00;  1 drivers
L_0x7fa17a248898 .functor BUFT 1, C4<00>, C4<0>, C4<0>, C4<0>;
v0x56515f32ba40_0 .net *"_ivl_423", 1 0, L_0x7fa17a248898;  1 drivers
v0x56515f32bb20_0 .net *"_ivl_425", 0 0, L_0x56515f4f7090;  1 drivers
v0x56515f32dc60_0 .net *"_ivl_426", 22 0, L_0x56515f4f7180;  1 drivers
v0x56515f32dd40_0 .net *"_ivl_428", 6 0, L_0x56515f4f7770;  1 drivers
L_0x7fa17a2488e0 .functor BUFT 1, C4<00>, C4<0>, C4<0>, C4<0>;
v0x56515f32fe80_0 .net *"_ivl_431", 1 0, L_0x7fa17a2488e0;  1 drivers
v0x56515f32ff60_0 .net *"_ivl_432", 0 0, L_0x56515f4f7860;  1 drivers
v0x56515f3309d0_0 .net *"_ivl_436", 3 0, L_0x56515f4f7490;  1 drivers
v0x56515f330a90_0 .net *"_ivl_438", 6 0, L_0x56515f4f7530;  1 drivers
v0x56515f332fd0_0 .net *"_ivl_44", 6 0, L_0x56515f4ed320;  1 drivers
L_0x7fa17a248928 .functor BUFT 1, C4<00>, C4<0>, C4<0>, C4<0>;
v0x56515f333090_0 .net *"_ivl_441", 1 0, L_0x7fa17a248928;  1 drivers
v0x56515f31e170_0 .net *"_ivl_443", 0 0, L_0x56515f4f7620;  1 drivers
v0x56515f31e230_0 .net *"_ivl_444", 22 0, L_0x56515f4f3f60;  1 drivers
v0x56515f34e850_0 .net *"_ivl_446", 6 0, L_0x56515f4f7e20;  1 drivers
L_0x7fa17a248970 .functor BUFT 1, C4<00>, C4<0>, C4<0>, C4<0>;
v0x56515f34e910_0 .net *"_ivl_449", 1 0, L_0x7fa17a248970;  1 drivers
v0x56515f350a70_0 .net *"_ivl_450", 0 0, L_0x56515f4f7ec0;  1 drivers
v0x56515f350b10_0 .net *"_ivl_454", 3 0, L_0x56515f4f7ab0;  1 drivers
v0x56515f352c90_0 .net *"_ivl_456", 6 0, L_0x56515f4f7b50;  1 drivers
L_0x7fa17a2489b8 .functor BUFT 1, C4<00>, C4<0>, C4<0>, C4<0>;
v0x56515f352d70_0 .net *"_ivl_459", 1 0, L_0x7fa17a2489b8;  1 drivers
v0x56515f354eb0_0 .net *"_ivl_461", 0 0, L_0x56515f4f7c90;  1 drivers
v0x56515f354f90_0 .net *"_ivl_462", 22 0, L_0x56515f4f7d80;  1 drivers
v0x56515f355a00_0 .net *"_ivl_464", 6 0, L_0x56515f4f8460;  1 drivers
L_0x7fa17a248a00 .functor BUFT 1, C4<00>, C4<0>, C4<0>, C4<0>;
v0x56515f355ae0_0 .net *"_ivl_467", 1 0, L_0x7fa17a248a00;  1 drivers
v0x56515f357030_0 .net *"_ivl_468", 0 0, L_0x56515f4f85a0;  1 drivers
L_0x7fa17a247ad0 .functor BUFT 1, C4<00>, C4<0>, C4<0>, C4<0>;
v0x56515f3570f0_0 .net *"_ivl_47", 1 0, L_0x7fa17a247ad0;  1 drivers
v0x56515f320390_0 .net *"_ivl_472", 3 0, L_0x56515f4f8150;  1 drivers
v0x56515f320450_0 .net *"_ivl_474", 6 0, L_0x56515f4f81f0;  1 drivers
L_0x7fa17a248a48 .functor BUFT 1, C4<00>, C4<0>, C4<0>, C4<0>;
v0x56515f357c40_0 .net *"_ivl_477", 1 0, L_0x7fa17a248a48;  1 drivers
v0x56515f357d00_0 .net *"_ivl_479", 0 0, L_0x56515f4f73c0;  1 drivers
v0x56515f35c4a0_0 .net *"_ivl_48", 0 0, L_0x56515f4ed410;  1 drivers
v0x56515f35c540_0 .net *"_ivl_480", 22 0, L_0x56515f4f8c40;  1 drivers
v0x56515f35db90_0 .net *"_ivl_482", 6 0, L_0x56515f4f8720;  1 drivers
L_0x7fa17a248a90 .functor BUFT 1, C4<00>, C4<0>, C4<0>, C4<0>;
v0x56515f35dc70_0 .net *"_ivl_485", 1 0, L_0x7fa17a248a90;  1 drivers
v0x56515f3225b0_0 .net *"_ivl_486", 0 0, L_0x56515f4f8860;  1 drivers
v0x56515f322670_0 .net *"_ivl_491", 0 0, L_0x56515f4f8a60;  1 drivers
v0x56515f3247d0_0 .net *"_ivl_493", 0 0, L_0x56515f4f8b70;  1 drivers
v0x56515f324890_0 .net *"_ivl_497", 0 0, L_0x56515f4f91d0;  1 drivers
L_0x7fa17a248ad8 .functor BUFT 1, C4<11>, C4<0>, C4<0>, C4<0>;
v0x56515f325320_0 .net/2u *"_ivl_498", 1 0, L_0x7fa17a248ad8;  1 drivers
v0x56515f325400_0 .net *"_ivl_500", 0 0, L_0x56515f4f94d0;  1 drivers
v0x56515f325a80_0 .net *"_ivl_503", 0 0, L_0x56515f4f8ce0;  1 drivers
v0x56515f325b20_0 .net *"_ivl_505", 0 0, L_0x56515f4f8df0;  1 drivers
L_0x7fa17a248b20 .functor BUFT 1, C4<00>, C4<0>, C4<0>, C4<0>;
v0x56515f3986d0_0 .net/2u *"_ivl_508", 1 0, L_0x7fa17a248b20;  1 drivers
v0x56515f3987b0_0 .net *"_ivl_510", 0 0, L_0x56515f4f9100;  1 drivers
L_0x7fa17a248b68 .functor BUFT 1, C4<01>, C4<0>, C4<0>, C4<0>;
v0x56515f3d2f90_0 .net/2u *"_ivl_514", 1 0, L_0x7fa17a248b68;  1 drivers
v0x56515f3d3050_0 .net *"_ivl_516", 0 0, L_0x56515f4f9bc0;  1 drivers
L_0x7fa17a248bb0 .functor BUFT 1, C4<10>, C4<0>, C4<0>, C4<0>;
v0x56515f3f6890_0 .net/2u *"_ivl_518", 1 0, L_0x7fa17a248bb0;  1 drivers
v0x56515f3f6970_0 .net *"_ivl_52", 3 0, L_0x56515f4ed640;  1 drivers
v0x56515f449a00_0 .net *"_ivl_520", 0 0, L_0x56515f4f9d00;  1 drivers
L_0x7fa17a248bf8 .functor BUFT 1, C4<11>, C4<0>, C4<0>, C4<0>;
v0x56515f449ac0_0 .net/2u *"_ivl_522", 1 0, L_0x7fa17a248bf8;  1 drivers
v0x56515f44b600_0 .net *"_ivl_524", 0 0, L_0x56515f4f95c0;  1 drivers
v0x56515f44b6a0_0 .net *"_ivl_526", 31 0, L_0x56515f4f9660;  1 drivers
v0x56515f44d230_0 .net *"_ivl_528", 31 0, L_0x56515f4f97a0;  1 drivers
L_0x7fa17a248c40 .functor BUFT 1, C4<01>, C4<0>, C4<0>, C4<0>;
v0x56515f44d310_0 .net/2u *"_ivl_532", 1 0, L_0x7fa17a248c40;  1 drivers
v0x56515f44ee00_0 .net *"_ivl_534", 0 0, L_0x56515f4fa330;  1 drivers
L_0x7fa17a248c88 .functor BUFT 1, C4<11>, C4<0>, C4<0>, C4<0>;
v0x56515f44eec0_0 .net/2u *"_ivl_536", 1 0, L_0x7fa17a248c88;  1 drivers
v0x56515f436090_0 .net *"_ivl_538", 0 0, L_0x56515f4fa3d0;  1 drivers
v0x56515f436130_0 .net *"_ivl_54", 6 0, L_0x56515f4ed6e0;  1 drivers
v0x56515f42c230_0 .net *"_ivl_541", 0 0, L_0x56515f4f9df0;  1 drivers
L_0x7fa17a248cd0 .functor BUFT 1, C4<00000000000000000000000000000100>, C4<0>, C4<0>, C4<0>;
v0x56515f42c2f0_0 .net/2u *"_ivl_542", 31 0, L_0x7fa17a248cd0;  1 drivers
v0x56515f42de60_0 .net *"_ivl_544", 0 0, L_0x56515f4fa020;  1 drivers
v0x56515f42df00_0 .net *"_ivl_547", 0 0, L_0x56515f4fa110;  1 drivers
v0x56515f42fa60_0 .net *"_ivl_551", 0 0, L_0x56515f4f8ff0;  1 drivers
v0x56515f42fb20_0 .net *"_ivl_553", 0 0, L_0x56515f4f9f00;  1 drivers
L_0x7fa17a248d18 .functor BUFT 1, C4<10>, C4<0>, C4<0>, C4<0>;
v0x56515f431660_0 .net/2u *"_ivl_554", 1 0, L_0x7fa17a248d18;  1 drivers
v0x56515f431740_0 .net *"_ivl_556", 0 0, L_0x56515f4f9f70;  1 drivers
v0x56515f433a50_0 .net *"_ivl_559", 0 0, L_0x56515f4fa4c0;  1 drivers
v0x56515f433af0_0 .net *"_ivl_563", 0 0, L_0x56515f4fa830;  1 drivers
L_0x7fa17a248d60 .functor BUFT 1, C4<00000000000000000000000000000000>, C4<0>, C4<0>, C4<0>;
v0x56515f434950_0 .net/2u *"_ivl_566", 31 0, L_0x7fa17a248d60;  1 drivers
v0x56515f434a30_0 .net *"_ivl_568", 31 0, L_0x56515f4faa70;  1 drivers
L_0x7fa17a247b18 .functor BUFT 1, C4<00>, C4<0>, C4<0>, C4<0>;
v0x56515f4350f0_0 .net *"_ivl_57", 1 0, L_0x7fa17a247b18;  1 drivers
v0x56515f4351d0_0 .net *"_ivl_59", 0 0, L_0x56515f4ed880;  1 drivers
L_0x7fa17a2479b0 .functor BUFT 1, C4<0000>, C4<0>, C4<0>, C4<0>;
v0x56515f4354e0_0 .net/2u *"_ivl_6", 3 0, L_0x7fa17a2479b0;  1 drivers
v0x56515f4355c0_0 .net *"_ivl_60", 22 0, L_0x56515f4ed920;  1 drivers
v0x56515f2bfb30_0 .net *"_ivl_62", 6 0, L_0x56515f4ed7d0;  1 drivers
L_0x7fa17a247b60 .functor BUFT 1, C4<00>, C4<0>, C4<0>, C4<0>;
v0x56515f2bfc10_0 .net *"_ivl_65", 1 0, L_0x7fa17a247b60;  1 drivers
v0x56515f2c0260_0 .net *"_ivl_66", 0 0, L_0x56515f4edb20;  1 drivers
v0x56515f2c0320_0 .net *"_ivl_70", 3 0, L_0x56515f4edd70;  1 drivers
v0x56515f2c2d00_0 .net *"_ivl_72", 6 0, L_0x56515f4ede10;  1 drivers
L_0x7fa17a247ba8 .functor BUFT 1, C4<00>, C4<0>, C4<0>, C4<0>;
v0x56515f2c2dc0_0 .net *"_ivl_75", 1 0, L_0x7fa17a247ba8;  1 drivers
v0x56515f2c4f20_0 .net *"_ivl_77", 0 0, L_0x56515f4ee0f0;  1 drivers
v0x56515f2c4fe0_0 .net *"_ivl_78", 22 0, L_0x56515f4ee190;  1 drivers
v0x56515f2c7140_0 .net *"_ivl_80", 6 0, L_0x56515f4ee010;  1 drivers
L_0x7fa17a247bf0 .functor BUFT 1, C4<00>, C4<0>, C4<0>, C4<0>;
v0x56515f2c7200_0 .net *"_ivl_83", 1 0, L_0x7fa17a247bf0;  1 drivers
v0x56515f2c9360_0 .net *"_ivl_84", 0 0, L_0x56515f4ee3c0;  1 drivers
v0x56515f2c9400_0 .net *"_ivl_89", 0 0, L_0x56515f4ee600;  1 drivers
v0x56515f2c9eb0_0 .net *"_ivl_91", 0 0, L_0x56515f4ee710;  1 drivers
v0x56515f2c9f70_0 .net *"_ivl_95", 0 0, L_0x56515f4ee930;  1 drivers
L_0x7fa17a247c38 .functor BUFT 1, C4<11>, C4<0>, C4<0>, C4<0>;
v0x56515f2cc4b0_0 .net/2u *"_ivl_98", 1 0, L_0x7fa17a247c38;  1 drivers
v0x56515f2cc590_0 .var "cache_read_data", 31 0;
v0x56515f2b7650 .array "datas0", 127 0, 31 0;
v0x56515f2b7710 .array "datas1", 127 0, 31 0;
v0x56515f2e7d30 .array "datas2", 127 0, 31 0;
v0x56515f2e7df0 .array "datas3", 127 0, 31 0;
v0x56515f2e9f50_0 .var "fill_word", 31 0;
v0x56515f2ea030_0 .net "hit", 0 0, L_0x56515f4f0f70;  1 drivers
v0x56515f2ec170_0 .net "hit_way", 1 0, L_0x56515f4f1560;  1 drivers
v0x56515f2ec230_0 .net "hit_write_word", 31 0, L_0x56515f4f64f0;  1 drivers
v0x56515f2ee390_0 .net "i_clk", 0 0, v0x56515f4c80f0_0;  alias, 1 drivers
v0x56515f2ee430_0 .net "i_mem_rdata", 31 0, L_0x56515f4dcd40;  alias, 1 drivers
v0x56515f2eeee0_0 .net "i_mem_ready", 0 0, L_0x56515f4dd0f0;  alias, 1 drivers
v0x56515f2eefb0_0 .net "i_mem_valid", 0 0, L_0x56515f4dcf20;  alias, 1 drivers
v0x56515f2f0510_0 .net "i_req_addr", 31 0, L_0x56515f5140d0;  alias, 1 drivers
v0x56515f2f05b0_0 .net "i_req_mask", 3 0, L_0x56515f514e40;  alias, 1 drivers
v0x56515f2b9870_0 .net "i_req_ren", 0 0, L_0x56515f4fb5f0;  alias, 1 drivers
v0x56515f2b9930_0 .net "i_req_wdata", 31 0, L_0x56515f516c90;  alias, 1 drivers
v0x56515f2f1120_0 .net "i_req_wen", 0 0, L_0x56515f4fb740;  alias, 1 drivers
v0x56515f2f11c0_0 .net "i_rst", 0 0, v0x56515f4c9b20_0;  alias, 1 drivers
v0x56515f2f5980_0 .net "masked_read_data", 31 0, L_0x56515f4f56f0;  1 drivers
v0x56515f2f5a40_0 .net "mem_req_addr", 31 0, L_0x56515f4f66d0;  1 drivers
v0x56515f2f7070_0 .var "mem_req_offset", 3 0;
v0x56515f2f7130_0 .net "miss", 0 0, L_0x56515f4f14d0;  1 drivers
v0x56515f2bba90_0 .net "miss_line_addr", 27 0, L_0x56515f4f6dc0;  1 drivers
v0x56515f2bbb70_0 .net "miss_prefetch_addr", 31 0, L_0x56515f4f6a30;  1 drivers
v0x56515f2bdcb0_0 .net "miss_prefetch_hit", 0 0, L_0x56515f4f92c0;  1 drivers
v0x56515f2bdd70_0 .net "miss_prefetch_line_addr", 27 0, L_0x56515f4f6880;  1 drivers
v0x56515f2be800_0 .net "miss_prefetch_set", 4 0, L_0x56515f4f7280;  1 drivers
v0x56515f2be8c0_0 .net "miss_prefetch_tag", 22 0, L_0x56515f4f6b70;  1 drivers
v0x56515f2bef60_0 .net "miss_prefetch_way0_match", 0 0, L_0x56515f4f6920;  1 drivers
v0x56515f2bf000_0 .net "miss_prefetch_way1_match", 0 0, L_0x56515f4f79a0;  1 drivers
v0x56515f37fce0_0 .net "miss_prefetch_way2_match", 0 0, L_0x56515f4f7fb0;  1 drivers
v0x56515f37fda0_0 .net "miss_prefetch_way3_match", 0 0, L_0x56515f4f8950;  1 drivers
v0x56515f380130_0 .var "miss_set", 4 0;
v0x56515f380210_0 .net "miss_should_start_prefetch", 0 0, L_0x56515f4f8ee0;  1 drivers
v0x56515f381c40_0 .var "miss_tag", 22 0;
v0x56515f381d00_0 .var "miss_way", 1 0;
v0x56515f4509d0_0 .var "miss_write", 0 0;
v0x56515f450a70_0 .var "miss_write_data", 31 0;
v0x56515f29aa80_0 .var "miss_write_mask", 3 0;
v0x56515f29ab60_0 .var "miss_write_word_data", 31 0;
v0x56515f2ac4c0_0 .var "miss_write_word_off", 1 0;
v0x56515f2ac5a0_0 .net "o_busy", 0 0, L_0x56515f4f9420;  alias, 1 drivers
v0x56515f3365f0_0 .net "o_mem_addr", 31 0, L_0x56515f4f9930;  alias, 1 drivers
v0x56515f3366d0_0 .net "o_mem_ren", 0 0, L_0x56515f4fa220;  alias, 1 drivers
v0x56515f339bc0_0 .net "o_mem_wdata", 31 0, L_0x56515f4fa930;  alias, 1 drivers
v0x56515f339ca0_0 .net "o_mem_wen", 0 0, L_0x56515f4fa580;  alias, 1 drivers
v0x56515f33d190_0 .net "o_res_rdata", 31 0, L_0x56515f4fb110;  alias, 1 drivers
v0x56515f33d270 .array "plru", 0 31, 2 0;
v0x56515f340760_0 .net "prefetch_addr", 31 0, L_0x56515f4ec3a0;  1 drivers
v0x56515f340840_0 .net "prefetch_hit", 0 0, L_0x56515f4ee820;  1 drivers
v0x56515f31aaa0_0 .net "prefetch_line_addr", 27 0, L_0x56515f4ec1f0;  1 drivers
v0x56515f31ab80_0 .net "prefetch_set", 4 0, L_0x56515f4ec5d0;  1 drivers
v0x56515f31b290_0 .net "prefetch_tag", 22 0, L_0x56515f4ec4e0;  1 drivers
v0x56515f31b370_0 .net "prefetch_way0_match", 0 0, L_0x56515f4ec290;  1 drivers
v0x56515f3c9630_0 .net "prefetch_way1_match", 0 0, L_0x56515f4ed290;  1 drivers
v0x56515f3c96f0_0 .net "prefetch_way2_match", 0 0, L_0x56515f4ed9c0;  1 drivers
v0x56515f405140_0 .net "prefetch_way3_match", 0 0, L_0x56515f4ee230;  1 drivers
v0x56515f405200_0 .net "req_line_addr", 27 0, L_0x56515f4ec150;  1 drivers
v0x56515f2cfad0_0 .net "req_set", 4 0, L_0x56515f4eecc0;  1 drivers
v0x56515f2cfbb0_0 .net "req_tag", 22 0, L_0x56515f4ef080;  1 drivers
v0x56515f2d30a0_0 .net "req_word_off", 1 0, L_0x56515f4ec670;  1 drivers
v0x56515f2d3160_0 .net "request_is_prefetch_point", 0 0, L_0x56515f4ee4b0;  1 drivers
v0x56515f2d6670_0 .net "request_is_read", 0 0, L_0x56515f4eea20;  1 drivers
v0x56515f2d6730_0 .var "serviced_a_miss", 0 0;
v0x56515f2d9c40_0 .var "serviced_data", 31 0;
v0x56515f2d9d20_0 .net "should_start_prefetch", 0 0, L_0x56515f4eef10;  1 drivers
v0x56515f2b3ff0_0 .var "state", 1 0;
v0x56515f2b40d0 .array "tags0", 0 31, 22 0;
v0x56515f2b4770 .array "tags1", 0 31, 22 0;
v0x56515f2b4830 .array "tags2", 0 31, 22 0;
v0x56515f294160 .array "tags3", 0 31, 22 0;
v0x56515f294220 .array "valid", 0 31, 3 0;
v0x56515f294910_0 .net "way0_data", 31 0, L_0x56515f4f1f20;  1 drivers
v0x56515f2949f0_0 .net "way0_match", 0 0, L_0x56515f4ef880;  1 drivers
v0x56515f295030_0 .net "way1_data", 31 0, L_0x56515f4f2bf0;  1 drivers
v0x56515f295110_0 .net "way1_match", 0 0, L_0x56515f4efef0;  1 drivers
v0x56515f2957e0_0 .net "way2_data", 31 0, L_0x56515f4f3310;  1 drivers
v0x56515f2958c0_0 .net "way2_match", 0 0, L_0x56515f4f06c0;  1 drivers
v0x56515f295f90_0 .net "way3_data", 31 0, L_0x56515f4f4870;  1 drivers
v0x56515f296070_0 .net "way3_match", 0 0, L_0x56515f4f0e60;  1 drivers
v0x56515f296740_0 .var "words_filled", 31 0;
v0x56515f296820_0 .var "words_requested", 31 0;
v0x56515f106450_0 .net "writeback_addr", 31 0, L_0x56515f4f6c80;  1 drivers
E_0x56515f184110/0 .event anyedge, v0x56515f2ec170_0, v0x56515f294910_0, v0x56515f295030_0, v0x56515f2957e0_0;
E_0x56515f184110/1 .event anyedge, v0x56515f295f90_0;
E_0x56515f184110 .event/or E_0x56515f184110/0, E_0x56515f184110/1;
L_0x56515f4ec150 .part L_0x56515f5140d0, 4, 28;
L_0x56515f4ec1f0 .arith/sum 28, L_0x56515f4ec150, L_0x7fa17a247968;
L_0x56515f4ec3a0 .concat [ 4 28 0 0], L_0x7fa17a2479b0, L_0x56515f4ec1f0;
L_0x56515f4ec4e0 .part L_0x56515f4ec3a0, 9, 23;
L_0x56515f4ec5d0 .part L_0x56515f4ec3a0, 4, 5;
L_0x56515f4ec670 .part L_0x56515f5140d0, 2, 2;
L_0x56515f4ec7a0 .array/port v0x56515f294220, L_0x56515f4ec840;
L_0x56515f4ec840 .concat [ 5 2 0 0], L_0x56515f4ec5d0, L_0x7fa17a2479f8;
L_0x56515f4ec9d0 .part L_0x56515f4ec7a0, 0, 1;
L_0x56515f4ecac0 .array/port v0x56515f2b40d0, L_0x56515f4ecbc0;
L_0x56515f4ecbc0 .concat [ 5 2 0 0], L_0x56515f4ec5d0, L_0x7fa17a247a40;
L_0x56515f4eccb0 .cmp/eq 23, L_0x56515f4ecac0, L_0x56515f4ec4e0;
L_0x56515f4eceb0 .array/port v0x56515f294220, L_0x56515f4ecf50;
L_0x56515f4ecf50 .concat [ 5 2 0 0], L_0x56515f4ec5d0, L_0x7fa17a247a88;
L_0x56515f4ed150 .part L_0x56515f4eceb0, 1, 1;
L_0x56515f4ed1f0 .array/port v0x56515f2b4770, L_0x56515f4ed320;
L_0x56515f4ed320 .concat [ 5 2 0 0], L_0x56515f4ec5d0, L_0x7fa17a247ad0;
L_0x56515f4ed410 .cmp/eq 23, L_0x56515f4ed1f0, L_0x56515f4ec4e0;
L_0x56515f4ed640 .array/port v0x56515f294220, L_0x56515f4ed6e0;
L_0x56515f4ed6e0 .concat [ 5 2 0 0], L_0x56515f4ec5d0, L_0x7fa17a247b18;
L_0x56515f4ed880 .part L_0x56515f4ed640, 2, 1;
L_0x56515f4ed920 .array/port v0x56515f2b4830, L_0x56515f4ed7d0;
L_0x56515f4ed7d0 .concat [ 5 2 0 0], L_0x56515f4ec5d0, L_0x7fa17a247b60;
L_0x56515f4edb20 .cmp/eq 23, L_0x56515f4ed920, L_0x56515f4ec4e0;
L_0x56515f4edd70 .array/port v0x56515f294220, L_0x56515f4ede10;
L_0x56515f4ede10 .concat [ 5 2 0 0], L_0x56515f4ec5d0, L_0x7fa17a247ba8;
L_0x56515f4ee0f0 .part L_0x56515f4edd70, 3, 1;
L_0x56515f4ee190 .array/port v0x56515f294160, L_0x56515f4ee010;
L_0x56515f4ee010 .concat [ 5 2 0 0], L_0x56515f4ec5d0, L_0x7fa17a247bf0;
L_0x56515f4ee3c0 .cmp/eq 23, L_0x56515f4ee190, L_0x56515f4ec4e0;
L_0x56515f4ee930 .reduce/nor L_0x56515f4fb740;
L_0x56515f4eeb80 .cmp/eq 2, L_0x56515f4ec670, L_0x7fa17a247c38;
L_0x56515f4eee20 .reduce/nor L_0x56515f4ee820;
L_0x56515f4ef080 .part L_0x56515f5140d0, 9, 23;
L_0x56515f4eecc0 .part L_0x56515f5140d0, 4, 5;
L_0x56515f4ef240 .array/port v0x56515f294220, L_0x56515f4ef120;
L_0x56515f4ef120 .concat [ 5 2 0 0], L_0x56515f4eecc0, L_0x7fa17a247c80;
L_0x56515f4ef410 .part L_0x56515f4ef240, 0, 1;
L_0x56515f4ef2e0 .array/port v0x56515f2b40d0, L_0x56515f4ef640;
L_0x56515f4ef640 .concat [ 5 2 0 0], L_0x56515f4eecc0, L_0x7fa17a247cc8;
L_0x56515f4ef550 .cmp/eq 23, L_0x56515f4ef2e0, L_0x56515f4ef080;
L_0x56515f4ef990 .array/port v0x56515f294220, L_0x56515f4ef6e0;
L_0x56515f4ef6e0 .concat [ 5 2 0 0], L_0x56515f4eecc0, L_0x7fa17a247d10;
L_0x56515f4efb90 .part L_0x56515f4ef990, 1, 1;
L_0x56515f4efa30 .array/port v0x56515f2b4770, L_0x56515f4efad0;
L_0x56515f4efad0 .concat [ 5 2 0 0], L_0x56515f4eecc0, L_0x7fa17a247d58;
L_0x56515f4efe00 .cmp/eq 23, L_0x56515f4efa30, L_0x56515f4ef080;
L_0x56515f4f0070 .array/port v0x56515f294220, L_0x56515f4efc30;
L_0x56515f4efc30 .concat [ 5 2 0 0], L_0x56515f4eecc0, L_0x7fa17a247da0;
L_0x56515f4f02a0 .part L_0x56515f4f0070, 2, 1;
L_0x56515f4f0110 .array/port v0x56515f2b4830, L_0x56515f4f01b0;
L_0x56515f4f01b0 .concat [ 5 2 0 0], L_0x56515f4eecc0, L_0x7fa17a247de8;
L_0x56515f4f0540 .cmp/eq 23, L_0x56515f4f0110, L_0x56515f4ef080;
L_0x56515f4f0780 .array/port v0x56515f294220, L_0x56515f4f0340;
L_0x56515f4f0340 .concat [ 5 2 0 0], L_0x56515f4eecc0, L_0x7fa17a247e30;
L_0x56515f4f0af0 .part L_0x56515f4f0780, 3, 1;
L_0x56515f4f0820 .array/port v0x56515f294160, L_0x56515f4f08c0;
L_0x56515f4f08c0 .concat [ 5 2 0 0], L_0x56515f4eecc0, L_0x7fa17a247e78;
L_0x56515f4f0d70 .cmp/eq 23, L_0x56515f4f0820, L_0x56515f4ef080;
L_0x56515f4f12d0 .functor MUXZ 2, L_0x7fa17a247f98, L_0x7fa17a247f50, L_0x56515f4efef0, C4<>;
L_0x56515f4f0c30 .functor MUXZ 2, L_0x56515f4f12d0, L_0x7fa17a247f08, L_0x56515f4f06c0, C4<>;
L_0x56515f4f1560 .functor MUXZ 2, L_0x56515f4f0c30, L_0x7fa17a247ec0, L_0x56515f4f0e60, C4<>;
L_0x56515f4f1800 .reduce/nor L_0x56515f4f0f70;
L_0x56515f4f1940 .array/port v0x56515f2b7650, L_0x56515f4f1e80;
L_0x56515f4f1600 .concat [ 5 5 0 0], L_0x56515f4eecc0, L_0x7fa17a247fe0;
L_0x56515f4f16f0 .concat [ 10 2 0 0], L_0x56515f4f1600, L_0x7fa17a248028;
L_0x56515f4f1c50 .arith/mult 12, L_0x56515f4f16f0, L_0x7fa17a248070;
L_0x56515f4f1d90 .concat [ 2 2 0 0], L_0x56515f4ec670, L_0x7fa17a2480b8;
L_0x56515f4f1a30 .concat [ 12 1 0 0], L_0x56515f4f1c50, L_0x7fa17a248100;
L_0x56515f4f2060 .concat [ 4 9 0 0], L_0x56515f4f1d90, L_0x7fa17a248148;
L_0x56515f4f1e80 .arith/sum 13, L_0x56515f4f1a30, L_0x56515f4f2060;
L_0x56515f4f1430 .array/port v0x56515f2b7710, L_0x56515f4f2b50;
L_0x56515f4f2100 .concat [ 5 5 0 0], L_0x56515f4eecc0, L_0x7fa17a248190;
L_0x56515f4f21f0 .concat [ 10 2 0 0], L_0x56515f4f2100, L_0x7fa17a2481d8;
L_0x56515f4f26f0 .arith/mult 12, L_0x56515f4f21f0, L_0x7fa17a248220;
L_0x56515f4f27e0 .concat [ 2 2 0 0], L_0x56515f4ec670, L_0x7fa17a248268;
L_0x56515f4f2490 .concat [ 12 1 0 0], L_0x56515f4f26f0, L_0x7fa17a2482b0;
L_0x56515f4f25d0 .concat [ 4 9 0 0], L_0x56515f4f27e0, L_0x7fa17a2482f8;
L_0x56515f4f2b50 .arith/sum 13, L_0x56515f4f2490, L_0x56515f4f25d0;
L_0x56515f4f2da0 .array/port v0x56515f2e7d30, L_0x56515f4f3270;
L_0x56515f4f2880 .concat [ 5 5 0 0], L_0x56515f4eecc0, L_0x7fa17a248340;
L_0x56515f4f2970 .concat [ 10 2 0 0], L_0x56515f4f2880, L_0x7fa17a248388;
L_0x56515f4f30e0 .arith/mult 12, L_0x56515f4f2970, L_0x7fa17a2483d0;
L_0x56515f4f3180 .concat [ 2 2 0 0], L_0x56515f4ec670, L_0x7fa17a248418;
L_0x56515f4f2e90 .concat [ 12 1 0 0], L_0x56515f4f30e0, L_0x7fa17a248460;
L_0x56515f4f2fd0 .concat [ 4 9 0 0], L_0x56515f4f3180, L_0x7fa17a2484a8;
L_0x56515f4f3270 .arith/sum 13, L_0x56515f4f2e90, L_0x56515f4f2fd0;
L_0x56515f4f23e0 .array/port v0x56515f2e7df0, L_0x56515f4f47d0;
L_0x56515f4f3ce0 .concat [ 5 5 0 0], L_0x56515f4eecc0, L_0x7fa17a2484f0;
L_0x56515f4f3dd0 .concat [ 10 2 0 0], L_0x56515f4f3ce0, L_0x7fa17a248538;
L_0x56515f4f4340 .arith/mult 12, L_0x56515f4f3dd0, L_0x7fa17a248580;
L_0x56515f4f4430 .concat [ 2 2 0 0], L_0x56515f4ec670, L_0x7fa17a2485c8;
L_0x56515f4f40b0 .concat [ 12 1 0 0], L_0x56515f4f4340, L_0x7fa17a248610;
L_0x56515f4f41f0 .concat [ 4 9 0 0], L_0x56515f4f4430, L_0x7fa17a248658;
L_0x56515f4f47d0 .arith/sum 13, L_0x56515f4f40b0, L_0x56515f4f41f0;
L_0x56515f4f4a20 .part L_0x56515f514e40, 3, 1;
L_0x56515f4f44d0 .part v0x56515f2cc590_0, 24, 8;
L_0x56515f4f4570 .functor MUXZ 8, L_0x7fa17a2486a0, L_0x56515f4f44d0, L_0x56515f4f4a20, C4<>;
L_0x56515f4f4700 .part L_0x56515f514e40, 2, 1;
L_0x56515f4f4e70 .part v0x56515f2cc590_0, 16, 8;
L_0x56515f4f4ac0 .functor MUXZ 8, L_0x7fa17a2486e8, L_0x56515f4f4e70, L_0x56515f4f4700, C4<>;
L_0x56515f4f4c50 .part L_0x56515f514e40, 1, 1;
L_0x56515f4f4cf0 .part v0x56515f2cc590_0, 8, 8;
L_0x56515f4f5250 .functor MUXZ 8, L_0x7fa17a248730, L_0x56515f4f4cf0, L_0x56515f4f4c50, C4<>;
L_0x56515f4f4fb0 .part L_0x56515f514e40, 0, 1;
L_0x56515f4f5050 .part v0x56515f2cc590_0, 0, 8;
L_0x56515f4f5180 .functor MUXZ 8, L_0x7fa17a248778, L_0x56515f4f5050, L_0x56515f4f4fb0, C4<>;
L_0x56515f4f56f0 .concat [ 8 8 8 8], L_0x56515f4f5180, L_0x56515f4f5250, L_0x56515f4f4ac0, L_0x56515f4f4570;
L_0x56515f4f52f0 .part L_0x56515f514e40, 3, 1;
L_0x56515f4f5390 .part L_0x56515f516c90, 24, 8;
L_0x56515f4f5430 .part v0x56515f2cc590_0, 24, 8;
L_0x56515f4f54d0 .functor MUXZ 8, L_0x56515f4f5430, L_0x56515f4f5390, L_0x56515f4f52f0, C4<>;
L_0x56515f4f5cb0 .part L_0x56515f514e40, 2, 1;
L_0x56515f4f5e60 .part L_0x56515f516c90, 16, 8;
L_0x56515f4f58d0 .part v0x56515f2cc590_0, 16, 8;
L_0x56515f4f5970 .functor MUXZ 8, L_0x56515f4f58d0, L_0x56515f4f5e60, L_0x56515f4f5cb0, C4<>;
L_0x56515f4f5ab0 .part L_0x56515f514e40, 1, 1;
L_0x56515f4f5b50 .part L_0x56515f516c90, 8, 8;
L_0x56515f4f62c0 .part v0x56515f2cc590_0, 8, 8;
L_0x56515f4f6360 .functor MUXZ 8, L_0x56515f4f62c0, L_0x56515f4f5b50, L_0x56515f4f5ab0, C4<>;
L_0x56515f4f5fa0 .part L_0x56515f514e40, 0, 1;
L_0x56515f4f6040 .part L_0x56515f516c90, 0, 8;
L_0x56515f4f60e0 .part v0x56515f2cc590_0, 0, 8;
L_0x56515f4f67e0 .functor MUXZ 8, L_0x56515f4f60e0, L_0x56515f4f6040, L_0x56515f4f5fa0, C4<>;
L_0x56515f4f64f0 .concat [ 8 8 8 8], L_0x56515f4f67e0, L_0x56515f4f6360, L_0x56515f4f5970, L_0x56515f4f54d0;
L_0x56515f4f66d0 .concat [ 4 5 23 0], v0x56515f2f7070_0, v0x56515f380130_0, v0x56515f381c40_0;
L_0x56515f4f6c80 .concat [ 2 2 5 23], L_0x7fa17a2487c0, v0x56515f2ac4c0_0, v0x56515f380130_0, v0x56515f381c40_0;
L_0x56515f4f6dc0 .concat [ 5 23 0 0], v0x56515f380130_0, v0x56515f381c40_0;
L_0x56515f4f6880 .arith/sum 28, L_0x56515f4f6dc0, L_0x7fa17a248808;
L_0x56515f4f6a30 .concat [ 4 28 0 0], L_0x7fa17a248850, L_0x56515f4f6880;
L_0x56515f4f6b70 .part L_0x56515f4f6a30, 9, 23;
L_0x56515f4f7280 .part L_0x56515f4f6a30, 4, 5;
L_0x56515f4f6e60 .array/port v0x56515f294220, L_0x56515f4f6f00;
L_0x56515f4f6f00 .concat [ 5 2 0 0], L_0x56515f4f7280, L_0x7fa17a248898;
L_0x56515f4f7090 .part L_0x56515f4f6e60, 0, 1;
L_0x56515f4f7180 .array/port v0x56515f2b40d0, L_0x56515f4f7770;
L_0x56515f4f7770 .concat [ 5 2 0 0], L_0x56515f4f7280, L_0x7fa17a2488e0;
L_0x56515f4f7860 .cmp/eq 23, L_0x56515f4f7180, L_0x56515f4f6b70;
L_0x56515f4f7490 .array/port v0x56515f294220, L_0x56515f4f7530;
L_0x56515f4f7530 .concat [ 5 2 0 0], L_0x56515f4f7280, L_0x7fa17a248928;
L_0x56515f4f7620 .part L_0x56515f4f7490, 1, 1;
L_0x56515f4f3f60 .array/port v0x56515f2b4770, L_0x56515f4f7e20;
L_0x56515f4f7e20 .concat [ 5 2 0 0], L_0x56515f4f7280, L_0x7fa17a248970;
L_0x56515f4f7ec0 .cmp/eq 23, L_0x56515f4f3f60, L_0x56515f4f6b70;
L_0x56515f4f7ab0 .array/port v0x56515f294220, L_0x56515f4f7b50;
L_0x56515f4f7b50 .concat [ 5 2 0 0], L_0x56515f4f7280, L_0x7fa17a2489b8;
L_0x56515f4f7c90 .part L_0x56515f4f7ab0, 2, 1;
L_0x56515f4f7d80 .array/port v0x56515f2b4830, L_0x56515f4f8460;
L_0x56515f4f8460 .concat [ 5 2 0 0], L_0x56515f4f7280, L_0x7fa17a248a00;
L_0x56515f4f85a0 .cmp/eq 23, L_0x56515f4f7d80, L_0x56515f4f6b70;
L_0x56515f4f8150 .array/port v0x56515f294220, L_0x56515f4f81f0;
L_0x56515f4f81f0 .concat [ 5 2 0 0], L_0x56515f4f7280, L_0x7fa17a248a48;
L_0x56515f4f73c0 .part L_0x56515f4f8150, 3, 1;
L_0x56515f4f8c40 .array/port v0x56515f294160, L_0x56515f4f8720;
L_0x56515f4f8720 .concat [ 5 2 0 0], L_0x56515f4f7280, L_0x7fa17a248a90;
L_0x56515f4f8860 .cmp/eq 23, L_0x56515f4f8c40, L_0x56515f4f6b70;
L_0x56515f4f91d0 .reduce/nor v0x56515f4509d0_0;
L_0x56515f4f94d0 .cmp/eq 2, v0x56515f2ac4c0_0, L_0x7fa17a248ad8;
L_0x56515f4f8df0 .reduce/nor L_0x56515f4f92c0;
L_0x56515f4f9100 .cmp/ne 2, v0x56515f2b3ff0_0, L_0x7fa17a248b20;
L_0x56515f4f9bc0 .cmp/eq 2, v0x56515f2b3ff0_0, L_0x7fa17a248b68;
L_0x56515f4f9d00 .cmp/eq 2, v0x56515f2b3ff0_0, L_0x7fa17a248bb0;
L_0x56515f4f95c0 .cmp/eq 2, v0x56515f2b3ff0_0, L_0x7fa17a248bf8;
L_0x56515f4f9660 .functor MUXZ 32, L_0x56515f5140d0, L_0x56515f4f66d0, L_0x56515f4f95c0, C4<>;
L_0x56515f4f97a0 .functor MUXZ 32, L_0x56515f4f9660, L_0x56515f4f6c80, L_0x56515f4f9d00, C4<>;
L_0x56515f4f9930 .functor MUXZ 32, L_0x56515f4f97a0, L_0x56515f4f66d0, L_0x56515f4f9bc0, C4<>;
L_0x56515f4fa330 .cmp/eq 2, v0x56515f2b3ff0_0, L_0x7fa17a248c40;
L_0x56515f4fa3d0 .cmp/eq 2, v0x56515f2b3ff0_0, L_0x7fa17a248c88;
L_0x56515f4fa020 .cmp/gt 32, L_0x7fa17a248cd0, v0x56515f296820_0;
L_0x56515f4f9f70 .cmp/eq 2, v0x56515f2b3ff0_0, L_0x7fa17a248d18;
L_0x56515f4fa930 .functor MUXZ 32, v0x56515f29ab60_0, L_0x56515f4f64f0, L_0x56515f4fa830, C4<>;
L_0x56515f4faa70 .functor MUXZ 32, L_0x7fa17a248d60, v0x56515f2d9c40_0, v0x56515f2d6730_0, C4<>;
L_0x56515f4fb110 .functor MUXZ 32, L_0x56515f4faa70, L_0x56515f4f56f0, L_0x56515f4f0f70, C4<>;
S_0x56515f3a2f80 .scope function.vec4.s2, "choose_victim_way" "choose_victim_way" 5 51, 5 51 0, S_0x56515f43cf80;
 .timescale 0 0;
; Variable choose_victim_way is vec4 return value of scope S_0x56515f3a2f80
v0x56515f3a5ab0_0 .var "plru_bits", 2 0;
v0x56515f3a9f70_0 .var "valid_bits", 3 0;
TD_hart_tb.dut.dcache.choose_victim_way ;
    %load/vec4 v0x56515f3a9f70_0;
    %parti/s 1, 0, 2;
    %nor/r;
    %flag_set/vec4 8;
    %jmp/0 T_0.0, 8;
    %pushi/vec4 0, 0, 2;
    %jmp/1 T_0.1, 8;
T_0.0 ; End of true expr.
    %load/vec4 v0x56515f3a9f70_0;
    %parti/s 1, 1, 2;
    %nor/r;
    %flag_set/vec4 9;
    %jmp/0 T_0.2, 9;
    %pushi/vec4 1, 0, 2;
    %jmp/1 T_0.3, 9;
T_0.2 ; End of true expr.
    %load/vec4 v0x56515f3a9f70_0;
    %parti/s 1, 2, 3;
    %nor/r;
    %flag_set/vec4 10;
    %jmp/0 T_0.4, 10;
    %pushi/vec4 2, 0, 2;
    %jmp/1 T_0.5, 10;
T_0.4 ; End of true expr.
    %load/vec4 v0x56515f3a9f70_0;
    %parti/s 1, 3, 3;
    %nor/r;
    %flag_set/vec4 11;
    %jmp/0 T_0.6, 11;
    %pushi/vec4 3, 0, 2;
    %jmp/1 T_0.7, 11;
T_0.6 ; End of true expr.
    %load/vec4 v0x56515f3a5ab0_0;
    %parti/s 1, 2, 3;
    %nor/r;
    %flag_set/vec4 12;
    %jmp/0 T_0.8, 12;
    %load/vec4 v0x56515f3a5ab0_0;
    %parti/s 1, 1, 2;
    %flag_set/vec4 13;
    %jmp/0 T_0.10, 13;
    %pushi/vec4 1, 0, 2;
    %jmp/1 T_0.11, 13;
T_0.10 ; End of true expr.
    %pushi/vec4 0, 0, 2;
    %jmp/0 T_0.11, 13;
 ; End of false expr.
    %blend;
T_0.11;
    %jmp/1 T_0.9, 12;
T_0.8 ; End of true expr.
    %load/vec4 v0x56515f3a5ab0_0;
    %parti/s 1, 0, 2;
    %flag_set/vec4 13;
    %jmp/0 T_0.12, 13;
    %pushi/vec4 3, 0, 2;
    %jmp/1 T_0.13, 13;
T_0.12 ; End of true expr.
    %pushi/vec4 2, 0, 2;
    %jmp/0 T_0.13, 13;
 ; End of false expr.
    %blend;
T_0.13;
    %jmp/0 T_0.9, 12;
 ; End of false expr.
    %blend;
T_0.9;
    %jmp/0 T_0.7, 11;
 ; End of false expr.
    %blend;
T_0.7;
    %jmp/0 T_0.5, 10;
 ; End of false expr.
    %blend;
T_0.5;
    %jmp/0 T_0.3, 9;
 ; End of false expr.
    %blend;
T_0.3;
    %jmp/0 T_0.1, 8;
 ; End of false expr.
    %blend;
T_0.1;
    %ret/vec4 0, 0, 2;  Assign to choose_victim_way (store_vec4_to_lval)
    %end;
S_0x56515f3971d0 .scope function.vec4.s3, "update_plru" "update_plru" 5 64, 5 64 0, S_0x56515f43cf80;
 .timescale 0 0;
v0x56515f3aa080_0 .var "accessed_way", 1 0;
v0x56515f3abea0_0 .var "plru_bits", 2 0;
; Variable update_plru is vec4 return value of scope S_0x56515f3971d0
TD_hart_tb.dut.dcache.update_plru ;
    %load/vec4 v0x56515f3aa080_0;
    %dup/vec4;
    %pushi/vec4 0, 0, 2;
    %cmp/u;
    %jmp/1 T_1.14, 6;
    %dup/vec4;
    %pushi/vec4 1, 0, 2;
    %cmp/u;
    %jmp/1 T_1.15, 6;
    %dup/vec4;
    %pushi/vec4 2, 0, 2;
    %cmp/u;
    %jmp/1 T_1.16, 6;
    %pushi/vec4 0, 0, 1;
    %load/vec4 v0x56515f3abea0_0;
    %parti/s 1, 1, 2;
    %concat/vec4; draw_concat_vec4
    %concati/vec4 0, 0, 1;
    %ret/vec4 0, 0, 3;  Assign to update_plru (store_vec4_to_lval)
    %jmp T_1.18;
T_1.14 ;
    %pushi/vec4 1, 0, 1;
    %concati/vec4 1, 0, 1;
    %load/vec4 v0x56515f3abea0_0;
    %parti/s 1, 0, 2;
    %concat/vec4; draw_concat_vec4
    %ret/vec4 0, 0, 3;  Assign to update_plru (store_vec4_to_lval)
    %jmp T_1.18;
T_1.15 ;
    %pushi/vec4 1, 0, 1;
    %concati/vec4 0, 0, 1;
    %load/vec4 v0x56515f3abea0_0;
    %parti/s 1, 0, 2;
    %concat/vec4; draw_concat_vec4
    %ret/vec4 0, 0, 3;  Assign to update_plru (store_vec4_to_lval)
    %jmp T_1.18;
T_1.16 ;
    %pushi/vec4 0, 0, 1;
    %load/vec4 v0x56515f3abea0_0;
    %parti/s 1, 1, 2;
    %concat/vec4; draw_concat_vec4
    %concati/vec4 1, 0, 1;
    %ret/vec4 0, 0, 3;  Assign to update_plru (store_vec4_to_lval)
    %jmp T_1.18;
T_1.18 ;
    %pop/vec4 1;
    %end;
S_0x56515f106710 .scope module, "i_DEForwardingUnit" "DEForwardingUnit" 4 797, 6 1 0, S_0x56515f35f100;
 .timescale 0 0;
    .port_info 0 /INPUT 5 "rs1_addr";
    .port_info 1 /INPUT 5 "rs2_addr";
    .port_info 2 /INPUT 5 "ex_rd_addr";
    .port_info 3 /INPUT 1 "ex_reg_write";
    .port_info 4 /INPUT 5 "mem_rd_addr";
    .port_info 5 /INPUT 1 "mem_reg_write";
    .port_info 6 /INPUT 5 "wb_rd_addr";
    .port_info 7 /INPUT 1 "wb_reg_write";
    .port_info 8 /OUTPUT 2 "forward_rs1_cnrl";
    .port_info 9 /OUTPUT 2 "forward_rs2_cnrl";
L_0x56515f51df10 .functor AND 1, v0x56515f4bc340_0, L_0x56515f51ddd0, C4<1>, C4<1>;
L_0x56515f51e070 .functor AND 1, L_0x56515f51df10, L_0x56515f51dfd0, C4<1>, C4<1>;
L_0x56515f51e4c0 .functor AND 1, v0x56515f4bd540_0, L_0x56515f51e380, C4<1>, C4<1>;
L_0x56515f51e670 .functor AND 1, L_0x56515f51e4c0, L_0x56515f51e580, C4<1>, C4<1>;
L_0x7fa17a24cea0 .functor BUFT 1, C4<0>, C4<0>, C4<0>, C4<0>;
L_0x56515f51e870 .functor AND 1, L_0x7fa17a24cea0, L_0x56515f51e780, C4<1>, C4<1>;
L_0x56515f51ea20 .functor AND 1, L_0x56515f51e870, L_0x56515f51e930, C4<1>, C4<1>;
L_0x56515f51f290 .functor AND 1, v0x56515f4bc340_0, L_0x56515f51f150, C4<1>, C4<1>;
L_0x56515f51f0e0 .functor AND 1, L_0x56515f51f290, L_0x56515f51f300, C4<1>, C4<1>;
L_0x56515f51f3a0 .functor AND 1, v0x56515f4bd540_0, L_0x56515f51f600, C4<1>, C4<1>;
L_0x56515f51f910 .functor AND 1, L_0x56515f51f3a0, L_0x56515f51f820, C4<1>, C4<1>;
L_0x56515f51f740 .functor AND 1, L_0x7fa17a24cea0, L_0x56515f51fa80, C4<1>, C4<1>;
L_0x56515f51fd50 .functor AND 1, L_0x56515f51f740, L_0x56515f51fc60, C4<1>, C4<1>;
v0x56515f10a790_0 .net *"_ivl_0", 31 0, L_0x56515f51dbd0;  1 drivers
v0x56515f10a870_0 .net *"_ivl_10", 0 0, L_0x56515f51dfd0;  1 drivers
v0x56515f10a930_0 .net *"_ivl_101", 0 0, L_0x56515f51fd50;  1 drivers
L_0x7fa17a24cdc8 .functor BUFT 1, C4<11>, C4<0>, C4<0>, C4<0>;
v0x56515f10aa00_0 .net/2u *"_ivl_102", 1 0, L_0x7fa17a24cdc8;  1 drivers
L_0x7fa17a24ce10 .functor BUFT 1, C4<00>, C4<0>, C4<0>, C4<0>;
v0x56515f10f670_0 .net/2u *"_ivl_104", 1 0, L_0x7fa17a24ce10;  1 drivers
v0x56515f10f750_0 .net *"_ivl_106", 1 0, L_0x56515f51fed0;  1 drivers
v0x56515f10f830_0 .net *"_ivl_108", 1 0, L_0x56515f520020;  1 drivers
v0x56515f10f910_0 .net *"_ivl_13", 0 0, L_0x56515f51e070;  1 drivers
L_0x7fa17a24c9d8 .functor BUFT 1, C4<10>, C4<0>, C4<0>, C4<0>;
v0x56515f10f9d0_0 .net/2u *"_ivl_14", 1 0, L_0x7fa17a24c9d8;  1 drivers
v0x56515f1636e0_0 .net *"_ivl_16", 31 0, L_0x56515f51e180;  1 drivers
L_0x7fa17a24ca20 .functor BUFT 1, C4<000000000000000000000000000>, C4<0>, C4<0>, C4<0>;
v0x56515f1637c0_0 .net *"_ivl_19", 26 0, L_0x7fa17a24ca20;  1 drivers
L_0x7fa17a24ca68 .functor BUFT 1, C4<00000000000000000000000000000000>, C4<0>, C4<0>, C4<0>;
v0x56515f1638a0_0 .net/2u *"_ivl_20", 31 0, L_0x7fa17a24ca68;  1 drivers
v0x56515f163980_0 .net *"_ivl_22", 0 0, L_0x56515f51e380;  1 drivers
v0x56515f163a40_0 .net *"_ivl_25", 0 0, L_0x56515f51e4c0;  1 drivers
v0x56515f163b00_0 .net *"_ivl_26", 0 0, L_0x56515f51e580;  1 drivers
v0x56515f1702e0_0 .net *"_ivl_29", 0 0, L_0x56515f51e670;  1 drivers
L_0x7fa17a24c948 .functor BUFT 1, C4<000000000000000000000000000>, C4<0>, C4<0>, C4<0>;
v0x56515f1703a0_0 .net *"_ivl_3", 26 0, L_0x7fa17a24c948;  1 drivers
L_0x7fa17a24cab0 .functor BUFT 1, C4<01>, C4<0>, C4<0>, C4<0>;
v0x56515f170480_0 .net/2u *"_ivl_30", 1 0, L_0x7fa17a24cab0;  1 drivers
L_0x7fa17a24d2d8 .functor BUFT 1, C4<00000000000000000000000000000000>, C4<0>, C4<0>, C4<0>;
v0x56515f170560_0 .net *"_ivl_32", 31 0, L_0x7fa17a24d2d8;  1 drivers
L_0x7fa17a24caf8 .functor BUFT 1, C4<00000000000000000000000000000000>, C4<0>, C4<0>, C4<0>;
v0x56515f170640_0 .net/2u *"_ivl_36", 31 0, L_0x7fa17a24caf8;  1 drivers
v0x56515f186db0_0 .net *"_ivl_38", 0 0, L_0x56515f51e780;  1 drivers
L_0x7fa17a24c990 .functor BUFT 1, C4<00000000000000000000000000000000>, C4<0>, C4<0>, C4<0>;
v0x56515f186e70_0 .net/2u *"_ivl_4", 31 0, L_0x7fa17a24c990;  1 drivers
v0x56515f186f50_0 .net *"_ivl_41", 0 0, L_0x56515f51e870;  1 drivers
v0x56515f187010_0 .net *"_ivl_42", 0 0, L_0x56515f51e930;  1 drivers
v0x56515f1870d0_0 .net *"_ivl_45", 0 0, L_0x56515f51ea20;  1 drivers
L_0x7fa17a24cb40 .functor BUFT 1, C4<11>, C4<0>, C4<0>, C4<0>;
v0x56515f187190_0 .net/2u *"_ivl_46", 1 0, L_0x7fa17a24cb40;  1 drivers
L_0x7fa17a24cb88 .functor BUFT 1, C4<00>, C4<0>, C4<0>, C4<0>;
v0x56515f18b5c0_0 .net/2u *"_ivl_48", 1 0, L_0x7fa17a24cb88;  1 drivers
v0x56515f18b6a0_0 .net *"_ivl_50", 1 0, L_0x56515f51eb30;  1 drivers
v0x56515f18b780_0 .net *"_ivl_52", 1 0, L_0x56515f51ecc0;  1 drivers
v0x56515f18b860_0 .net *"_ivl_56", 31 0, L_0x56515f51f040;  1 drivers
L_0x7fa17a24cbd0 .functor BUFT 1, C4<000000000000000000000000000>, C4<0>, C4<0>, C4<0>;
v0x56515f18b940_0 .net *"_ivl_59", 26 0, L_0x7fa17a24cbd0;  1 drivers
v0x56515f18e370_0 .net *"_ivl_6", 0 0, L_0x56515f51ddd0;  1 drivers
L_0x7fa17a24cc18 .functor BUFT 1, C4<00000000000000000000000000000000>, C4<0>, C4<0>, C4<0>;
v0x56515f18e430_0 .net/2u *"_ivl_60", 31 0, L_0x7fa17a24cc18;  1 drivers
v0x56515f18e510_0 .net *"_ivl_62", 0 0, L_0x56515f51f150;  1 drivers
v0x56515f18e5d0_0 .net *"_ivl_65", 0 0, L_0x56515f51f290;  1 drivers
v0x56515f18e690_0 .net *"_ivl_66", 0 0, L_0x56515f51f300;  1 drivers
v0x56515f18e750_0 .net *"_ivl_69", 0 0, L_0x56515f51f0e0;  1 drivers
L_0x7fa17a24cc60 .functor BUFT 1, C4<10>, C4<0>, C4<0>, C4<0>;
v0x56515f194410_0 .net/2u *"_ivl_70", 1 0, L_0x7fa17a24cc60;  1 drivers
v0x56515f1944f0_0 .net *"_ivl_72", 31 0, L_0x56515f51f510;  1 drivers
L_0x7fa17a24cca8 .functor BUFT 1, C4<000000000000000000000000000>, C4<0>, C4<0>, C4<0>;
v0x56515f1945d0_0 .net *"_ivl_75", 26 0, L_0x7fa17a24cca8;  1 drivers
L_0x7fa17a24ccf0 .functor BUFT 1, C4<00000000000000000000000000000000>, C4<0>, C4<0>, C4<0>;
v0x56515f1946b0_0 .net/2u *"_ivl_76", 31 0, L_0x7fa17a24ccf0;  1 drivers
v0x56515f194790_0 .net *"_ivl_78", 0 0, L_0x56515f51f600;  1 drivers
v0x56515f2276a0_0 .net *"_ivl_81", 0 0, L_0x56515f51f3a0;  1 drivers
v0x56515f227760_0 .net *"_ivl_82", 0 0, L_0x56515f51f820;  1 drivers
v0x56515f227820_0 .net *"_ivl_85", 0 0, L_0x56515f51f910;  1 drivers
L_0x7fa17a24cd38 .functor BUFT 1, C4<01>, C4<0>, C4<0>, C4<0>;
v0x56515f2278e0_0 .net/2u *"_ivl_86", 1 0, L_0x7fa17a24cd38;  1 drivers
L_0x7fa17a24d320 .functor BUFT 1, C4<00000000000000000000000000000000>, C4<0>, C4<0>, C4<0>;
v0x56515f2279c0_0 .net *"_ivl_88", 31 0, L_0x7fa17a24d320;  1 drivers
v0x56515f227aa0_0 .net *"_ivl_9", 0 0, L_0x56515f51df10;  1 drivers
L_0x7fa17a24cd80 .functor BUFT 1, C4<00000000000000000000000000000000>, C4<0>, C4<0>, C4<0>;
v0x56515f1ee490_0 .net/2u *"_ivl_92", 31 0, L_0x7fa17a24cd80;  1 drivers
v0x56515f1ee570_0 .net *"_ivl_94", 0 0, L_0x56515f51fa80;  1 drivers
v0x56515f1ee630_0 .net *"_ivl_97", 0 0, L_0x56515f51f740;  1 drivers
v0x56515f1ee6f0_0 .net *"_ivl_98", 0 0, L_0x56515f51fc60;  1 drivers
v0x56515f1ee7b0_0 .net "ex_rd_addr", 4 0, v0x56515f4bc280_0;  1 drivers
v0x56515f1ee890_0 .net "ex_reg_write", 0 0, v0x56515f4bc340_0;  1 drivers
v0x56515f1f5880_0 .net "forward_rs1_cnrl", 1 0, L_0x56515f51ee60;  alias, 1 drivers
v0x56515f1f5960_0 .net "forward_rs2_cnrl", 1 0, L_0x56515f5201b0;  alias, 1 drivers
v0x56515f1f5a40_0 .net "mem_rd_addr", 4 0, v0x56515f4bd4a0_0;  1 drivers
v0x56515f1f5b20_0 .net "mem_reg_write", 0 0, v0x56515f4bd540_0;  1 drivers
v0x56515f1f5be0_0 .net "rs1_addr", 4 0, L_0x56515f5203b0;  1 drivers
v0x56515f210710_0 .net "rs2_addr", 4 0, L_0x56515f520450;  1 drivers
L_0x7fa17a24ce58 .functor BUFT 1, C4<00000>, C4<0>, C4<0>, C4<0>;
v0x56515f2107f0_0 .net "wb_rd_addr", 4 0, L_0x7fa17a24ce58;  1 drivers
v0x56515f2108d0_0 .net "wb_reg_write", 0 0, L_0x7fa17a24cea0;  1 drivers
L_0x56515f51dbd0 .concat [ 5 27 0 0], v0x56515f4bc280_0, L_0x7fa17a24c948;
L_0x56515f51ddd0 .cmp/ne 32, L_0x56515f51dbd0, L_0x7fa17a24c990;
L_0x56515f51dfd0 .cmp/eq 5, v0x56515f4bc280_0, L_0x56515f5203b0;
L_0x56515f51e180 .concat [ 5 27 0 0], v0x56515f4bd4a0_0, L_0x7fa17a24ca20;
L_0x56515f51e380 .cmp/ne 32, L_0x56515f51e180, L_0x7fa17a24ca68;
L_0x56515f51e580 .cmp/eq 5, v0x56515f4bd4a0_0, L_0x56515f5203b0;
L_0x56515f51e780 .cmp/ne 32, L_0x7fa17a24d2d8, L_0x7fa17a24caf8;
L_0x56515f51e930 .cmp/eq 5, L_0x7fa17a24ce58, L_0x56515f5203b0;
L_0x56515f51eb30 .functor MUXZ 2, L_0x7fa17a24cb88, L_0x7fa17a24cb40, L_0x56515f51ea20, C4<>;
L_0x56515f51ecc0 .functor MUXZ 2, L_0x56515f51eb30, L_0x7fa17a24cab0, L_0x56515f51e670, C4<>;
L_0x56515f51ee60 .functor MUXZ 2, L_0x56515f51ecc0, L_0x7fa17a24c9d8, L_0x56515f51e070, C4<>;
L_0x56515f51f040 .concat [ 5 27 0 0], v0x56515f4bc280_0, L_0x7fa17a24cbd0;
L_0x56515f51f150 .cmp/ne 32, L_0x56515f51f040, L_0x7fa17a24cc18;
L_0x56515f51f300 .cmp/eq 5, v0x56515f4bc280_0, L_0x56515f520450;
L_0x56515f51f510 .concat [ 5 27 0 0], v0x56515f4bd4a0_0, L_0x7fa17a24cca8;
L_0x56515f51f600 .cmp/ne 32, L_0x56515f51f510, L_0x7fa17a24ccf0;
L_0x56515f51f820 .cmp/eq 5, v0x56515f4bd4a0_0, L_0x56515f520450;
L_0x56515f51fa80 .cmp/ne 32, L_0x7fa17a24d320, L_0x7fa17a24cd80;
L_0x56515f51fc60 .cmp/eq 5, L_0x7fa17a24ce58, L_0x56515f520450;
L_0x56515f51fed0 .functor MUXZ 2, L_0x7fa17a24ce10, L_0x7fa17a24cdc8, L_0x56515f51fd50, C4<>;
L_0x56515f520020 .functor MUXZ 2, L_0x56515f51fed0, L_0x7fa17a24cd38, L_0x56515f51f910, C4<>;
L_0x56515f5201b0 .functor MUXZ 2, L_0x56515f520020, L_0x7fa17a24cc60, L_0x56515f51f0e0, C4<>;
S_0x56515f1fb9d0 .scope module, "i_decode" "decode" 4 356, 7 1 0, S_0x56515f35f100;
 .timescale 0 0;
    .port_info 0 /INPUT 1 "i_clk";
    .port_info 1 /INPUT 1 "i_rst";
    .port_info 2 /INPUT 1 "reg_write_wb";
    .port_info 3 /INPUT 5 "i_rd_waddr";
    .port_info 4 /INPUT 32 "i_rd_wdata";
    .port_info 5 /INPUT 32 "i_instr";
    .port_info 6 /OUTPUT 32 "o_rs1_rdata";
    .port_info 7 /OUTPUT 32 "o_rs2_rdata";
    .port_info 8 /OUTPUT 7 "opcode";
    .port_info 9 /OUTPUT 5 "rd";
    .port_info 10 /OUTPUT 32 "o_immediate";
    .port_info 11 /OUTPUT 3 "alu_op";
    .port_info 12 /OUTPUT 4 "branch_op";
    .port_info 13 /OUTPUT 1 "mem_write";
    .port_info 14 /OUTPUT 2 "reg_write_source_op";
    .port_info 15 /OUTPUT 1 "reg_write";
    .port_info 16 /OUTPUT 1 "alu_src_op";
    .port_info 17 /OUTPUT 1 "pc_src_op";
    .port_info 18 /OUTPUT 4 "o_dmem_mask";
    .port_info 19 /OUTPUT 1 "i_sub";
    .port_info 20 /OUTPUT 1 "i_unsigned";
    .port_info 21 /OUTPUT 1 "i_arith";
    .port_info 22 /OUTPUT 1 "jalr_op";
    .port_info 23 /OUTPUT 1 "alu_pc_op";
    .port_info 24 /OUTPUT 1 "mem_read";
    .port_info 25 /OUTPUT 1 "lui_op";
    .port_info 26 /OUTPUT 3 "funct3";
    .port_info 27 /INPUT 32 "i_pc";
    .port_info 28 /OUTPUT 32 "branch_out";
    .port_info 29 /OUTPUT 5 "i_rs1_raddr";
    .port_info 30 /OUTPUT 5 "i_rs2_raddr";
    .port_info 31 /INPUT 32 "branch_rs1_data";
    .port_info 32 /INPUT 32 "branch_rs2_data";
P_0x56515f470cb0 .param/l "B_TYPE" 1 7 50, C4<001000>;
P_0x56515f470cf0 .param/l "I_TYPE" 1 7 48, C4<000010>;
P_0x56515f470d30 .param/l "J_TYPE" 1 7 52, C4<100000>;
P_0x56515f470d70 .param/l "RESET_ADDR" 0 7 2, C4<00000000000000000000000000000000>;
P_0x56515f470db0 .param/l "R_TYPE" 1 7 47, C4<000001>;
P_0x56515f470df0 .param/l "S_TYPE" 1 7 49, C4<000100>;
P_0x56515f470e30 .param/l "U_TYPE" 1 7 51, C4<010000>;
L_0x56515f4fc9e0 .functor OR 1, L_0x56515f4fc850, L_0x56515f4fc8f0, C4<0>, C4<0>;
L_0x56515f4fcbe0 .functor OR 1, L_0x56515f4fc9e0, L_0x56515f4fcaf0, C4<0>, C4<0>;
L_0x56515f4fd210 .functor OR 1, L_0x56515f4fcfe0, L_0x56515f4fd0d0, C4<0>, C4<0>;
L_0x56515f4fde70 .functor OR 1, L_0x56515f4fdf00, L_0x56515f4fdfa0, C4<0>, C4<0>;
L_0x56515f4fe350 .functor OR 1, L_0x56515f4fe450, L_0x56515f4fe540, C4<0>, C4<0>;
L_0x56515f4fec50 .functor OR 1, L_0x56515f4fe8d0, L_0x56515f4fee40, C4<0>, C4<0>;
L_0x56515f4ff3c0 .functor BUFZ 5, L_0x56515f4fe9f0, C4<00000>, C4<00000>, C4<00000>;
L_0x56515f4ff430 .functor BUFZ 5, L_0x56515f4feb20, C4<00000>, C4<00000>, C4<00000>;
L_0x56515f509b00 .functor AND 1, L_0x56515f509860, L_0x56515f4ff270, C4<1>, C4<1>;
L_0x56515f509c10 .functor XNOR 1, L_0x56515f509860, L_0x56515f509900, C4<0>, C4<0>;
L_0x56515f5099f0 .functor AND 1, L_0x56515f509c10, L_0x56515f509ce0, C4<1>, C4<1>;
L_0x56515f509a60 .functor OR 1, L_0x56515f509b00, L_0x56515f5099f0, C4<0>, C4<0>;
L_0x7fa17a248f10 .functor BUFT 1, C4<0110011>, C4<0>, C4<0>, C4<0>;
v0x56515f486ea0_0 .net/2u *"_ivl_0", 6 0, L_0x7fa17a248f10;  1 drivers
L_0x7fa17a248fe8 .functor BUFT 1, C4<0000011>, C4<0>, C4<0>, C4<0>;
v0x56515f486fa0_0 .net/2u *"_ivl_10", 6 0, L_0x7fa17a248fe8;  1 drivers
L_0x7fa17a249540 .functor BUFT 1, C4<000001>, C4<0>, C4<0>, C4<0>;
v0x56515f487080_0 .net/2u *"_ivl_106", 5 0, L_0x7fa17a249540;  1 drivers
v0x56515f487140_0 .net *"_ivl_108", 0 0, L_0x56515f4fe8d0;  1 drivers
L_0x7fa17a249588 .functor BUFT 1, C4<000010>, C4<0>, C4<0>, C4<0>;
v0x56515f487200_0 .net/2u *"_ivl_110", 5 0, L_0x7fa17a249588;  1 drivers
v0x56515f4872e0_0 .net *"_ivl_112", 0 0, L_0x56515f4fee40;  1 drivers
v0x56515f4873a0_0 .net *"_ivl_115", 0 0, L_0x56515f4fec50;  1 drivers
v0x56515f487460_0 .net *"_ivl_117", 6 0, L_0x56515f4ff020;  1 drivers
L_0x7fa17a2495d0 .functor BUFT 1, C4<0000000>, C4<0>, C4<0>, C4<0>;
v0x56515f487540_0 .net/2u *"_ivl_118", 6 0, L_0x7fa17a2495d0;  1 drivers
v0x56515f487620_0 .net *"_ivl_12", 0 0, L_0x56515f4fc8f0;  1 drivers
v0x56515f4876e0_0 .net *"_ivl_131", 0 0, L_0x56515f4ff270;  1 drivers
v0x56515f4877a0_0 .net *"_ivl_133", 0 0, L_0x56515f509b00;  1 drivers
v0x56515f487860_0 .net *"_ivl_134", 0 0, L_0x56515f509c10;  1 drivers
v0x56515f487920_0 .net *"_ivl_136", 0 0, L_0x56515f509ce0;  1 drivers
v0x56515f4879e0_0 .net *"_ivl_139", 0 0, L_0x56515f5099f0;  1 drivers
v0x56515f487aa0_0 .net *"_ivl_144", 0 0, L_0x56515f50a050;  1 drivers
L_0x7fa17a24adb8 .functor BUFT 1, C4<1>, C4<0>, C4<0>, C4<0>;
v0x56515f487b60_0 .net/2u *"_ivl_146", 0 0, L_0x7fa17a24adb8;  1 drivers
L_0x7fa17a24ae00 .functor BUFT 1, C4<0>, C4<0>, C4<0>, C4<0>;
v0x56515f487c40_0 .net/2u *"_ivl_148", 0 0, L_0x7fa17a24ae00;  1 drivers
v0x56515f487d20_0 .net *"_ivl_15", 0 0, L_0x56515f4fc9e0;  1 drivers
v0x56515f487de0_0 .net *"_ivl_150", 0 0, L_0x56515f509d80;  1 drivers
L_0x7fa17a24ae48 .functor BUFT 1, C4<1>, C4<0>, C4<0>, C4<0>;
v0x56515f487ec0_0 .net/2u *"_ivl_152", 0 0, L_0x7fa17a24ae48;  1 drivers
L_0x7fa17a24ae90 .functor BUFT 1, C4<0>, C4<0>, C4<0>, C4<0>;
v0x56515f487fa0_0 .net/2u *"_ivl_154", 0 0, L_0x7fa17a24ae90;  1 drivers
v0x56515f488080_0 .net *"_ivl_156", 0 0, L_0x56515f50a270;  1 drivers
L_0x7fa17a249030 .functor BUFT 1, C4<1100111>, C4<0>, C4<0>, C4<0>;
v0x56515f488160_0 .net/2u *"_ivl_16", 6 0, L_0x7fa17a249030;  1 drivers
v0x56515f488240_0 .net *"_ivl_18", 0 0, L_0x56515f4fcaf0;  1 drivers
v0x56515f488300_0 .net *"_ivl_2", 0 0, L_0x56515f4fc720;  1 drivers
v0x56515f4883c0_0 .net *"_ivl_21", 0 0, L_0x56515f4fcbe0;  1 drivers
L_0x7fa17a249078 .functor BUFT 1, C4<000010>, C4<0>, C4<0>, C4<0>;
v0x56515f488480_0 .net/2u *"_ivl_22", 5 0, L_0x7fa17a249078;  1 drivers
L_0x7fa17a2490c0 .functor BUFT 1, C4<0100011>, C4<0>, C4<0>, C4<0>;
v0x56515f488560_0 .net/2u *"_ivl_24", 6 0, L_0x7fa17a2490c0;  1 drivers
v0x56515f488640_0 .net *"_ivl_26", 0 0, L_0x56515f4fccf0;  1 drivers
L_0x7fa17a249108 .functor BUFT 1, C4<000100>, C4<0>, C4<0>, C4<0>;
v0x56515f488700_0 .net/2u *"_ivl_28", 5 0, L_0x7fa17a249108;  1 drivers
L_0x7fa17a249150 .functor BUFT 1, C4<1100011>, C4<0>, C4<0>, C4<0>;
v0x56515f4887e0_0 .net/2u *"_ivl_30", 6 0, L_0x7fa17a249150;  1 drivers
v0x56515f4888c0_0 .net *"_ivl_32", 0 0, L_0x56515f4fcef0;  1 drivers
L_0x7fa17a249198 .functor BUFT 1, C4<001000>, C4<0>, C4<0>, C4<0>;
v0x56515f488b90_0 .net/2u *"_ivl_34", 5 0, L_0x7fa17a249198;  1 drivers
L_0x7fa17a2491e0 .functor BUFT 1, C4<0110111>, C4<0>, C4<0>, C4<0>;
v0x56515f488c70_0 .net/2u *"_ivl_36", 6 0, L_0x7fa17a2491e0;  1 drivers
v0x56515f488d50_0 .net *"_ivl_38", 0 0, L_0x56515f4fcfe0;  1 drivers
L_0x7fa17a248f58 .functor BUFT 1, C4<000001>, C4<0>, C4<0>, C4<0>;
v0x56515f488e10_0 .net/2u *"_ivl_4", 5 0, L_0x7fa17a248f58;  1 drivers
L_0x7fa17a249228 .functor BUFT 1, C4<0010111>, C4<0>, C4<0>, C4<0>;
v0x56515f488ef0_0 .net/2u *"_ivl_40", 6 0, L_0x7fa17a249228;  1 drivers
v0x56515f488fd0_0 .net *"_ivl_42", 0 0, L_0x56515f4fd0d0;  1 drivers
v0x56515f489090_0 .net *"_ivl_45", 0 0, L_0x56515f4fd210;  1 drivers
L_0x7fa17a249270 .functor BUFT 1, C4<010000>, C4<0>, C4<0>, C4<0>;
v0x56515f489150_0 .net/2u *"_ivl_46", 5 0, L_0x7fa17a249270;  1 drivers
L_0x7fa17a2492b8 .functor BUFT 1, C4<1101111>, C4<0>, C4<0>, C4<0>;
v0x56515f489230_0 .net/2u *"_ivl_48", 6 0, L_0x7fa17a2492b8;  1 drivers
v0x56515f489310_0 .net *"_ivl_50", 0 0, L_0x56515f4fd320;  1 drivers
L_0x7fa17a249300 .functor BUFT 1, C4<100000>, C4<0>, C4<0>, C4<0>;
v0x56515f4893d0_0 .net/2u *"_ivl_52", 5 0, L_0x7fa17a249300;  1 drivers
L_0x7fa17a249348 .functor BUFT 1, C4<000000>, C4<0>, C4<0>, C4<0>;
v0x56515f4894b0_0 .net/2u *"_ivl_54", 5 0, L_0x7fa17a249348;  1 drivers
v0x56515f489590_0 .net *"_ivl_56", 5 0, L_0x56515f4fd410;  1 drivers
v0x56515f489670_0 .net *"_ivl_58", 5 0, L_0x56515f4fd5b0;  1 drivers
L_0x7fa17a248fa0 .functor BUFT 1, C4<0010011>, C4<0>, C4<0>, C4<0>;
v0x56515f489750_0 .net/2u *"_ivl_6", 6 0, L_0x7fa17a248fa0;  1 drivers
v0x56515f489830_0 .net *"_ivl_60", 5 0, L_0x56515f4fd740;  1 drivers
v0x56515f489910_0 .net *"_ivl_62", 5 0, L_0x56515f4fd8f0;  1 drivers
v0x56515f4899f0_0 .net *"_ivl_64", 5 0, L_0x56515f4fda80;  1 drivers
L_0x7fa17a249390 .functor BUFT 1, C4<000100>, C4<0>, C4<0>, C4<0>;
v0x56515f489ad0_0 .net/2u *"_ivl_70", 5 0, L_0x7fa17a249390;  1 drivers
v0x56515f489bb0_0 .net *"_ivl_72", 0 0, L_0x56515f4fdf00;  1 drivers
L_0x7fa17a2493d8 .functor BUFT 1, C4<001000>, C4<0>, C4<0>, C4<0>;
v0x56515f489c70_0 .net/2u *"_ivl_74", 5 0, L_0x7fa17a2493d8;  1 drivers
v0x56515f489d50_0 .net *"_ivl_76", 0 0, L_0x56515f4fdfa0;  1 drivers
v0x56515f489e10_0 .net *"_ivl_79", 0 0, L_0x56515f4fde70;  1 drivers
v0x56515f489ed0_0 .net *"_ivl_8", 0 0, L_0x56515f4fc850;  1 drivers
L_0x7fa17a249420 .functor BUFT 1, C4<00000>, C4<0>, C4<0>, C4<0>;
v0x56515f489f90_0 .net/2u *"_ivl_80", 4 0, L_0x7fa17a249420;  1 drivers
v0x56515f48a070_0 .net *"_ivl_83", 4 0, L_0x56515f4fe180;  1 drivers
L_0x7fa17a249468 .functor BUFT 1, C4<010000>, C4<0>, C4<0>, C4<0>;
v0x56515f48a150_0 .net/2u *"_ivl_86", 5 0, L_0x7fa17a249468;  1 drivers
v0x56515f48a230_0 .net *"_ivl_88", 0 0, L_0x56515f4fe450;  1 drivers
L_0x7fa17a2494b0 .functor BUFT 1, C4<100000>, C4<0>, C4<0>, C4<0>;
v0x56515f48a2f0_0 .net/2u *"_ivl_90", 5 0, L_0x7fa17a2494b0;  1 drivers
v0x56515f48a3d0_0 .net *"_ivl_92", 0 0, L_0x56515f4fe540;  1 drivers
v0x56515f48a490_0 .net *"_ivl_95", 0 0, L_0x56515f4fe350;  1 drivers
L_0x7fa17a2494f8 .functor BUFT 1, C4<000>, C4<0>, C4<0>, C4<0>;
v0x56515f48a550_0 .net/2u *"_ivl_96", 2 0, L_0x7fa17a2494f8;  1 drivers
v0x56515f48a630_0 .net *"_ivl_99", 2 0, L_0x56515f4fe790;  1 drivers
v0x56515f48a710_0 .net "alu_op", 2 0, L_0x56515f4ff9e0;  alias, 1 drivers
v0x56515f48a7d0_0 .net "alu_pc_op", 0 0, L_0x56515f4f34d0;  alias, 1 drivers
v0x56515f48a870_0 .net "alu_src_op", 0 0, L_0x56515f501960;  alias, 1 drivers
v0x56515f48a910_0 .net "branch_op", 3 0, L_0x56515f500040;  alias, 1 drivers
v0x56515f48aa00_0 .net "branch_out", 31 0, L_0x56515f50c180;  alias, 1 drivers
v0x56515f48aaa0_0 .net "branch_rs1_data", 31 0, L_0x56515f520a60;  alias, 1 drivers
v0x56515f48ab60_0 .net "branch_rs2_data", 31 0, L_0x56515f520e80;  alias, 1 drivers
v0x56515f48ac40_0 .net "funct3", 2 0, L_0x56515f4fe830;  alias, 1 drivers
v0x56515f48ad30_0 .net "funct7", 6 0, L_0x56515f4ff1d0;  1 drivers
v0x56515f48ae00_0 .net "i_arith", 0 0, L_0x56515f504d00;  alias, 1 drivers
v0x56515f48aed0_0 .net "i_clk", 0 0, v0x56515f4c80f0_0;  alias, 1 drivers
v0x56515f48af70_0 .net "i_instr", 31 0, v0x56515f4bc8d0_0;  1 drivers
v0x56515f48b040_0 .net "i_pc", 31 0, v0x56515f4bc7c0_0;  1 drivers
v0x56515f48b110_0 .net "i_rd_waddr", 4 0, v0x56515f4bd4a0_0;  alias, 1 drivers
v0x56515f48b200_0 .net "i_rd_wdata", 31 0, L_0x56515f51ac70;  alias, 1 drivers
v0x56515f48b2a0_0 .net "i_rs1_raddr", 4 0, L_0x56515f4fe9f0;  alias, 1 drivers
v0x56515f48b370_0 .net "i_rs2_raddr", 4 0, L_0x56515f4feb20;  alias, 1 drivers
v0x56515f48b440_0 .net "i_rst", 0 0, v0x56515f4c9b20_0;  alias, 1 drivers
v0x56515f48b4e0_0 .net "i_sub", 0 0, L_0x56515f503200;  alias, 1 drivers
v0x56515f48b5b0_0 .net "i_unsigned", 0 0, L_0x56515f504050;  alias, 1 drivers
v0x56515f48b680_0 .net "jalr_op", 0 0, L_0x56515f504fb0;  alias, 1 drivers
v0x56515f48b770_0 .net "lui_op", 0 0, L_0x56515f4f3570;  alias, 1 drivers
v0x56515f48b810_0 .net "mem_read", 0 0, L_0x56515f4f3970;  alias, 1 drivers
v0x56515f48b8e0_0 .net "mem_write", 0 0, L_0x56515f500280;  alias, 1 drivers
v0x56515f48b9b0_0 .net "o_dmem_mask", 3 0, L_0x56515f502cc0;  alias, 1 drivers
v0x56515f48ba80_0 .net "o_eq_dec", 0 0, L_0x56515f509fb0;  1 drivers
v0x56515f48bb50_0 .net "o_format", 5 0, L_0x56515f4fdc40;  1 drivers
v0x56515f48bc40_0 .net "o_immediate", 31 0, L_0x56515f5096d0;  alias, 1 drivers
v0x56515f48bd30_0 .net "o_rs1_rdata", 31 0, L_0x56515f5068e0;  alias, 1 drivers
v0x56515f48bdd0_0 .net "o_rs2_rdata", 31 0, L_0x56515f507260;  alias, 1 drivers
v0x56515f48be70_0 .net "o_slt_dec", 0 0, L_0x56515f50a450;  1 drivers
v0x56515f48bf40_0 .net "op1_neg", 0 0, L_0x56515f509860;  1 drivers
v0x56515f48bfe0_0 .net "op2_neg", 0 0, L_0x56515f509900;  1 drivers
v0x56515f48c080_0 .net "opcode", 6 0, L_0x56515f4fddd0;  alias, 1 drivers
v0x56515f48c150_0 .net "pc_src_op", 0 0, L_0x56515f502090;  alias, 1 drivers
v0x56515f48c240_0 .net "rd", 4 0, L_0x56515f4fe2b0;  alias, 1 drivers
v0x56515f48c2e0_0 .net "reg_write", 0 0, L_0x56515f500ae0;  alias, 1 drivers
v0x56515f48c380_0 .net "reg_write_source_op", 1 0, L_0x56515f501470;  alias, 1 drivers
v0x56515f48c450_0 .net "reg_write_wb", 0 0, L_0x56515f50c270;  1 drivers
v0x56515f48c520_0 .net "rs1_raddr", 4 0, L_0x56515f4ff3c0;  1 drivers
v0x56515f48c5c0_0 .net "rs2_raddr", 4 0, L_0x56515f4ff430;  1 drivers
v0x56515f48c660_0 .net "signed_lt", 0 0, L_0x56515f509a60;  1 drivers
L_0x56515f4fc720 .cmp/eq 7, L_0x56515f4fddd0, L_0x7fa17a248f10;
L_0x56515f4fc850 .cmp/eq 7, L_0x56515f4fddd0, L_0x7fa17a248fa0;
L_0x56515f4fc8f0 .cmp/eq 7, L_0x56515f4fddd0, L_0x7fa17a248fe8;
L_0x56515f4fcaf0 .cmp/eq 7, L_0x56515f4fddd0, L_0x7fa17a249030;
L_0x56515f4fccf0 .cmp/eq 7, L_0x56515f4fddd0, L_0x7fa17a2490c0;
L_0x56515f4fcef0 .cmp/eq 7, L_0x56515f4fddd0, L_0x7fa17a249150;
L_0x56515f4fcfe0 .cmp/eq 7, L_0x56515f4fddd0, L_0x7fa17a2491e0;
L_0x56515f4fd0d0 .cmp/eq 7, L_0x56515f4fddd0, L_0x7fa17a249228;
L_0x56515f4fd320 .cmp/eq 7, L_0x56515f4fddd0, L_0x7fa17a2492b8;
L_0x56515f4fd410 .functor MUXZ 6, L_0x7fa17a249348, L_0x7fa17a249300, L_0x56515f4fd320, C4<>;
L_0x56515f4fd5b0 .functor MUXZ 6, L_0x56515f4fd410, L_0x7fa17a249270, L_0x56515f4fd210, C4<>;
L_0x56515f4fd740 .functor MUXZ 6, L_0x56515f4fd5b0, L_0x7fa17a249198, L_0x56515f4fcef0, C4<>;
L_0x56515f4fd8f0 .functor MUXZ 6, L_0x56515f4fd740, L_0x7fa17a249108, L_0x56515f4fccf0, C4<>;
L_0x56515f4fda80 .functor MUXZ 6, L_0x56515f4fd8f0, L_0x7fa17a249078, L_0x56515f4fcbe0, C4<>;
L_0x56515f4fdc40 .functor MUXZ 6, L_0x56515f4fda80, L_0x7fa17a248f58, L_0x56515f4fc720, C4<>;
L_0x56515f4fddd0 .part v0x56515f4bc8d0_0, 0, 7;
L_0x56515f4fdf00 .cmp/eq 6, L_0x56515f4fdc40, L_0x7fa17a249390;
L_0x56515f4fdfa0 .cmp/eq 6, L_0x56515f4fdc40, L_0x7fa17a2493d8;
L_0x56515f4fe180 .part v0x56515f4bc8d0_0, 7, 5;
L_0x56515f4fe2b0 .functor MUXZ 5, L_0x56515f4fe180, L_0x7fa17a249420, L_0x56515f4fde70, C4<>;
L_0x56515f4fe450 .cmp/eq 6, L_0x56515f4fdc40, L_0x7fa17a249468;
L_0x56515f4fe540 .cmp/eq 6, L_0x56515f4fdc40, L_0x7fa17a2494b0;
L_0x56515f4fe790 .part v0x56515f4bc8d0_0, 12, 3;
L_0x56515f4fe830 .functor MUXZ 3, L_0x56515f4fe790, L_0x7fa17a2494f8, L_0x56515f4fe350, C4<>;
L_0x56515f4fe9f0 .part v0x56515f4bc8d0_0, 15, 5;
L_0x56515f4feb20 .part v0x56515f4bc8d0_0, 20, 5;
L_0x56515f4fe8d0 .cmp/eq 6, L_0x56515f4fdc40, L_0x7fa17a249540;
L_0x56515f4fee40 .cmp/eq 6, L_0x56515f4fdc40, L_0x7fa17a249588;
L_0x56515f4ff020 .part v0x56515f4bc8d0_0, 25, 7;
L_0x56515f4ff1d0 .functor MUXZ 7, L_0x7fa17a2495d0, L_0x56515f4ff020, L_0x56515f4fec50, C4<>;
L_0x56515f509860 .part L_0x56515f520a60, 31, 1;
L_0x56515f509900 .part L_0x56515f520e80, 31, 1;
L_0x56515f4ff270 .reduce/nor L_0x56515f509900;
L_0x56515f509ce0 .cmp/gt 32, L_0x56515f520e80, L_0x56515f520a60;
L_0x56515f509fb0 .cmp/eq 32, L_0x56515f520a60, L_0x56515f520e80;
L_0x56515f50a050 .cmp/gt 32, L_0x56515f520e80, L_0x56515f520a60;
L_0x56515f509d80 .functor MUXZ 1, L_0x7fa17a24ae00, L_0x7fa17a24adb8, L_0x56515f50a050, C4<>;
L_0x56515f50a270 .functor MUXZ 1, L_0x7fa17a24ae90, L_0x7fa17a24ae48, L_0x56515f509a60, C4<>;
L_0x56515f50a450 .functor MUXZ 1, L_0x56515f50a270, L_0x56515f509d80, L_0x56515f504050, C4<>;
S_0x56515f223320 .scope module, "i_branch" "branch" 7 138, 8 1 0, S_0x56515f1fb9d0;
 .timescale 0 0;
    .port_info 0 /INPUT 4 "branch_op";
    .port_info 1 /INPUT 1 "slt";
    .port_info 2 /INPUT 1 "equal";
    .port_info 3 /INPUT 1 "pc_src_op";
    .port_info 4 /INPUT 32 "imm_in";
    .port_info 5 /INPUT 1 "jalr_op";
    .port_info 6 /INPUT 1 "alu_pc_op";
    .port_info 7 /INPUT 32 "pc_in";
    .port_info 8 /OUTPUT 32 "branch_out";
P_0x56515f223500 .param/l "BEQ" 1 8 18, C4<000>;
P_0x56515f223540 .param/l "BGE" 1 8 21, C4<101>;
P_0x56515f223580 .param/l "BGEU" 1 8 23, C4<111>;
P_0x56515f2235c0 .param/l "BLT" 1 8 20, C4<100>;
P_0x56515f223600 .param/l "BLTU" 1 8 22, C4<110>;
P_0x56515f223640 .param/l "BNE" 1 8 19, C4<001>;
L_0x7fa17a24aed8 .functor BUFT 1, C4<0>, C4<0>, C4<0>, C4<0>;
L_0x56515f50a760 .functor XNOR 1, L_0x56515f50a6c0, L_0x7fa17a24aed8, C4<0>, C4<0>;
L_0x56515f50a9b0 .functor AND 1, L_0x56515f50a870, L_0x56515f509fb0, C4<1>, C4<1>;
L_0x56515f50ab60 .functor NOT 1, L_0x56515f509fb0, C4<0>, C4<0>, C4<0>;
L_0x56515f50ac60 .functor AND 1, L_0x56515f50aa70, L_0x56515f50ab60, C4<1>, C4<1>;
L_0x56515f50aea0 .functor AND 1, L_0x56515f50ad70, L_0x56515f50a450, C4<1>, C4<1>;
L_0x56515f50b050 .functor NOT 1, L_0x56515f50a450, C4<0>, C4<0>, C4<0>;
L_0x56515f50b150 .functor AND 1, L_0x56515f50af60, L_0x56515f50b050, C4<1>, C4<1>;
L_0x56515f50b300 .functor AND 1, L_0x56515f50b210, L_0x56515f50a450, C4<1>, C4<1>;
L_0x56515f50b550 .functor NOT 1, L_0x56515f50a450, C4<0>, C4<0>, C4<0>;
L_0x56515f50b5c0 .functor AND 1, L_0x56515f50b410, L_0x56515f50b550, C4<1>, C4<1>;
v0x56515f205d90_0 .net *"_ivl_10", 0 0, L_0x56515f50a870;  1 drivers
v0x56515f1fbdb0_0 .net *"_ivl_13", 0 0, L_0x56515f50a9b0;  1 drivers
L_0x7fa17a24af68 .functor BUFT 1, C4<001>, C4<0>, C4<0>, C4<0>;
v0x56515f210ad0_0 .net/2u *"_ivl_14", 2 0, L_0x7fa17a24af68;  1 drivers
v0x56515f182060_0 .net *"_ivl_16", 0 0, L_0x56515f50aa70;  1 drivers
v0x56515f182100_0 .net *"_ivl_18", 0 0, L_0x56515f50ab60;  1 drivers
v0x56515f1821e0_0 .net *"_ivl_21", 0 0, L_0x56515f50ac60;  1 drivers
L_0x7fa17a24afb0 .functor BUFT 1, C4<100>, C4<0>, C4<0>, C4<0>;
v0x56515f1822a0_0 .net/2u *"_ivl_22", 2 0, L_0x7fa17a24afb0;  1 drivers
v0x56515f182380_0 .net *"_ivl_24", 0 0, L_0x56515f50ad70;  1 drivers
v0x56515f182440_0 .net *"_ivl_27", 0 0, L_0x56515f50aea0;  1 drivers
L_0x7fa17a24aff8 .functor BUFT 1, C4<101>, C4<0>, C4<0>, C4<0>;
v0x56515f476d90_0 .net/2u *"_ivl_28", 2 0, L_0x7fa17a24aff8;  1 drivers
v0x56515f476e70_0 .net *"_ivl_3", 0 0, L_0x56515f50a6c0;  1 drivers
v0x56515f476f50_0 .net *"_ivl_30", 0 0, L_0x56515f50af60;  1 drivers
v0x56515f477010_0 .net *"_ivl_32", 0 0, L_0x56515f50b050;  1 drivers
v0x56515f4770f0_0 .net *"_ivl_35", 0 0, L_0x56515f50b150;  1 drivers
L_0x7fa17a24b040 .functor BUFT 1, C4<110>, C4<0>, C4<0>, C4<0>;
v0x56515f4771b0_0 .net/2u *"_ivl_36", 2 0, L_0x7fa17a24b040;  1 drivers
v0x56515f477290_0 .net *"_ivl_38", 0 0, L_0x56515f50b210;  1 drivers
v0x56515f477350_0 .net/2u *"_ivl_4", 0 0, L_0x7fa17a24aed8;  1 drivers
v0x56515f477430_0 .net *"_ivl_41", 0 0, L_0x56515f50b300;  1 drivers
L_0x7fa17a24b088 .functor BUFT 1, C4<111>, C4<0>, C4<0>, C4<0>;
v0x56515f4774f0_0 .net/2u *"_ivl_42", 2 0, L_0x7fa17a24b088;  1 drivers
v0x56515f4785b0_0 .net *"_ivl_44", 0 0, L_0x56515f50b410;  1 drivers
v0x56515f478650_0 .net *"_ivl_46", 0 0, L_0x56515f50b550;  1 drivers
v0x56515f4786f0_0 .net *"_ivl_49", 0 0, L_0x56515f50b5c0;  1 drivers
L_0x7fa17a24b0d0 .functor BUFT 1, C4<00000000000000000000000000000100>, C4<0>, C4<0>, C4<0>;
v0x56515f478790_0 .net/2u *"_ivl_50", 31 0, L_0x7fa17a24b0d0;  1 drivers
v0x56515f478830_0 .net *"_ivl_52", 31 0, L_0x56515f50b730;  1 drivers
v0x56515f4788d0_0 .net *"_ivl_54", 31 0, L_0x56515f50b820;  1 drivers
v0x56515f478970_0 .net *"_ivl_56", 31 0, L_0x56515f50b970;  1 drivers
v0x56515f478a10_0 .net *"_ivl_58", 31 0, L_0x56515f50bab0;  1 drivers
v0x56515f478ab0_0 .net *"_ivl_6", 0 0, L_0x56515f50a760;  1 drivers
v0x56515f478b50_0 .net *"_ivl_60", 31 0, L_0x56515f50bc10;  1 drivers
v0x56515f478bf0_0 .net *"_ivl_62", 31 0, L_0x56515f50bd50;  1 drivers
v0x56515f478c90_0 .net *"_ivl_64", 31 0, L_0x56515f50bec0;  1 drivers
L_0x7fa17a24b118 .functor BUFT 1, C4<00000000000000000000000000000100>, C4<0>, C4<0>, C4<0>;
v0x56515f478d30_0 .net/2u *"_ivl_66", 31 0, L_0x7fa17a24b118;  1 drivers
v0x56515f478dd0_0 .net *"_ivl_68", 31 0, L_0x56515f50c000;  1 drivers
L_0x7fa17a24af20 .functor BUFT 1, C4<000>, C4<0>, C4<0>, C4<0>;
v0x56515f479080_0 .net/2u *"_ivl_8", 2 0, L_0x7fa17a24af20;  1 drivers
v0x56515f479120_0 .net "alu_pc_op", 0 0, L_0x56515f4f34d0;  alias, 1 drivers
v0x56515f4791c0_0 .net "branch_op", 3 0, L_0x56515f500040;  alias, 1 drivers
v0x56515f479260_0 .net "branch_out", 31 0, L_0x56515f50c180;  alias, 1 drivers
v0x56515f479300_0 .net "equal", 0 0, L_0x56515f509fb0;  alias, 1 drivers
v0x56515f4793a0_0 .net "imm_in", 31 0, L_0x56515f5096d0;  alias, 1 drivers
v0x56515f479440_0 .net "jalr_op", 0 0, L_0x56515f504fb0;  alias, 1 drivers
v0x56515f4794e0_0 .net "opsel", 2 0, L_0x56515f50a620;  1 drivers
v0x56515f479580_0 .net "pc_in", 31 0, v0x56515f4bc7c0_0;  alias, 1 drivers
v0x56515f479620_0 .net "pc_src_op", 0 0, L_0x56515f502090;  alias, 1 drivers
v0x56515f4796c0_0 .net "slt", 0 0, L_0x56515f50a450;  alias, 1 drivers
L_0x56515f50a620 .part L_0x56515f500040, 0, 3;
L_0x56515f50a6c0 .part L_0x56515f500040, 3, 1;
L_0x56515f50a870 .cmp/eq 3, L_0x56515f50a620, L_0x7fa17a24af20;
L_0x56515f50aa70 .cmp/eq 3, L_0x56515f50a620, L_0x7fa17a24af68;
L_0x56515f50ad70 .cmp/eq 3, L_0x56515f50a620, L_0x7fa17a24afb0;
L_0x56515f50af60 .cmp/eq 3, L_0x56515f50a620, L_0x7fa17a24aff8;
L_0x56515f50b210 .cmp/eq 3, L_0x56515f50a620, L_0x7fa17a24b040;
L_0x56515f50b410 .cmp/eq 3, L_0x56515f50a620, L_0x7fa17a24b088;
L_0x56515f50b730 .functor MUXZ 32, L_0x7fa17a24b0d0, L_0x56515f5096d0, L_0x56515f50b5c0, C4<>;
L_0x56515f50b820 .functor MUXZ 32, L_0x56515f50b730, L_0x56515f5096d0, L_0x56515f50b300, C4<>;
L_0x56515f50b970 .functor MUXZ 32, L_0x56515f50b820, L_0x56515f5096d0, L_0x56515f50b150, C4<>;
L_0x56515f50bab0 .functor MUXZ 32, L_0x56515f50b970, L_0x56515f5096d0, L_0x56515f50aea0, C4<>;
L_0x56515f50bc10 .functor MUXZ 32, L_0x56515f50bab0, L_0x56515f5096d0, L_0x56515f50ac60, C4<>;
L_0x56515f50bd50 .functor MUXZ 32, L_0x56515f50bc10, L_0x56515f5096d0, L_0x56515f50a9b0, C4<>;
L_0x56515f50bec0 .functor MUXZ 32, L_0x56515f5096d0, L_0x56515f50bd50, L_0x56515f50a760, C4<>;
L_0x56515f50c000 .functor MUXZ 32, L_0x7fa17a24b118, L_0x56515f50bec0, L_0x56515f502090, C4<>;
L_0x56515f50c180 .functor MUXZ 32, L_0x56515f50c000, L_0x56515f5096d0, L_0x56515f504fb0, C4<>;
S_0x56515f479760 .scope module, "i_control" "control" 7 83, 9 1 0, S_0x56515f1fb9d0;
 .timescale 0 0;
    .port_info 0 /INPUT 7 "opcode";
    .port_info 1 /INPUT 3 "funct3";
    .port_info 2 /INPUT 7 "funct7";
    .port_info 3 /INPUT 6 "o_format";
    .port_info 4 /OUTPUT 3 "alu_op";
    .port_info 5 /OUTPUT 4 "branch_op";
    .port_info 6 /OUTPUT 1 "mem_write";
    .port_info 7 /OUTPUT 2 "reg_write_source_op";
    .port_info 8 /OUTPUT 1 "reg_write";
    .port_info 9 /OUTPUT 1 "alu_src_op";
    .port_info 10 /OUTPUT 1 "pc_src_op";
    .port_info 11 /OUTPUT 4 "o_dmem_mask";
    .port_info 12 /OUTPUT 1 "i_sub";
    .port_info 13 /OUTPUT 1 "i_unsigned";
    .port_info 14 /OUTPUT 1 "i_arith";
    .port_info 15 /OUTPUT 1 "jalr_op";
    .port_info 16 /OUTPUT 1 "alu_pc_op";
    .port_info 17 /OUTPUT 1 "mem_read";
    .port_info 18 /OUTPUT 1 "lui_op";
P_0x56515f4798f0 .param/l "B_TYPE" 1 9 28, C4<001000>;
P_0x56515f479930 .param/l "I_TYPE" 1 9 26, C4<000010>;
P_0x56515f479970 .param/l "J_TYPE" 1 9 30, C4<100000>;
P_0x56515f4799b0 .param/l "R_TYPE" 1 9 25, C4<000001>;
P_0x56515f4799f0 .param/l "S_TYPE" 1 9 27, C4<000100>;
P_0x56515f479a30 .param/l "U_TYPE" 1 9 29, C4<010000>;
L_0x56515f4ff7c0 .functor AND 1, L_0x56515f4ff5e0, L_0x56515f4ff6d0, C4<1>, C4<1>;
L_0x56515f4ff8d0 .functor OR 1, L_0x56515f4ff4f0, L_0x56515f4ff7c0, C4<0>, C4<0>;
L_0x56515f4ffcb0 .functor OR 1, L_0x56515f4ffb20, L_0x56515f4ffbc0, C4<0>, C4<0>;
L_0x56515f5005c0 .functor OR 1, L_0x56515f5003c0, L_0x56515f500520, C4<0>, C4<0>;
L_0x56515f5004b0 .functor OR 1, L_0x56515f5005c0, L_0x56515f5006d0, C4<0>, C4<0>;
L_0x56515f5009d0 .functor OR 1, L_0x56515f5004b0, L_0x56515f5008e0, C4<0>, C4<0>;
L_0x56515f500b80 .functor OR 1, L_0x56515f500cb0, L_0x56515f500da0, C4<0>, C4<0>;
L_0x56515f501800 .functor OR 1, L_0x56515f501600, L_0x56515f501370, C4<0>, C4<0>;
L_0x56515f501a00 .functor OR 1, L_0x56515f501b20, L_0x56515f501c10, C4<0>, C4<0>;
L_0x56515f501f20 .functor OR 1, L_0x56515f501a00, L_0x56515f501e30, C4<0>, C4<0>;
L_0x56515f502130 .functor OR 1, L_0x56515f502220, L_0x56515f502310, C4<0>, C4<0>;
L_0x56515f503080 .functor AND 1, L_0x56515f502e50, L_0x56515f502b90, C4<1>, C4<1>;
L_0x56515f5032a0 .functor AND 1, L_0x56515f502fe0, L_0x56515f503440, C4<1>, C4<1>;
L_0x56515f503530 .functor AND 1, L_0x56515f503690, L_0x56515f503780, C4<1>, C4<1>;
L_0x56515f503190 .functor OR 1, L_0x56515f5032a0, L_0x56515f503530, C4<0>, C4<0>;
L_0x7fa17a24a3e0 .functor BUFT 1, C4<1>, C4<0>, C4<0>, C4<0>;
L_0x56515f503870 .functor XNOR 1, L_0x56515f503ba0, L_0x7fa17a24a3e0, C4<0>, C4<0>;
L_0x56515f503980 .functor AND 1, L_0x56515f503ab0, L_0x56515f503870, C4<1>, C4<1>;
L_0x56515f503ea0 .functor OR 1, L_0x56515f503190, L_0x56515f503980, C4<0>, C4<0>;
L_0x56515f503d30 .functor AND 1, L_0x56515f504190, L_0x56515f503c40, C4<1>, C4<1>;
L_0x56515f504280 .functor AND 1, L_0x56515f503d30, L_0x56515f5044b0, C4<1>, C4<1>;
L_0x56515f504550 .functor AND 1, L_0x56515f503fb0, L_0x56515f5047a0, C4<1>, C4<1>;
L_0x56515f504ae0 .functor AND 1, L_0x56515f504550, L_0x56515f504a40, C4<1>, C4<1>;
L_0x56515f5046b0 .functor OR 1, L_0x56515f504280, L_0x56515f504ae0, C4<0>, C4<0>;
L_0x7fa17a249618 .functor BUFT 1, C4<000001>, C4<0>, C4<0>, C4<0>;
v0x56515f479d90_0 .net/2u *"_ivl_0", 5 0, L_0x7fa17a249618;  1 drivers
v0x56515f479e30_0 .net *"_ivl_10", 0 0, L_0x56515f4ff6d0;  1 drivers
L_0x7fa17a249c90 .functor BUFT 1, C4<000001>, C4<0>, C4<0>, C4<0>;
v0x56515f479ed0_0 .net/2u *"_ivl_102", 5 0, L_0x7fa17a249c90;  1 drivers
v0x56515f479f70_0 .net *"_ivl_104", 0 0, L_0x56515f501600;  1 drivers
L_0x7fa17a249cd8 .functor BUFT 1, C4<001000>, C4<0>, C4<0>, C4<0>;
v0x56515f47a010_0 .net/2u *"_ivl_106", 5 0, L_0x7fa17a249cd8;  1 drivers
v0x56515f47a0b0_0 .net *"_ivl_108", 0 0, L_0x56515f501370;  1 drivers
v0x56515f47a150_0 .net *"_ivl_111", 0 0, L_0x56515f501800;  1 drivers
L_0x7fa17a249d20 .functor BUFT 1, C4<0>, C4<0>, C4<0>, C4<0>;
v0x56515f47a1f0_0 .net/2u *"_ivl_112", 0 0, L_0x7fa17a249d20;  1 drivers
L_0x7fa17a249d68 .functor BUFT 1, C4<1>, C4<0>, C4<0>, C4<0>;
v0x56515f47a290_0 .net/2u *"_ivl_114", 0 0, L_0x7fa17a249d68;  1 drivers
L_0x7fa17a249db0 .functor BUFT 1, C4<001000>, C4<0>, C4<0>, C4<0>;
v0x56515f47a330_0 .net/2u *"_ivl_118", 5 0, L_0x7fa17a249db0;  1 drivers
v0x56515f47a3d0_0 .net *"_ivl_120", 0 0, L_0x56515f501b20;  1 drivers
L_0x7fa17a249df8 .functor BUFT 1, C4<100000>, C4<0>, C4<0>, C4<0>;
v0x56515f47a490_0 .net/2u *"_ivl_122", 5 0, L_0x7fa17a249df8;  1 drivers
v0x56515f47a570_0 .net *"_ivl_124", 0 0, L_0x56515f501c10;  1 drivers
v0x56515f47a630_0 .net *"_ivl_127", 0 0, L_0x56515f501a00;  1 drivers
L_0x7fa17a249e40 .functor BUFT 1, C4<1100111>, C4<0>, C4<0>, C4<0>;
v0x56515f47a6f0_0 .net/2u *"_ivl_128", 6 0, L_0x7fa17a249e40;  1 drivers
v0x56515f47a7d0_0 .net *"_ivl_13", 0 0, L_0x56515f4ff7c0;  1 drivers
v0x56515f47a890_0 .net *"_ivl_130", 0 0, L_0x56515f501e30;  1 drivers
v0x56515f47a950_0 .net *"_ivl_133", 0 0, L_0x56515f501f20;  1 drivers
L_0x7fa17a249e88 .functor BUFT 1, C4<1>, C4<0>, C4<0>, C4<0>;
v0x56515f47aa10_0 .net/2u *"_ivl_134", 0 0, L_0x7fa17a249e88;  1 drivers
L_0x7fa17a249ed0 .functor BUFT 1, C4<0>, C4<0>, C4<0>, C4<0>;
v0x56515f47aaf0_0 .net/2u *"_ivl_136", 0 0, L_0x7fa17a249ed0;  1 drivers
L_0x7fa17a249f18 .functor BUFT 1, C4<000100>, C4<0>, C4<0>, C4<0>;
v0x56515f47abd0_0 .net/2u *"_ivl_140", 5 0, L_0x7fa17a249f18;  1 drivers
v0x56515f47acb0_0 .net *"_ivl_142", 0 0, L_0x56515f502220;  1 drivers
L_0x7fa17a249f60 .functor BUFT 1, C4<0000011>, C4<0>, C4<0>, C4<0>;
v0x56515f47ad70_0 .net/2u *"_ivl_144", 6 0, L_0x7fa17a249f60;  1 drivers
v0x56515f47ae50_0 .net *"_ivl_146", 0 0, L_0x56515f502310;  1 drivers
v0x56515f47af10_0 .net *"_ivl_149", 0 0, L_0x56515f502130;  1 drivers
v0x56515f47afd0_0 .net *"_ivl_15", 0 0, L_0x56515f4ff8d0;  1 drivers
v0x56515f47b090_0 .net *"_ivl_151", 1 0, L_0x56515f502550;  1 drivers
L_0x7fa17a249fa8 .functor BUFT 1, C4<00>, C4<0>, C4<0>, C4<0>;
v0x56515f47b170_0 .net/2u *"_ivl_152", 1 0, L_0x7fa17a249fa8;  1 drivers
v0x56515f47b250_0 .net *"_ivl_154", 0 0, L_0x56515f5025f0;  1 drivers
L_0x7fa17a249ff0 .functor BUFT 1, C4<0001>, C4<0>, C4<0>, C4<0>;
v0x56515f47b310_0 .net/2u *"_ivl_156", 3 0, L_0x7fa17a249ff0;  1 drivers
v0x56515f47b3f0_0 .net *"_ivl_159", 1 0, L_0x56515f502400;  1 drivers
L_0x7fa17a2496f0 .functor BUFT 1, C4<000>, C4<0>, C4<0>, C4<0>;
v0x56515f47b4d0_0 .net/2u *"_ivl_16", 2 0, L_0x7fa17a2496f0;  1 drivers
L_0x7fa17a24a038 .functor BUFT 1, C4<01>, C4<0>, C4<0>, C4<0>;
v0x56515f47b5b0_0 .net/2u *"_ivl_160", 1 0, L_0x7fa17a24a038;  1 drivers
v0x56515f47b8a0_0 .net *"_ivl_162", 0 0, L_0x56515f502840;  1 drivers
L_0x7fa17a24a080 .functor BUFT 1, C4<0011>, C4<0>, C4<0>, C4<0>;
v0x56515f47b960_0 .net/2u *"_ivl_164", 3 0, L_0x7fa17a24a080;  1 drivers
L_0x7fa17a24a0c8 .functor BUFT 1, C4<1111>, C4<0>, C4<0>, C4<0>;
v0x56515f47ba40_0 .net/2u *"_ivl_166", 3 0, L_0x7fa17a24a0c8;  1 drivers
v0x56515f47bb20_0 .net *"_ivl_168", 3 0, L_0x56515f502730;  1 drivers
v0x56515f47bc00_0 .net *"_ivl_170", 3 0, L_0x56515f502af0;  1 drivers
L_0x7fa17a24a110 .functor BUFT 1, C4<0000>, C4<0>, C4<0>, C4<0>;
v0x56515f47bce0_0 .net/2u *"_ivl_172", 3 0, L_0x7fa17a24a110;  1 drivers
L_0x7fa17a24a158 .functor BUFT 1, C4<000001>, C4<0>, C4<0>, C4<0>;
v0x56515f47bdc0_0 .net/2u *"_ivl_176", 5 0, L_0x7fa17a24a158;  1 drivers
v0x56515f47bea0_0 .net *"_ivl_178", 0 0, L_0x56515f502e50;  1 drivers
L_0x7fa17a24a1a0 .functor BUFT 1, C4<0100000>, C4<0>, C4<0>, C4<0>;
v0x56515f47bf60_0 .net/2u *"_ivl_180", 6 0, L_0x7fa17a24a1a0;  1 drivers
v0x56515f47c040_0 .net *"_ivl_182", 0 0, L_0x56515f502b90;  1 drivers
v0x56515f47c100_0 .net *"_ivl_185", 0 0, L_0x56515f503080;  1 drivers
L_0x7fa17a24a1e8 .functor BUFT 1, C4<1>, C4<0>, C4<0>, C4<0>;
v0x56515f47c1c0_0 .net/2u *"_ivl_186", 0 0, L_0x7fa17a24a1e8;  1 drivers
L_0x7fa17a24a230 .functor BUFT 1, C4<0>, C4<0>, C4<0>, C4<0>;
v0x56515f47c2a0_0 .net/2u *"_ivl_188", 0 0, L_0x7fa17a24a230;  1 drivers
L_0x7fa17a24a278 .functor BUFT 1, C4<000001>, C4<0>, C4<0>, C4<0>;
v0x56515f47c380_0 .net/2u *"_ivl_192", 5 0, L_0x7fa17a24a278;  1 drivers
v0x56515f47c460_0 .net *"_ivl_194", 0 0, L_0x56515f502fe0;  1 drivers
L_0x7fa17a24a2c0 .functor BUFT 1, C4<011>, C4<0>, C4<0>, C4<0>;
v0x56515f47c520_0 .net/2u *"_ivl_196", 2 0, L_0x7fa17a24a2c0;  1 drivers
v0x56515f47c600_0 .net *"_ivl_198", 0 0, L_0x56515f503440;  1 drivers
v0x56515f47c6c0_0 .net *"_ivl_2", 0 0, L_0x56515f4ff4f0;  1 drivers
L_0x7fa17a249738 .functor BUFT 1, C4<100000>, C4<0>, C4<0>, C4<0>;
v0x56515f47c780_0 .net/2u *"_ivl_20", 5 0, L_0x7fa17a249738;  1 drivers
v0x56515f47c860_0 .net *"_ivl_201", 0 0, L_0x56515f5032a0;  1 drivers
L_0x7fa17a24a308 .functor BUFT 1, C4<000010>, C4<0>, C4<0>, C4<0>;
v0x56515f47c920_0 .net/2u *"_ivl_202", 5 0, L_0x7fa17a24a308;  1 drivers
v0x56515f47ca00_0 .net *"_ivl_204", 0 0, L_0x56515f503690;  1 drivers
L_0x7fa17a24a350 .functor BUFT 1, C4<011>, C4<0>, C4<0>, C4<0>;
v0x56515f47cac0_0 .net/2u *"_ivl_206", 2 0, L_0x7fa17a24a350;  1 drivers
v0x56515f47cba0_0 .net *"_ivl_208", 0 0, L_0x56515f503780;  1 drivers
v0x56515f47cc60_0 .net *"_ivl_211", 0 0, L_0x56515f503530;  1 drivers
v0x56515f47cd20_0 .net *"_ivl_213", 0 0, L_0x56515f503190;  1 drivers
L_0x7fa17a24a398 .functor BUFT 1, C4<001000>, C4<0>, C4<0>, C4<0>;
v0x56515f47cde0_0 .net/2u *"_ivl_214", 5 0, L_0x7fa17a24a398;  1 drivers
v0x56515f47cec0_0 .net *"_ivl_216", 0 0, L_0x56515f503ab0;  1 drivers
v0x56515f47cf80_0 .net *"_ivl_219", 0 0, L_0x56515f503ba0;  1 drivers
v0x56515f47d060_0 .net *"_ivl_22", 0 0, L_0x56515f4ffb20;  1 drivers
v0x56515f47d120_0 .net/2u *"_ivl_220", 0 0, L_0x7fa17a24a3e0;  1 drivers
v0x56515f47d200_0 .net *"_ivl_222", 0 0, L_0x56515f503870;  1 drivers
v0x56515f47d2c0_0 .net *"_ivl_225", 0 0, L_0x56515f503980;  1 drivers
v0x56515f47d380_0 .net *"_ivl_227", 0 0, L_0x56515f503ea0;  1 drivers
L_0x7fa17a24a428 .functor BUFT 1, C4<1>, C4<0>, C4<0>, C4<0>;
v0x56515f47d440_0 .net/2u *"_ivl_228", 0 0, L_0x7fa17a24a428;  1 drivers
L_0x7fa17a24a470 .functor BUFT 1, C4<0>, C4<0>, C4<0>, C4<0>;
v0x56515f47d520_0 .net/2u *"_ivl_230", 0 0, L_0x7fa17a24a470;  1 drivers
L_0x7fa17a24a4b8 .functor BUFT 1, C4<000001>, C4<0>, C4<0>, C4<0>;
v0x56515f47d600_0 .net/2u *"_ivl_234", 5 0, L_0x7fa17a24a4b8;  1 drivers
v0x56515f47d6e0_0 .net *"_ivl_236", 0 0, L_0x56515f504190;  1 drivers
L_0x7fa17a24a500 .functor BUFT 1, C4<101>, C4<0>, C4<0>, C4<0>;
v0x56515f47d7a0_0 .net/2u *"_ivl_238", 2 0, L_0x7fa17a24a500;  1 drivers
L_0x7fa17a249780 .functor BUFT 1, C4<1100111>, C4<0>, C4<0>, C4<0>;
v0x56515f47d880_0 .net/2u *"_ivl_24", 6 0, L_0x7fa17a249780;  1 drivers
v0x56515f47d960_0 .net *"_ivl_240", 0 0, L_0x56515f503c40;  1 drivers
v0x56515f47da20_0 .net *"_ivl_243", 0 0, L_0x56515f503d30;  1 drivers
L_0x7fa17a24a548 .functor BUFT 1, C4<0100000>, C4<0>, C4<0>, C4<0>;
v0x56515f47dae0_0 .net/2u *"_ivl_244", 6 0, L_0x7fa17a24a548;  1 drivers
v0x56515f47dbc0_0 .net *"_ivl_246", 0 0, L_0x56515f5044b0;  1 drivers
v0x56515f47dc80_0 .net *"_ivl_249", 0 0, L_0x56515f504280;  1 drivers
L_0x7fa17a24a590 .functor BUFT 1, C4<000010>, C4<0>, C4<0>, C4<0>;
v0x56515f47dd40_0 .net/2u *"_ivl_250", 5 0, L_0x7fa17a24a590;  1 drivers
v0x56515f47de20_0 .net *"_ivl_252", 0 0, L_0x56515f503fb0;  1 drivers
L_0x7fa17a24a5d8 .functor BUFT 1, C4<101>, C4<0>, C4<0>, C4<0>;
v0x56515f47dee0_0 .net/2u *"_ivl_254", 2 0, L_0x7fa17a24a5d8;  1 drivers
v0x56515f47dfc0_0 .net *"_ivl_256", 0 0, L_0x56515f5047a0;  1 drivers
v0x56515f47e080_0 .net *"_ivl_259", 0 0, L_0x56515f504550;  1 drivers
v0x56515f47e140_0 .net *"_ivl_26", 0 0, L_0x56515f4ffbc0;  1 drivers
L_0x7fa17a24a620 .functor BUFT 1, C4<0100000>, C4<0>, C4<0>, C4<0>;
v0x56515f47e200_0 .net/2u *"_ivl_260", 6 0, L_0x7fa17a24a620;  1 drivers
v0x56515f47e2e0_0 .net *"_ivl_262", 0 0, L_0x56515f504a40;  1 drivers
v0x56515f47e3a0_0 .net *"_ivl_265", 0 0, L_0x56515f504ae0;  1 drivers
v0x56515f47e460_0 .net *"_ivl_267", 0 0, L_0x56515f5046b0;  1 drivers
L_0x7fa17a24a668 .functor BUFT 1, C4<1>, C4<0>, C4<0>, C4<0>;
v0x56515f47e520_0 .net/2u *"_ivl_268", 0 0, L_0x7fa17a24a668;  1 drivers
L_0x7fa17a24a6b0 .functor BUFT 1, C4<0>, C4<0>, C4<0>, C4<0>;
v0x56515f47e600_0 .net/2u *"_ivl_270", 0 0, L_0x7fa17a24a6b0;  1 drivers
L_0x7fa17a24a6f8 .functor BUFT 1, C4<1100111>, C4<0>, C4<0>, C4<0>;
v0x56515f47e6e0_0 .net/2u *"_ivl_274", 6 0, L_0x7fa17a24a6f8;  1 drivers
v0x56515f47e7c0_0 .net *"_ivl_276", 0 0, L_0x56515f504980;  1 drivers
L_0x7fa17a24a740 .functor BUFT 1, C4<1>, C4<0>, C4<0>, C4<0>;
v0x56515f47e880_0 .net/2u *"_ivl_278", 0 0, L_0x7fa17a24a740;  1 drivers
L_0x7fa17a24a788 .functor BUFT 1, C4<0>, C4<0>, C4<0>, C4<0>;
v0x56515f47e960_0 .net/2u *"_ivl_280", 0 0, L_0x7fa17a24a788;  1 drivers
L_0x7fa17a24a7d0 .functor BUFT 1, C4<0010111>, C4<0>, C4<0>, C4<0>;
v0x56515f47ea40_0 .net/2u *"_ivl_284", 6 0, L_0x7fa17a24a7d0;  1 drivers
v0x56515f47eb20_0 .net *"_ivl_286", 0 0, L_0x56515f504e90;  1 drivers
L_0x7fa17a24a818 .functor BUFT 1, C4<1>, C4<0>, C4<0>, C4<0>;
v0x56515f47ebe0_0 .net/2u *"_ivl_288", 0 0, L_0x7fa17a24a818;  1 drivers
L_0x7fa17a24a860 .functor BUFT 1, C4<0>, C4<0>, C4<0>, C4<0>;
v0x56515f47ecc0_0 .net/2u *"_ivl_290", 0 0, L_0x7fa17a24a860;  1 drivers
L_0x7fa17a24a8a8 .functor BUFT 1, C4<0000011>, C4<0>, C4<0>, C4<0>;
v0x56515f47eda0_0 .net/2u *"_ivl_294", 6 0, L_0x7fa17a24a8a8;  1 drivers
v0x56515f47ee80_0 .net *"_ivl_296", 0 0, L_0x56515f4f3880;  1 drivers
L_0x7fa17a24a8f0 .functor BUFT 1, C4<1>, C4<0>, C4<0>, C4<0>;
v0x56515f47ef40_0 .net/2u *"_ivl_298", 0 0, L_0x7fa17a24a8f0;  1 drivers
L_0x7fa17a2497c8 .functor BUFT 1, C4<001000>, C4<0>, C4<0>, C4<0>;
v0x56515f47f020_0 .net/2u *"_ivl_30", 5 0, L_0x7fa17a2497c8;  1 drivers
L_0x7fa17a24a938 .functor BUFT 1, C4<0>, C4<0>, C4<0>, C4<0>;
v0x56515f47f100_0 .net/2u *"_ivl_300", 0 0, L_0x7fa17a24a938;  1 drivers
L_0x7fa17a24a980 .functor BUFT 1, C4<0110111>, C4<0>, C4<0>, C4<0>;
v0x56515f47f1e0_0 .net/2u *"_ivl_304", 6 0, L_0x7fa17a24a980;  1 drivers
v0x56515f47f2c0_0 .net *"_ivl_306", 0 0, L_0x56515f5050a0;  1 drivers
L_0x7fa17a24a9c8 .functor BUFT 1, C4<1>, C4<0>, C4<0>, C4<0>;
v0x56515f47f380_0 .net/2u *"_ivl_308", 0 0, L_0x7fa17a24a9c8;  1 drivers
L_0x7fa17a24aa10 .functor BUFT 1, C4<0>, C4<0>, C4<0>, C4<0>;
v0x56515f47f460_0 .net/2u *"_ivl_310", 0 0, L_0x7fa17a24aa10;  1 drivers
v0x56515f47f540_0 .net *"_ivl_32", 0 0, L_0x56515f4ffdc0;  1 drivers
L_0x7fa17a249810 .functor BUFT 1, C4<000>, C4<0>, C4<0>, C4<0>;
v0x56515f47f600_0 .net/2u *"_ivl_34", 2 0, L_0x7fa17a249810;  1 drivers
L_0x7fa17a249660 .functor BUFT 1, C4<000010>, C4<0>, C4<0>, C4<0>;
v0x56515f47f6e0_0 .net/2u *"_ivl_4", 5 0, L_0x7fa17a249660;  1 drivers
L_0x7fa17a249858 .functor BUFT 1, C4<000100>, C4<0>, C4<0>, C4<0>;
v0x56515f47f7c0_0 .net/2u *"_ivl_40", 5 0, L_0x7fa17a249858;  1 drivers
v0x56515f47f8a0_0 .net *"_ivl_42", 0 0, L_0x56515f500130;  1 drivers
L_0x7fa17a2498a0 .functor BUFT 1, C4<1>, C4<0>, C4<0>, C4<0>;
v0x56515f47f960_0 .net/2u *"_ivl_44", 0 0, L_0x7fa17a2498a0;  1 drivers
L_0x7fa17a2498e8 .functor BUFT 1, C4<0>, C4<0>, C4<0>, C4<0>;
v0x56515f47fa40_0 .net/2u *"_ivl_46", 0 0, L_0x7fa17a2498e8;  1 drivers
L_0x7fa17a249930 .functor BUFT 1, C4<000001>, C4<0>, C4<0>, C4<0>;
v0x56515f47fb20_0 .net/2u *"_ivl_50", 5 0, L_0x7fa17a249930;  1 drivers
v0x56515f47fc00_0 .net *"_ivl_52", 0 0, L_0x56515f5003c0;  1 drivers
L_0x7fa17a249978 .functor BUFT 1, C4<000010>, C4<0>, C4<0>, C4<0>;
v0x56515f47fcc0_0 .net/2u *"_ivl_54", 5 0, L_0x7fa17a249978;  1 drivers
v0x56515f47fda0_0 .net *"_ivl_56", 0 0, L_0x56515f500520;  1 drivers
v0x56515f47fe60_0 .net *"_ivl_59", 0 0, L_0x56515f5005c0;  1 drivers
v0x56515f47ff20_0 .net *"_ivl_6", 0 0, L_0x56515f4ff5e0;  1 drivers
L_0x7fa17a2499c0 .functor BUFT 1, C4<010000>, C4<0>, C4<0>, C4<0>;
v0x56515f47ffe0_0 .net/2u *"_ivl_60", 5 0, L_0x7fa17a2499c0;  1 drivers
v0x56515f4800c0_0 .net *"_ivl_62", 0 0, L_0x56515f5006d0;  1 drivers
v0x56515f480180_0 .net *"_ivl_65", 0 0, L_0x56515f5004b0;  1 drivers
L_0x7fa17a249a08 .functor BUFT 1, C4<100000>, C4<0>, C4<0>, C4<0>;
v0x56515f480240_0 .net/2u *"_ivl_66", 5 0, L_0x7fa17a249a08;  1 drivers
v0x56515f480320_0 .net *"_ivl_68", 0 0, L_0x56515f5008e0;  1 drivers
v0x56515f4803e0_0 .net *"_ivl_71", 0 0, L_0x56515f5009d0;  1 drivers
L_0x7fa17a249a50 .functor BUFT 1, C4<1>, C4<0>, C4<0>, C4<0>;
v0x56515f4804a0_0 .net/2u *"_ivl_72", 0 0, L_0x7fa17a249a50;  1 drivers
L_0x7fa17a249a98 .functor BUFT 1, C4<0>, C4<0>, C4<0>, C4<0>;
v0x56515f480580_0 .net/2u *"_ivl_74", 0 0, L_0x7fa17a249a98;  1 drivers
L_0x7fa17a249ae0 .functor BUFT 1, C4<100000>, C4<0>, C4<0>, C4<0>;
v0x56515f480660_0 .net/2u *"_ivl_78", 5 0, L_0x7fa17a249ae0;  1 drivers
L_0x7fa17a2496a8 .functor BUFT 1, C4<0000011>, C4<0>, C4<0>, C4<0>;
v0x56515f480f50_0 .net/2u *"_ivl_8", 6 0, L_0x7fa17a2496a8;  1 drivers
v0x56515f481030_0 .net *"_ivl_80", 0 0, L_0x56515f500cb0;  1 drivers
L_0x7fa17a249b28 .functor BUFT 1, C4<1100111>, C4<0>, C4<0>, C4<0>;
v0x56515f4810f0_0 .net/2u *"_ivl_82", 6 0, L_0x7fa17a249b28;  1 drivers
v0x56515f4811d0_0 .net *"_ivl_84", 0 0, L_0x56515f500da0;  1 drivers
v0x56515f481290_0 .net *"_ivl_87", 0 0, L_0x56515f500b80;  1 drivers
L_0x7fa17a249b70 .functor BUFT 1, C4<01>, C4<0>, C4<0>, C4<0>;
v0x56515f481350_0 .net/2u *"_ivl_88", 1 0, L_0x7fa17a249b70;  1 drivers
L_0x7fa17a249bb8 .functor BUFT 1, C4<0000011>, C4<0>, C4<0>, C4<0>;
v0x56515f481430_0 .net/2u *"_ivl_90", 6 0, L_0x7fa17a249bb8;  1 drivers
v0x56515f481510_0 .net *"_ivl_92", 0 0, L_0x56515f5011e0;  1 drivers
L_0x7fa17a249c00 .functor BUFT 1, C4<10>, C4<0>, C4<0>, C4<0>;
v0x56515f4815d0_0 .net/2u *"_ivl_94", 1 0, L_0x7fa17a249c00;  1 drivers
L_0x7fa17a249c48 .functor BUFT 1, C4<00>, C4<0>, C4<0>, C4<0>;
v0x56515f4816b0_0 .net/2u *"_ivl_96", 1 0, L_0x7fa17a249c48;  1 drivers
v0x56515f481790_0 .net *"_ivl_98", 1 0, L_0x56515f5012d0;  1 drivers
v0x56515f481870_0 .net "alu_op", 2 0, L_0x56515f4ff9e0;  alias, 1 drivers
v0x56515f481950_0 .net "alu_pc_op", 0 0, L_0x56515f4f34d0;  alias, 1 drivers
v0x56515f4819f0_0 .net "alu_src_op", 0 0, L_0x56515f501960;  alias, 1 drivers
v0x56515f481a90_0 .net "branch_funct3", 2 0, L_0x56515f4ffeb0;  1 drivers
v0x56515f481b70_0 .net "branch_op", 3 0, L_0x56515f500040;  alias, 1 drivers
v0x56515f481c60_0 .net "funct3", 2 0, L_0x56515f4fe830;  alias, 1 drivers
v0x56515f481d20_0 .net "funct7", 6 0, L_0x56515f4ff1d0;  alias, 1 drivers
v0x56515f481e00_0 .net "i_arith", 0 0, L_0x56515f504d00;  alias, 1 drivers
v0x56515f481ec0_0 .net "i_sub", 0 0, L_0x56515f503200;  alias, 1 drivers
v0x56515f481f80_0 .net "i_unsigned", 0 0, L_0x56515f504050;  alias, 1 drivers
v0x56515f482040_0 .net "jalr_op", 0 0, L_0x56515f504fb0;  alias, 1 drivers
v0x56515f482110_0 .net "jump_op", 0 0, L_0x56515f4ffcb0;  1 drivers
v0x56515f4821b0_0 .net "lui_op", 0 0, L_0x56515f4f3570;  alias, 1 drivers
v0x56515f482270_0 .net "mem_read", 0 0, L_0x56515f4f3970;  alias, 1 drivers
v0x56515f482330_0 .net "mem_write", 0 0, L_0x56515f500280;  alias, 1 drivers
v0x56515f4823f0_0 .net "o_dmem_mask", 3 0, L_0x56515f502cc0;  alias, 1 drivers
v0x56515f4824d0_0 .net "o_format", 5 0, L_0x56515f4fdc40;  alias, 1 drivers
v0x56515f4825b0_0 .net "opcode", 6 0, L_0x56515f4fddd0;  alias, 1 drivers
v0x56515f482690_0 .net "pc_src_op", 0 0, L_0x56515f502090;  alias, 1 drivers
v0x56515f482760_0 .net "reg_write", 0 0, L_0x56515f500ae0;  alias, 1 drivers
v0x56515f482800_0 .net "reg_write_source_op", 1 0, L_0x56515f501470;  alias, 1 drivers
L_0x56515f4ff4f0 .cmp/eq 6, L_0x56515f4fdc40, L_0x7fa17a249618;
L_0x56515f4ff5e0 .cmp/eq 6, L_0x56515f4fdc40, L_0x7fa17a249660;
L_0x56515f4ff6d0 .cmp/ne 7, L_0x56515f4fddd0, L_0x7fa17a2496a8;
L_0x56515f4ff9e0 .functor MUXZ 3, L_0x7fa17a2496f0, L_0x56515f4fe830, L_0x56515f4ff8d0, C4<>;
L_0x56515f4ffb20 .cmp/eq 6, L_0x56515f4fdc40, L_0x7fa17a249738;
L_0x56515f4ffbc0 .cmp/eq 7, L_0x56515f4fddd0, L_0x7fa17a249780;
L_0x56515f4ffdc0 .cmp/eq 6, L_0x56515f4fdc40, L_0x7fa17a2497c8;
L_0x56515f4ffeb0 .functor MUXZ 3, L_0x7fa17a249810, L_0x56515f4fe830, L_0x56515f4ffdc0, C4<>;
L_0x56515f500040 .concat [ 3 1 0 0], L_0x56515f4ffeb0, L_0x56515f4ffcb0;
L_0x56515f500130 .cmp/eq 6, L_0x56515f4fdc40, L_0x7fa17a249858;
L_0x56515f500280 .functor MUXZ 1, L_0x7fa17a2498e8, L_0x7fa17a2498a0, L_0x56515f500130, C4<>;
L_0x56515f5003c0 .cmp/eq 6, L_0x56515f4fdc40, L_0x7fa17a249930;
L_0x56515f500520 .cmp/eq 6, L_0x56515f4fdc40, L_0x7fa17a249978;
L_0x56515f5006d0 .cmp/eq 6, L_0x56515f4fdc40, L_0x7fa17a2499c0;
L_0x56515f5008e0 .cmp/eq 6, L_0x56515f4fdc40, L_0x7fa17a249a08;
L_0x56515f500ae0 .functor MUXZ 1, L_0x7fa17a249a98, L_0x7fa17a249a50, L_0x56515f5009d0, C4<>;
L_0x56515f500cb0 .cmp/eq 6, L_0x56515f4fdc40, L_0x7fa17a249ae0;
L_0x56515f500da0 .cmp/eq 7, L_0x56515f4fddd0, L_0x7fa17a249b28;
L_0x56515f5011e0 .cmp/eq 7, L_0x56515f4fddd0, L_0x7fa17a249bb8;
L_0x56515f5012d0 .functor MUXZ 2, L_0x7fa17a249c48, L_0x7fa17a249c00, L_0x56515f5011e0, C4<>;
L_0x56515f501470 .functor MUXZ 2, L_0x56515f5012d0, L_0x7fa17a249b70, L_0x56515f500b80, C4<>;
L_0x56515f501600 .cmp/eq 6, L_0x56515f4fdc40, L_0x7fa17a249c90;
L_0x56515f501370 .cmp/eq 6, L_0x56515f4fdc40, L_0x7fa17a249cd8;
L_0x56515f501960 .functor MUXZ 1, L_0x7fa17a249d68, L_0x7fa17a249d20, L_0x56515f501800, C4<>;
L_0x56515f501b20 .cmp/eq 6, L_0x56515f4fdc40, L_0x7fa17a249db0;
L_0x56515f501c10 .cmp/eq 6, L_0x56515f4fdc40, L_0x7fa17a249df8;
L_0x56515f501e30 .cmp/eq 7, L_0x56515f4fddd0, L_0x7fa17a249e40;
L_0x56515f502090 .functor MUXZ 1, L_0x7fa17a249ed0, L_0x7fa17a249e88, L_0x56515f501f20, C4<>;
L_0x56515f502220 .cmp/eq 6, L_0x56515f4fdc40, L_0x7fa17a249f18;
L_0x56515f502310 .cmp/eq 7, L_0x56515f4fddd0, L_0x7fa17a249f60;
L_0x56515f502550 .part L_0x56515f4fe830, 0, 2;
L_0x56515f5025f0 .cmp/eq 2, L_0x56515f502550, L_0x7fa17a249fa8;
L_0x56515f502400 .part L_0x56515f4fe830, 0, 2;
L_0x56515f502840 .cmp/eq 2, L_0x56515f502400, L_0x7fa17a24a038;
L_0x56515f502730 .functor MUXZ 4, L_0x7fa17a24a0c8, L_0x7fa17a24a080, L_0x56515f502840, C4<>;
L_0x56515f502af0 .functor MUXZ 4, L_0x56515f502730, L_0x7fa17a249ff0, L_0x56515f5025f0, C4<>;
L_0x56515f502cc0 .functor MUXZ 4, L_0x7fa17a24a110, L_0x56515f502af0, L_0x56515f502130, C4<>;
L_0x56515f502e50 .cmp/eq 6, L_0x56515f4fdc40, L_0x7fa17a24a158;
L_0x56515f502b90 .cmp/eq 7, L_0x56515f4ff1d0, L_0x7fa17a24a1a0;
L_0x56515f503200 .functor MUXZ 1, L_0x7fa17a24a230, L_0x7fa17a24a1e8, L_0x56515f503080, C4<>;
L_0x56515f502fe0 .cmp/eq 6, L_0x56515f4fdc40, L_0x7fa17a24a278;
L_0x56515f503440 .cmp/eq 3, L_0x56515f4fe830, L_0x7fa17a24a2c0;
L_0x56515f503690 .cmp/eq 6, L_0x56515f4fdc40, L_0x7fa17a24a308;
L_0x56515f503780 .cmp/eq 3, L_0x56515f4fe830, L_0x7fa17a24a350;
L_0x56515f503ab0 .cmp/eq 6, L_0x56515f4fdc40, L_0x7fa17a24a398;
L_0x56515f503ba0 .part L_0x56515f4fe830, 1, 1;
L_0x56515f504050 .functor MUXZ 1, L_0x7fa17a24a470, L_0x7fa17a24a428, L_0x56515f503ea0, C4<>;
L_0x56515f504190 .cmp/eq 6, L_0x56515f4fdc40, L_0x7fa17a24a4b8;
L_0x56515f503c40 .cmp/eq 3, L_0x56515f4fe830, L_0x7fa17a24a500;
L_0x56515f5044b0 .cmp/eq 7, L_0x56515f4ff1d0, L_0x7fa17a24a548;
L_0x56515f503fb0 .cmp/eq 6, L_0x56515f4fdc40, L_0x7fa17a24a590;
L_0x56515f5047a0 .cmp/eq 3, L_0x56515f4fe830, L_0x7fa17a24a5d8;
L_0x56515f504a40 .cmp/eq 7, L_0x56515f4ff1d0, L_0x7fa17a24a620;
L_0x56515f504d00 .functor MUXZ 1, L_0x7fa17a24a6b0, L_0x7fa17a24a668, L_0x56515f5046b0, C4<>;
L_0x56515f504980 .cmp/eq 7, L_0x56515f4fddd0, L_0x7fa17a24a6f8;
L_0x56515f504fb0 .functor MUXZ 1, L_0x7fa17a24a788, L_0x7fa17a24a740, L_0x56515f504980, C4<>;
L_0x56515f504e90 .cmp/eq 7, L_0x56515f4fddd0, L_0x7fa17a24a7d0;
L_0x56515f4f34d0 .functor MUXZ 1, L_0x7fa17a24a860, L_0x7fa17a24a818, L_0x56515f504e90, C4<>;
L_0x56515f4f3880 .cmp/eq 7, L_0x56515f4fddd0, L_0x7fa17a24a8a8;
L_0x56515f4f3970 .functor MUXZ 1, L_0x7fa17a24a938, L_0x7fa17a24a8f0, L_0x56515f4f3880, C4<>;
L_0x56515f5050a0 .cmp/eq 7, L_0x56515f4fddd0, L_0x7fa17a24a980;
L_0x56515f4f3570 .functor MUXZ 1, L_0x7fa17a24aa10, L_0x7fa17a24a9c8, L_0x56515f5050a0, C4<>;
S_0x56515f482be0 .scope module, "i_imm" "imm" 7 120, 10 6 0, S_0x56515f1fb9d0;
 .timescale 0 0;
    .port_info 0 /INPUT 32 "i_inst";
    .port_info 1 /INPUT 6 "i_format";
    .port_info 2 /OUTPUT 32 "o_immediate";
v0x56515f479a80_0 .net *"_ivl_11", 0 0, L_0x56515f507780;  1 drivers
v0x56515f482e00_0 .net *"_ivl_13", 20 0, L_0x56515f507820;  1 drivers
v0x56515f482ee0_0 .net *"_ivl_15", 5 0, L_0x56515f507910;  1 drivers
v0x56515f482fd0_0 .net *"_ivl_17", 4 0, L_0x56515f5079b0;  1 drivers
v0x56515f4830b0_0 .net *"_ivl_21", 0 0, L_0x56515f507c30;  1 drivers
v0x56515f4831e0_0 .net *"_ivl_23", 19 0, L_0x56515f507d30;  1 drivers
v0x56515f4832c0_0 .net *"_ivl_25", 0 0, L_0x56515f507dd0;  1 drivers
v0x56515f4833a0_0 .net *"_ivl_27", 5 0, L_0x56515f507ee0;  1 drivers
v0x56515f483480_0 .net *"_ivl_29", 3 0, L_0x56515f508190;  1 drivers
v0x56515f483560_0 .net *"_ivl_3", 0 0, L_0x56515f507410;  1 drivers
L_0x7fa17a24ace0 .functor BUFT 1, C4<0>, C4<0>, C4<0>, C4<0>;
v0x56515f483640_0 .net/2u *"_ivl_30", 0 0, L_0x7fa17a24ace0;  1 drivers
v0x56515f483720_0 .net *"_ivl_35", 19 0, L_0x56515f508440;  1 drivers
L_0x7fa17a24ad28 .functor BUFT 1, C4<000000000000>, C4<0>, C4<0>, C4<0>;
v0x56515f483800_0 .net/2u *"_ivl_36", 11 0, L_0x7fa17a24ad28;  1 drivers
v0x56515f4838e0_0 .net *"_ivl_41", 0 0, L_0x56515f508660;  1 drivers
v0x56515f4839c0_0 .net *"_ivl_43", 11 0, L_0x56515f5087a0;  1 drivers
v0x56515f483aa0_0 .net *"_ivl_45", 7 0, L_0x56515f508840;  1 drivers
v0x56515f483b80_0 .net *"_ivl_47", 0 0, L_0x56515f508700;  1 drivers
v0x56515f483c60_0 .net *"_ivl_49", 9 0, L_0x56515f508990;  1 drivers
v0x56515f483d40_0 .net *"_ivl_5", 20 0, L_0x56515f5074b0;  1 drivers
L_0x7fa17a24ad70 .functor BUFT 1, C4<0>, C4<0>, C4<0>, C4<0>;
v0x56515f483e20_0 .net/2u *"_ivl_50", 0 0, L_0x7fa17a24ad70;  1 drivers
v0x56515f483f00_0 .net *"_ivl_55", 0 0, L_0x56515f508c80;  1 drivers
v0x56515f483fe0_0 .net *"_ivl_57", 0 0, L_0x56515f508a30;  1 drivers
v0x56515f4840c0_0 .net *"_ivl_59", 0 0, L_0x56515f508df0;  1 drivers
v0x56515f4841a0_0 .net *"_ivl_61", 0 0, L_0x56515f508d20;  1 drivers
v0x56515f484280_0 .net *"_ivl_63", 0 0, L_0x56515f508f70;  1 drivers
v0x56515f484360_0 .net *"_ivl_64", 31 0, L_0x56515f508e90;  1 drivers
v0x56515f484440_0 .net *"_ivl_66", 31 0, L_0x56515f5091f0;  1 drivers
v0x56515f484520_0 .net *"_ivl_68", 31 0, L_0x56515f509390;  1 drivers
v0x56515f484600_0 .net *"_ivl_7", 10 0, L_0x56515f5075a0;  1 drivers
v0x56515f4846e0_0 .net *"_ivl_70", 31 0, L_0x56515f509520;  1 drivers
v0x56515f4847c0_0 .net "i_format", 5 0, L_0x56515f4fdc40;  alias, 1 drivers
v0x56515f484880_0 .net "i_inst", 31 0, v0x56515f4bc8d0_0;  alias, 1 drivers
v0x56515f484940_0 .net "imm_b", 31 0, L_0x56515f5082b0;  1 drivers
v0x56515f484a20_0 .net "imm_i", 31 0, L_0x56515f507640;  1 drivers
v0x56515f484b00_0 .net "imm_j", 31 0, L_0x56515f5088e0;  1 drivers
L_0x7fa17a24ac98 .functor BUFT 1, C4<xxxxxxxxxxxxxxxxxxxxxxxxxxxxxxxx>, C4<0>, C4<0>, C4<0>;
v0x56515f484be0_0 .net "imm_r", 31 0, L_0x7fa17a24ac98;  1 drivers
v0x56515f484cc0_0 .net "imm_s", 31 0, L_0x56515f507aa0;  1 drivers
v0x56515f484da0_0 .net "imm_u", 31 0, L_0x56515f508570;  1 drivers
v0x56515f484e80_0 .net "o_immediate", 31 0, L_0x56515f5096d0;  alias, 1 drivers
L_0x56515f507410 .part v0x56515f4bc8d0_0, 31, 1;
L_0x56515f5074b0 .repeat 21, 21, L_0x56515f507410;
L_0x56515f5075a0 .part v0x56515f4bc8d0_0, 20, 11;
L_0x56515f507640 .concat [ 11 21 0 0], L_0x56515f5075a0, L_0x56515f5074b0;
L_0x56515f507780 .part v0x56515f4bc8d0_0, 31, 1;
L_0x56515f507820 .repeat 21, 21, L_0x56515f507780;
L_0x56515f507910 .part v0x56515f4bc8d0_0, 25, 6;
L_0x56515f5079b0 .part v0x56515f4bc8d0_0, 7, 5;
L_0x56515f507aa0 .concat [ 5 6 21 0], L_0x56515f5079b0, L_0x56515f507910, L_0x56515f507820;
L_0x56515f507c30 .part v0x56515f4bc8d0_0, 31, 1;
L_0x56515f507d30 .repeat 20, 20, L_0x56515f507c30;
L_0x56515f507dd0 .part v0x56515f4bc8d0_0, 7, 1;
L_0x56515f507ee0 .part v0x56515f4bc8d0_0, 25, 6;
L_0x56515f508190 .part v0x56515f4bc8d0_0, 8, 4;
LS_0x56515f5082b0_0_0 .concat [ 1 4 6 1], L_0x7fa17a24ace0, L_0x56515f508190, L_0x56515f507ee0, L_0x56515f507dd0;
LS_0x56515f5082b0_0_4 .concat [ 20 0 0 0], L_0x56515f507d30;
L_0x56515f5082b0 .concat [ 12 20 0 0], LS_0x56515f5082b0_0_0, LS_0x56515f5082b0_0_4;
L_0x56515f508440 .part v0x56515f4bc8d0_0, 12, 20;
L_0x56515f508570 .concat [ 12 20 0 0], L_0x7fa17a24ad28, L_0x56515f508440;
L_0x56515f508660 .part v0x56515f4bc8d0_0, 31, 1;
L_0x56515f5087a0 .repeat 12, 12, L_0x56515f508660;
L_0x56515f508840 .part v0x56515f4bc8d0_0, 12, 8;
L_0x56515f508700 .part v0x56515f4bc8d0_0, 20, 1;
L_0x56515f508990 .part v0x56515f4bc8d0_0, 21, 10;
LS_0x56515f5088e0_0_0 .concat [ 1 10 1 8], L_0x7fa17a24ad70, L_0x56515f508990, L_0x56515f508700, L_0x56515f508840;
LS_0x56515f5088e0_0_4 .concat [ 12 0 0 0], L_0x56515f5087a0;
L_0x56515f5088e0 .concat [ 20 12 0 0], LS_0x56515f5088e0_0_0, LS_0x56515f5088e0_0_4;
L_0x56515f508c80 .part L_0x56515f4fdc40, 0, 1;
L_0x56515f508a30 .part L_0x56515f4fdc40, 1, 1;
L_0x56515f508df0 .part L_0x56515f4fdc40, 2, 1;
L_0x56515f508d20 .part L_0x56515f4fdc40, 3, 1;
L_0x56515f508f70 .part L_0x56515f4fdc40, 4, 1;
L_0x56515f508e90 .functor MUXZ 32, L_0x56515f5088e0, L_0x56515f508570, L_0x56515f508f70, C4<>;
L_0x56515f5091f0 .functor MUXZ 32, L_0x56515f508e90, L_0x56515f5082b0, L_0x56515f508d20, C4<>;
L_0x56515f509390 .functor MUXZ 32, L_0x56515f5091f0, L_0x56515f507aa0, L_0x56515f508df0, C4<>;
L_0x56515f509520 .functor MUXZ 32, L_0x56515f509390, L_0x56515f507640, L_0x56515f508a30, C4<>;
L_0x56515f5096d0 .functor MUXZ 32, L_0x56515f509520, L_0x7fa17a24ac98, L_0x56515f508c80, C4<>;
S_0x56515f484fd0 .scope module, "i_rf" "rf" 7 107, 11 8 0, S_0x56515f1fb9d0;
 .timescale 0 0;
    .port_info 0 /INPUT 1 "i_clk";
    .port_info 1 /INPUT 1 "i_rst";
    .port_info 2 /INPUT 5 "i_rs1_raddr";
    .port_info 3 /OUTPUT 32 "o_rs1_rdata";
    .port_info 4 /INPUT 5 "i_rs2_raddr";
    .port_info 5 /OUTPUT 32 "o_rs2_rdata";
    .port_info 6 /INPUT 1 "i_rd_wen";
    .port_info 7 /INPUT 5 "i_rd_waddr";
    .port_info 8 /INPUT 32 "i_rd_wdata";
P_0x56515f485160 .param/l "BYPASS_EN" 0 11 17, +C4<00000000000000000000000000000001>;
L_0x7fa17a24aae8 .functor BUFT 1, C4<1>, C4<0>, C4<0>, C4<0>;
L_0x56515f4f3a60 .functor AND 1, L_0x7fa17a24aae8, L_0x56515f50c270, C4<1>, C4<1>;
L_0x56515f4f3b70 .functor AND 1, L_0x56515f4f3a60, L_0x56515f506480, C4<1>, C4<1>;
L_0x7fa17a24ac08 .functor BUFT 1, C4<1>, C4<0>, C4<0>, C4<0>;
L_0x56515f506b60 .functor AND 1, L_0x7fa17a24ac08, L_0x56515f50c270, C4<1>, C4<1>;
L_0x56515f506d10 .functor AND 1, L_0x56515f506b60, L_0x56515f506c20, C4<1>, C4<1>;
L_0x7fa17a24aa58 .functor BUFT 1, C4<00000>, C4<0>, C4<0>, C4<0>;
v0x56515f485280_0 .net/2u *"_ivl_0", 4 0, L_0x7fa17a24aa58;  1 drivers
v0x56515f485360_0 .net *"_ivl_10", 0 0, L_0x56515f506480;  1 drivers
v0x56515f485420_0 .net *"_ivl_13", 0 0, L_0x56515f4f3b70;  1 drivers
v0x56515f4854f0_0 .net *"_ivl_14", 31 0, L_0x56515f5065c0;  1 drivers
v0x56515f4855d0_0 .net *"_ivl_16", 6 0, L_0x56515f506660;  1 drivers
L_0x7fa17a24ab30 .functor BUFT 1, C4<00>, C4<0>, C4<0>, C4<0>;
v0x56515f485700_0 .net *"_ivl_19", 1 0, L_0x7fa17a24ab30;  1 drivers
v0x56515f4857e0_0 .net *"_ivl_2", 0 0, L_0x56515f4f36b0;  1 drivers
v0x56515f4858a0_0 .net *"_ivl_20", 31 0, L_0x56515f5067a0;  1 drivers
L_0x7fa17a24ab78 .functor BUFT 1, C4<00000>, C4<0>, C4<0>, C4<0>;
v0x56515f485980_0 .net/2u *"_ivl_24", 4 0, L_0x7fa17a24ab78;  1 drivers
v0x56515f485a60_0 .net *"_ivl_26", 0 0, L_0x56515f506a70;  1 drivers
L_0x7fa17a24abc0 .functor BUFT 1, C4<00000000000000000000000000000000>, C4<0>, C4<0>, C4<0>;
v0x56515f485b20_0 .net/2u *"_ivl_28", 31 0, L_0x7fa17a24abc0;  1 drivers
v0x56515f485c00_0 .net/2u *"_ivl_30", 0 0, L_0x7fa17a24ac08;  1 drivers
v0x56515f485ce0_0 .net *"_ivl_33", 0 0, L_0x56515f506b60;  1 drivers
v0x56515f485da0_0 .net *"_ivl_34", 0 0, L_0x56515f506c20;  1 drivers
v0x56515f485e60_0 .net *"_ivl_37", 0 0, L_0x56515f506d10;  1 drivers
v0x56515f485f20_0 .net *"_ivl_38", 31 0, L_0x56515f506e20;  1 drivers
L_0x7fa17a24aaa0 .functor BUFT 1, C4<00000000000000000000000000000000>, C4<0>, C4<0>, C4<0>;
v0x56515f486000_0 .net/2u *"_ivl_4", 31 0, L_0x7fa17a24aaa0;  1 drivers
v0x56515f4860e0_0 .net *"_ivl_40", 6 0, L_0x56515f506ec0;  1 drivers
L_0x7fa17a24ac50 .functor BUFT 1, C4<00>, C4<0>, C4<0>, C4<0>;
v0x56515f4861c0_0 .net *"_ivl_43", 1 0, L_0x7fa17a24ac50;  1 drivers
v0x56515f4862a0_0 .net *"_ivl_44", 31 0, L_0x56515f507120;  1 drivers
v0x56515f486380_0 .net/2u *"_ivl_6", 0 0, L_0x7fa17a24aae8;  1 drivers
v0x56515f486460_0 .net *"_ivl_9", 0 0, L_0x56515f4f3a60;  1 drivers
v0x56515f486520_0 .net "i_clk", 0 0, v0x56515f4c80f0_0;  alias, 1 drivers
v0x56515f4865c0_0 .net "i_rd_waddr", 4 0, v0x56515f4bd4a0_0;  alias, 1 drivers
v0x56515f486680_0 .net "i_rd_wdata", 31 0, L_0x56515f51ac70;  alias, 1 drivers
v0x56515f486740_0 .net "i_rd_wen", 0 0, L_0x56515f50c270;  alias, 1 drivers
v0x56515f486800_0 .net "i_rs1_raddr", 4 0, L_0x56515f4fe9f0;  alias, 1 drivers
v0x56515f4868e0_0 .net "i_rs2_raddr", 4 0, L_0x56515f4feb20;  alias, 1 drivers
v0x56515f4869c0_0 .net "i_rst", 0 0, v0x56515f4c9b20_0;  alias, 1 drivers
v0x56515f486ab0_0 .net "o_rs1_rdata", 31 0, L_0x56515f5068e0;  alias, 1 drivers
v0x56515f486b90_0 .net "o_rs2_rdata", 31 0, L_0x56515f507260;  alias, 1 drivers
v0x56515f486c70 .array "registers", 31 0, 31 0;
L_0x56515f4f36b0 .cmp/eq 5, L_0x56515f4fe9f0, L_0x7fa17a24aa58;
L_0x56515f506480 .cmp/eq 5, v0x56515f4bd4a0_0, L_0x56515f4fe9f0;
L_0x56515f5065c0 .array/port v0x56515f486c70, L_0x56515f506660;
L_0x56515f506660 .concat [ 5 2 0 0], L_0x56515f4fe9f0, L_0x7fa17a24ab30;
L_0x56515f5067a0 .functor MUXZ 32, L_0x56515f5065c0, L_0x56515f51ac70, L_0x56515f4f3b70, C4<>;
L_0x56515f5068e0 .functor MUXZ 32, L_0x56515f5067a0, L_0x7fa17a24aaa0, L_0x56515f4f36b0, C4<>;
L_0x56515f506a70 .cmp/eq 5, L_0x56515f4feb20, L_0x7fa17a24ab78;
L_0x56515f506c20 .cmp/eq 5, v0x56515f4bd4a0_0, L_0x56515f4feb20;
L_0x56515f506e20 .array/port v0x56515f486c70, L_0x56515f506ec0;
L_0x56515f506ec0 .concat [ 5 2 0 0], L_0x56515f4feb20, L_0x7fa17a24ac50;
L_0x56515f507120 .functor MUXZ 32, L_0x56515f506e20, L_0x56515f51ac70, L_0x56515f506d10, C4<>;
L_0x56515f507260 .functor MUXZ 32, L_0x56515f507120, L_0x7fa17a24abc0, L_0x56515f506a70, C4<>;
S_0x56515f48cb40 .scope module, "i_execute" "execute" 4 529, 12 1 0, S_0x56515f35f100;
 .timescale 0 0;
    .port_info 0 /INPUT 1 "alu_src_op";
    .port_info 1 /INPUT 3 "alu_op";
    .port_info 2 /INPUT 32 "rs1_data";
    .port_info 3 /INPUT 32 "rs2_data";
    .port_info 4 /INPUT 32 "immediate";
    .port_info 5 /OUTPUT 32 "alu_result";
    .port_info 6 /INPUT 1 "i_sub";
    .port_info 7 /INPUT 1 "i_unsigned";
    .port_info 8 /INPUT 1 "i_arith";
    .port_info 9 /INPUT 1 "alu_pc_op";
    .port_info 10 /INPUT 32 "PC";
    .port_info 11 /INPUT 1 "lui_op";
v0x56515f495730_0 .net "PC", 31 0, v0x56515f4ba8c0_0;  1 drivers
L_0x7fa17a24b160 .functor BUFT 1, C4<00000000000000000000000000000000>, C4<0>, C4<0>, C4<0>;
v0x56515f495830_0 .net/2u *"_ivl_0", 31 0, L_0x7fa17a24b160;  1 drivers
v0x56515f495910_0 .net *"_ivl_2", 31 0, L_0x56515f50c400;  1 drivers
v0x56515f4959d0_0 .net "alu_op", 2 0, v0x56515f4ba9d0_0;  1 drivers
v0x56515f495ac0_0 .net "alu_pc_op", 0 0, v0x56515f4baa70_0;  1 drivers
v0x56515f495b60_0 .net "alu_result", 31 0, L_0x56515f5136e0;  alias, 1 drivers
v0x56515f495c20_0 .net "alu_src_op", 0 0, v0x56515f4bab40_0;  1 drivers
v0x56515f495cc0_0 .net "i_arith", 0 0, v0x56515f4badc0_0;  1 drivers
v0x56515f495d90_0 .net "i_sub", 0 0, v0x56515f4baeb0_0;  1 drivers
v0x56515f495e60_0 .net "i_unsigned", 0 0, v0x56515f4bafa0_0;  1 drivers
v0x56515f495f30_0 .net "immediate", 31 0, v0x56515f4bb040_0;  1 drivers
v0x56515f495fd0_0 .net "lui_op", 0 0, v0x56515f4bb280_0;  1 drivers
v0x56515f496070_0 .net "op1_muxed", 31 0, L_0x56515f50c4a0;  1 drivers
v0x56515f496160_0 .net "rs1_data", 31 0, L_0x56515f5225b0;  alias, 1 drivers
v0x56515f496220_0 .net "rs2_data", 31 0, L_0x56515f522810;  alias, 1 drivers
v0x56515f496300_0 .net "rs2_data_muxed", 31 0, L_0x56515f50c630;  1 drivers
L_0x56515f50c400 .functor MUXZ 32, L_0x56515f5225b0, L_0x7fa17a24b160, v0x56515f4bb280_0, C4<>;
L_0x56515f50c4a0 .functor MUXZ 32, L_0x56515f50c400, v0x56515f4ba8c0_0, v0x56515f4baa70_0, C4<>;
L_0x56515f50c630 .functor MUXZ 32, L_0x56515f522810, v0x56515f4bb040_0, v0x56515f4bab40_0, C4<>;
S_0x56515f48ceb0 .scope module, "i_alu" "alu" 12 20, 13 8 0, S_0x56515f48cb40;
 .timescale 0 0;
    .port_info 0 /INPUT 3 "i_opsel";
    .port_info 1 /INPUT 1 "i_sub";
    .port_info 2 /INPUT 1 "i_unsigned";
    .port_info 3 /INPUT 1 "i_arith";
    .port_info 4 /INPUT 32 "i_op1";
    .port_info 5 /INPUT 32 "i_op2";
    .port_info 6 /OUTPUT 32 "o_result";
L_0x56515f510df0 .functor AND 1, L_0x56515f511010, L_0x56515f510d50, C4<1>, C4<1>;
L_0x56515f510f00 .functor XNOR 1, L_0x56515f511010, L_0x56515f5110b0, C4<0>, C4<0>;
L_0x56515f511150 .functor AND 1, L_0x56515f510f00, L_0x56515f511380, C4<1>, C4<1>;
L_0x56515f511260 .functor OR 1, L_0x56515f510df0, L_0x56515f511150, C4<0>, C4<0>;
L_0x56515f5117f0 .functor OR 1, L_0x56515f511b60, L_0x56515f511860, C4<0>, C4<0>;
L_0x56515f5120b0 .functor XOR 32, L_0x56515f50c4a0, L_0x56515f50c630, C4<00000000000000000000000000000000>, C4<00000000000000000000000000000000>;
L_0x56515f512570 .functor OR 32, L_0x56515f50c4a0, L_0x56515f50c630, C4<00000000000000000000000000000000>, C4<00000000000000000000000000000000>;
L_0x56515f512720 .functor AND 32, L_0x56515f50c4a0, L_0x56515f50c630, C4<11111111111111111111111111111111>, C4<11111111111111111111111111111111>;
v0x56515f48d0b0_0 .net *"_ivl_103", 0 0, L_0x56515f50f710;  1 drivers
L_0x7fa17a24b310 .functor BUFT 1, C4<0>, C4<0>, C4<0>, C4<0>;
v0x56515f48d1b0_0 .net/2u *"_ivl_104", 0 0, L_0x7fa17a24b310;  1 drivers
v0x56515f48d290_0 .net *"_ivl_107", 30 0, L_0x56515f50fa00;  1 drivers
v0x56515f48d380_0 .net *"_ivl_108", 31 0, L_0x56515f50f880;  1 drivers
v0x56515f48d460_0 .net *"_ivl_113", 0 0, L_0x56515f50fc50;  1 drivers
L_0x7fa17a24b358 .functor BUFT 1, C4<00>, C4<0>, C4<0>, C4<0>;
v0x56515f48d590_0 .net/2u *"_ivl_114", 1 0, L_0x7fa17a24b358;  1 drivers
v0x56515f48d670_0 .net *"_ivl_117", 29 0, L_0x56515f50ff80;  1 drivers
v0x56515f48d750_0 .net *"_ivl_118", 31 0, L_0x56515f50fde0;  1 drivers
v0x56515f48d830_0 .net *"_ivl_123", 0 0, L_0x56515f510070;  1 drivers
L_0x7fa17a24b3a0 .functor BUFT 1, C4<0000>, C4<0>, C4<0>, C4<0>;
v0x56515f48d910_0 .net/2u *"_ivl_124", 3 0, L_0x7fa17a24b3a0;  1 drivers
v0x56515f48d9f0_0 .net *"_ivl_127", 27 0, L_0x56515f510110;  1 drivers
v0x56515f48dad0_0 .net *"_ivl_128", 31 0, L_0x56515f510270;  1 drivers
v0x56515f48dbb0_0 .net *"_ivl_13", 0 0, L_0x56515f50cd50;  1 drivers
v0x56515f48dc90_0 .net *"_ivl_133", 0 0, L_0x56515f5104d0;  1 drivers
L_0x7fa17a24b3e8 .functor BUFT 1, C4<00000000>, C4<0>, C4<0>, C4<0>;
v0x56515f48dd70_0 .net/2u *"_ivl_134", 7 0, L_0x7fa17a24b3e8;  1 drivers
v0x56515f48de50_0 .net *"_ivl_137", 23 0, L_0x56515f510570;  1 drivers
v0x56515f48df30_0 .net *"_ivl_138", 31 0, L_0x56515f5106f0;  1 drivers
v0x56515f48e010_0 .net *"_ivl_143", 0 0, L_0x56515f510bc0;  1 drivers
L_0x7fa17a24b430 .functor BUFT 1, C4<0000000000000000>, C4<0>, C4<0>, C4<0>;
v0x56515f48e0f0_0 .net/2u *"_ivl_144", 15 0, L_0x7fa17a24b430;  1 drivers
v0x56515f48e1d0_0 .net *"_ivl_147", 15 0, L_0x56515f510c60;  1 drivers
v0x56515f48e2b0_0 .net *"_ivl_148", 31 0, L_0x56515f510920;  1 drivers
v0x56515f48e390_0 .net *"_ivl_15", 1 0, L_0x56515f50cdf0;  1 drivers
v0x56515f48e470_0 .net *"_ivl_157", 0 0, L_0x56515f510d50;  1 drivers
v0x56515f48e530_0 .net *"_ivl_159", 0 0, L_0x56515f510df0;  1 drivers
v0x56515f48e5f0_0 .net *"_ivl_160", 0 0, L_0x56515f510f00;  1 drivers
v0x56515f48e6b0_0 .net *"_ivl_162", 0 0, L_0x56515f511380;  1 drivers
v0x56515f48e770_0 .net *"_ivl_165", 0 0, L_0x56515f511150;  1 drivers
L_0x7fa17a24b478 .functor BUFT 1, C4<000>, C4<0>, C4<0>, C4<0>;
v0x56515f48e830_0 .net/2u *"_ivl_168", 2 0, L_0x7fa17a24b478;  1 drivers
v0x56515f48e910_0 .net *"_ivl_17", 29 0, L_0x56515f50cee0;  1 drivers
v0x56515f48e9f0_0 .net *"_ivl_170", 0 0, L_0x56515f511660;  1 drivers
v0x56515f48eab0_0 .net *"_ivl_172", 31 0, L_0x56515f511750;  1 drivers
v0x56515f48eb90_0 .net *"_ivl_174", 31 0, L_0x56515f511420;  1 drivers
v0x56515f48ec70_0 .net *"_ivl_176", 31 0, L_0x56515f5114c0;  1 drivers
L_0x7fa17a24b4c0 .functor BUFT 1, C4<001>, C4<0>, C4<0>, C4<0>;
v0x56515f48ed50_0 .net/2u *"_ivl_178", 2 0, L_0x7fa17a24b4c0;  1 drivers
v0x56515f48ee30_0 .net *"_ivl_18", 31 0, L_0x56515f50cfd0;  1 drivers
v0x56515f48ef10_0 .net *"_ivl_180", 0 0, L_0x56515f511ac0;  1 drivers
L_0x7fa17a24b508 .functor BUFT 1, C4<010>, C4<0>, C4<0>, C4<0>;
v0x56515f48efd0_0 .net/2u *"_ivl_182", 2 0, L_0x7fa17a24b508;  1 drivers
v0x56515f48f0b0_0 .net *"_ivl_184", 0 0, L_0x56515f511b60;  1 drivers
L_0x7fa17a24b550 .functor BUFT 1, C4<011>, C4<0>, C4<0>, C4<0>;
v0x56515f48f170_0 .net/2u *"_ivl_186", 2 0, L_0x7fa17a24b550;  1 drivers
v0x56515f48f250_0 .net *"_ivl_188", 0 0, L_0x56515f511860;  1 drivers
v0x56515f48f310_0 .net *"_ivl_191", 0 0, L_0x56515f5117f0;  1 drivers
v0x56515f48f3d0_0 .net *"_ivl_192", 0 0, L_0x56515f5119f0;  1 drivers
L_0x7fa17a24b598 .functor BUFT 1, C4<00000000000000000000000000000001>, C4<0>, C4<0>, C4<0>;
v0x56515f48f490_0 .net/2u *"_ivl_194", 31 0, L_0x7fa17a24b598;  1 drivers
L_0x7fa17a24b5e0 .functor BUFT 1, C4<00000000000000000000000000000000>, C4<0>, C4<0>, C4<0>;
v0x56515f48f570_0 .net/2u *"_ivl_196", 31 0, L_0x7fa17a24b5e0;  1 drivers
v0x56515f48f650_0 .net *"_ivl_198", 31 0, L_0x56515f511e80;  1 drivers
L_0x7fa17a24b628 .functor BUFT 1, C4<00000000000000000000000000000001>, C4<0>, C4<0>, C4<0>;
v0x56515f48f730_0 .net/2u *"_ivl_200", 31 0, L_0x7fa17a24b628;  1 drivers
L_0x7fa17a24b670 .functor BUFT 1, C4<00000000000000000000000000000000>, C4<0>, C4<0>, C4<0>;
v0x56515f48f810_0 .net/2u *"_ivl_202", 31 0, L_0x7fa17a24b670;  1 drivers
v0x56515f48f8f0_0 .net *"_ivl_204", 31 0, L_0x56515f512010;  1 drivers
v0x56515f48f9d0_0 .net *"_ivl_206", 31 0, L_0x56515f511cf0;  1 drivers
L_0x7fa17a24b6b8 .functor BUFT 1, C4<100>, C4<0>, C4<0>, C4<0>;
v0x56515f48fab0_0 .net/2u *"_ivl_208", 2 0, L_0x7fa17a24b6b8;  1 drivers
v0x56515f48fb90_0 .net *"_ivl_210", 0 0, L_0x56515f512340;  1 drivers
v0x56515f48fc50_0 .net *"_ivl_212", 31 0, L_0x56515f5120b0;  1 drivers
L_0x7fa17a24b700 .functor BUFT 1, C4<101>, C4<0>, C4<0>, C4<0>;
v0x56515f48fd30_0 .net/2u *"_ivl_214", 2 0, L_0x7fa17a24b700;  1 drivers
v0x56515f48fe10_0 .net *"_ivl_216", 0 0, L_0x56515f512120;  1 drivers
v0x56515f48fed0_0 .net *"_ivl_218", 31 0, L_0x56515f512680;  1 drivers
L_0x7fa17a24b748 .functor BUFT 1, C4<110>, C4<0>, C4<0>, C4<0>;
v0x56515f48ffb0_0 .net/2u *"_ivl_220", 2 0, L_0x7fa17a24b748;  1 drivers
v0x56515f490090_0 .net *"_ivl_222", 0 0, L_0x56515f512480;  1 drivers
v0x56515f490150_0 .net *"_ivl_224", 31 0, L_0x56515f512570;  1 drivers
L_0x7fa17a24b790 .functor BUFT 1, C4<111>, C4<0>, C4<0>, C4<0>;
v0x56515f490230_0 .net/2u *"_ivl_226", 2 0, L_0x7fa17a24b790;  1 drivers
v0x56515f490310_0 .net *"_ivl_228", 0 0, L_0x56515f5125e0;  1 drivers
v0x56515f4903d0_0 .net *"_ivl_23", 0 0, L_0x56515f50d260;  1 drivers
v0x56515f4904b0_0 .net *"_ivl_230", 31 0, L_0x56515f512720;  1 drivers
L_0x7fa17a24b7d8 .functor BUFT 1, C4<00000000000000000000000000000000>, C4<0>, C4<0>, C4<0>;
v0x56515f490590_0 .net/2u *"_ivl_232", 31 0, L_0x7fa17a24b7d8;  1 drivers
v0x56515f490670_0 .net *"_ivl_234", 31 0, L_0x56515f5127e0;  1 drivers
v0x56515f490750_0 .net *"_ivl_236", 31 0, L_0x56515f512ef0;  1 drivers
v0x56515f490c40_0 .net *"_ivl_238", 31 0, L_0x56515f512cd0;  1 drivers
v0x56515f490d20_0 .net *"_ivl_240", 31 0, L_0x56515f513260;  1 drivers
v0x56515f490e00_0 .net *"_ivl_242", 31 0, L_0x56515f513030;  1 drivers
v0x56515f490ee0_0 .net *"_ivl_244", 31 0, L_0x56515f5131c0;  1 drivers
v0x56515f490fc0_0 .net *"_ivl_248", 0 0, L_0x56515f513870;  1 drivers
v0x56515f491080_0 .net *"_ivl_25", 3 0, L_0x56515f50d400;  1 drivers
L_0x7fa17a24b820 .functor BUFT 1, C4<1>, C4<0>, C4<0>, C4<0>;
v0x56515f491160_0 .net/2u *"_ivl_250", 0 0, L_0x7fa17a24b820;  1 drivers
L_0x7fa17a24b868 .functor BUFT 1, C4<0>, C4<0>, C4<0>, C4<0>;
v0x56515f491240_0 .net/2u *"_ivl_252", 0 0, L_0x7fa17a24b868;  1 drivers
v0x56515f491320_0 .net *"_ivl_256", 0 0, L_0x56515f513490;  1 drivers
L_0x7fa17a24b8b0 .functor BUFT 1, C4<1>, C4<0>, C4<0>, C4<0>;
v0x56515f4913e0_0 .net/2u *"_ivl_258", 0 0, L_0x7fa17a24b8b0;  1 drivers
L_0x7fa17a24b8f8 .functor BUFT 1, C4<0>, C4<0>, C4<0>, C4<0>;
v0x56515f4914c0_0 .net/2u *"_ivl_260", 0 0, L_0x7fa17a24b8f8;  1 drivers
v0x56515f4915a0_0 .net *"_ivl_262", 0 0, L_0x56515f513530;  1 drivers
L_0x7fa17a24b940 .functor BUFT 1, C4<1>, C4<0>, C4<0>, C4<0>;
v0x56515f491680_0 .net/2u *"_ivl_264", 0 0, L_0x7fa17a24b940;  1 drivers
L_0x7fa17a24b988 .functor BUFT 1, C4<0>, C4<0>, C4<0>, C4<0>;
v0x56515f491760_0 .net/2u *"_ivl_266", 0 0, L_0x7fa17a24b988;  1 drivers
v0x56515f491840_0 .net *"_ivl_268", 0 0, L_0x56515f513d10;  1 drivers
v0x56515f491920_0 .net *"_ivl_27", 27 0, L_0x56515f50d530;  1 drivers
v0x56515f491a00_0 .net *"_ivl_28", 31 0, L_0x56515f50d650;  1 drivers
v0x56515f491ae0_0 .net *"_ivl_33", 0 0, L_0x56515f50d820;  1 drivers
v0x56515f491bc0_0 .net *"_ivl_35", 7 0, L_0x56515f50d8c0;  1 drivers
v0x56515f491ca0_0 .net *"_ivl_37", 23 0, L_0x56515f50da00;  1 drivers
v0x56515f491d80_0 .net *"_ivl_38", 31 0, L_0x56515f50daa0;  1 drivers
v0x56515f491e60_0 .net *"_ivl_43", 0 0, L_0x56515f50dd30;  1 drivers
v0x56515f491f40_0 .net *"_ivl_45", 15 0, L_0x56515f50dbe0;  1 drivers
v0x56515f492020_0 .net *"_ivl_47", 15 0, L_0x56515f50de90;  1 drivers
v0x56515f492100_0 .net *"_ivl_48", 31 0, L_0x56515f50ddd0;  1 drivers
v0x56515f4921e0_0 .net *"_ivl_5", 0 0, L_0x56515f50c900;  1 drivers
v0x56515f4922c0_0 .net *"_ivl_53", 0 0, L_0x56515f50e270;  1 drivers
v0x56515f4923a0_0 .net *"_ivl_55", 30 0, L_0x56515f50e310;  1 drivers
L_0x7fa17a24b1a8 .functor BUFT 1, C4<0>, C4<0>, C4<0>, C4<0>;
v0x56515f492480_0 .net/2u *"_ivl_56", 0 0, L_0x7fa17a24b1a8;  1 drivers
v0x56515f492560_0 .net *"_ivl_58", 31 0, L_0x56515f50e190;  1 drivers
v0x56515f492640_0 .net *"_ivl_63", 0 0, L_0x56515f50e6e0;  1 drivers
v0x56515f492720_0 .net *"_ivl_65", 29 0, L_0x56515f50e890;  1 drivers
L_0x7fa17a24b1f0 .functor BUFT 1, C4<00>, C4<0>, C4<0>, C4<0>;
v0x56515f492800_0 .net/2u *"_ivl_66", 1 0, L_0x7fa17a24b1f0;  1 drivers
v0x56515f4928e0_0 .net *"_ivl_68", 31 0, L_0x56515f50e5e0;  1 drivers
v0x56515f4929c0_0 .net *"_ivl_7", 30 0, L_0x56515f50c9f0;  1 drivers
v0x56515f492aa0_0 .net *"_ivl_73", 0 0, L_0x56515f50ec50;  1 drivers
v0x56515f492b80_0 .net *"_ivl_75", 27 0, L_0x56515f50ecf0;  1 drivers
L_0x7fa17a24b238 .functor BUFT 1, C4<0000>, C4<0>, C4<0>, C4<0>;
v0x56515f492c60_0 .net/2u *"_ivl_76", 3 0, L_0x7fa17a24b238;  1 drivers
v0x56515f492d40_0 .net *"_ivl_78", 31 0, L_0x56515f50eb30;  1 drivers
v0x56515f492e20_0 .net *"_ivl_8", 31 0, L_0x56515f50cb20;  1 drivers
v0x56515f492f00_0 .net *"_ivl_83", 0 0, L_0x56515f50f0f0;  1 drivers
v0x56515f492fe0_0 .net *"_ivl_85", 23 0, L_0x56515f50f190;  1 drivers
L_0x7fa17a24b280 .functor BUFT 1, C4<00000000>, C4<0>, C4<0>, C4<0>;
v0x56515f4930c0_0 .net/2u *"_ivl_86", 7 0, L_0x7fa17a24b280;  1 drivers
v0x56515f4931a0_0 .net *"_ivl_88", 31 0, L_0x56515f50efb0;  1 drivers
v0x56515f493280_0 .net *"_ivl_93", 0 0, L_0x56515f50f2d0;  1 drivers
v0x56515f493360_0 .net *"_ivl_95", 15 0, L_0x56515f50f580;  1 drivers
L_0x7fa17a24b2c8 .functor BUFT 1, C4<0000000000000000>, C4<0>, C4<0>, C4<0>;
v0x56515f493440_0 .net/2u *"_ivl_96", 15 0, L_0x7fa17a24b2c8;  1 drivers
v0x56515f493520_0 .net *"_ivl_98", 31 0, L_0x56515f50f420;  1 drivers
v0x56515f493600_0 .net "i_arith", 0 0, v0x56515f4badc0_0;  alias, 1 drivers
v0x56515f4936c0_0 .net "i_op1", 31 0, L_0x56515f50c4a0;  alias, 1 drivers
v0x56515f4937a0_0 .net "i_op2", 31 0, L_0x56515f50c630;  alias, 1 drivers
v0x56515f493880_0 .net "i_opsel", 2 0, v0x56515f4ba9d0_0;  alias, 1 drivers
v0x56515f493960_0 .net "i_sub", 0 0, v0x56515f4baeb0_0;  alias, 1 drivers
v0x56515f493a20_0 .net "i_unsigned", 0 0, v0x56515f4bafa0_0;  alias, 1 drivers
v0x56515f493ae0_0 .net "msb", 0 0, L_0x56515f50c7c0;  1 drivers
v0x56515f493ba0_0 .net "o_eq", 0 0, L_0x56515f513300;  1 drivers
v0x56515f493c60_0 .net "o_result", 31 0, L_0x56515f5136e0;  alias, 1 drivers
v0x56515f493d40_0 .net "o_slt", 0 0, L_0x56515f5139b0;  1 drivers
v0x56515f493e00_0 .net "op1_neg", 0 0, L_0x56515f511010;  1 drivers
v0x56515f493ec0_0 .net "op2_neg", 0 0, L_0x56515f5110b0;  1 drivers
v0x56515f493f80_0 .net "shamt", 4 0, L_0x56515f50c860;  1 drivers
v0x56515f494060_0 .net "signed_lt", 0 0, L_0x56515f511260;  1 drivers
v0x56515f494120_0 .net "sll1", 31 0, L_0x56515f50e540;  1 drivers
v0x56515f494200_0 .net "sll16", 31 0, L_0x56515f50f7e0;  1 drivers
v0x56515f494af0_0 .net "sll2", 31 0, L_0x56515f50ea90;  1 drivers
v0x56515f494bd0_0 .net "sll4", 31 0, L_0x56515f50ef10;  1 drivers
v0x56515f494cb0_0 .net "sll8", 31 0, L_0x56515f50f380;  1 drivers
v0x56515f494d90_0 .net "sra1", 31 0, L_0x56515f50cc10;  1 drivers
v0x56515f494e70_0 .net "sra16", 31 0, L_0x56515f50e0f0;  1 drivers
v0x56515f494f50_0 .net "sra2", 31 0, L_0x56515f50d170;  1 drivers
v0x56515f495030_0 .net "sra4", 31 0, L_0x56515f50d6f0;  1 drivers
v0x56515f495110_0 .net "sra8", 31 0, L_0x56515f50d960;  1 drivers
v0x56515f4951f0_0 .net "srl1", 31 0, L_0x56515f50fd40;  1 drivers
v0x56515f4952d0_0 .net "srl16", 31 0, L_0x56515f510a60;  1 drivers
v0x56515f4953b0_0 .net "srl2", 31 0, L_0x56515f5101d0;  1 drivers
v0x56515f495490_0 .net "srl4", 31 0, L_0x56515f510650;  1 drivers
v0x56515f495570_0 .net "srl8", 31 0, L_0x56515f510830;  1 drivers
L_0x56515f50c7c0 .part L_0x56515f50c4a0, 31, 1;
L_0x56515f50c860 .part L_0x56515f50c630, 0, 5;
L_0x56515f50c900 .part L_0x56515f50c860, 0, 1;
L_0x56515f50c9f0 .part L_0x56515f50c4a0, 1, 31;
L_0x56515f50cb20 .concat [ 31 1 0 0], L_0x56515f50c9f0, L_0x56515f50c7c0;
L_0x56515f50cc10 .functor MUXZ 32, L_0x56515f50c4a0, L_0x56515f50cb20, L_0x56515f50c900, C4<>;
L_0x56515f50cd50 .part L_0x56515f50c860, 1, 1;
L_0x56515f50cdf0 .repeat 2, 2, L_0x56515f50c7c0;
L_0x56515f50cee0 .part L_0x56515f50cc10, 2, 30;
L_0x56515f50cfd0 .concat [ 30 2 0 0], L_0x56515f50cee0, L_0x56515f50cdf0;
L_0x56515f50d170 .functor MUXZ 32, L_0x56515f50cc10, L_0x56515f50cfd0, L_0x56515f50cd50, C4<>;
L_0x56515f50d260 .part L_0x56515f50c860, 2, 1;
L_0x56515f50d400 .repeat 4, 4, L_0x56515f50c7c0;
L_0x56515f50d530 .part L_0x56515f50d170, 4, 28;
L_0x56515f50d650 .concat [ 28 4 0 0], L_0x56515f50d530, L_0x56515f50d400;
L_0x56515f50d6f0 .functor MUXZ 32, L_0x56515f50d170, L_0x56515f50d650, L_0x56515f50d260, C4<>;
L_0x56515f50d820 .part L_0x56515f50c860, 3, 1;
L_0x56515f50d8c0 .repeat 8, 8, L_0x56515f50c7c0;
L_0x56515f50da00 .part L_0x56515f50d6f0, 8, 24;
L_0x56515f50daa0 .concat [ 24 8 0 0], L_0x56515f50da00, L_0x56515f50d8c0;
L_0x56515f50d960 .functor MUXZ 32, L_0x56515f50d6f0, L_0x56515f50daa0, L_0x56515f50d820, C4<>;
L_0x56515f50dd30 .part L_0x56515f50c860, 4, 1;
L_0x56515f50dbe0 .repeat 16, 16, L_0x56515f50c7c0;
L_0x56515f50de90 .part L_0x56515f50d960, 16, 16;
L_0x56515f50ddd0 .concat [ 16 16 0 0], L_0x56515f50de90, L_0x56515f50dbe0;
L_0x56515f50e0f0 .functor MUXZ 32, L_0x56515f50d960, L_0x56515f50ddd0, L_0x56515f50dd30, C4<>;
L_0x56515f50e270 .part L_0x56515f50c860, 0, 1;
L_0x56515f50e310 .part L_0x56515f50c4a0, 0, 31;
L_0x56515f50e190 .concat [ 1 31 0 0], L_0x7fa17a24b1a8, L_0x56515f50e310;
L_0x56515f50e540 .functor MUXZ 32, L_0x56515f50c4a0, L_0x56515f50e190, L_0x56515f50e270, C4<>;
L_0x56515f50e6e0 .part L_0x56515f50c860, 1, 1;
L_0x56515f50e890 .part L_0x56515f50e540, 0, 30;
L_0x56515f50e5e0 .concat [ 2 30 0 0], L_0x7fa17a24b1f0, L_0x56515f50e890;
L_0x56515f50ea90 .functor MUXZ 32, L_0x56515f50e540, L_0x56515f50e5e0, L_0x56515f50e6e0, C4<>;
L_0x56515f50ec50 .part L_0x56515f50c860, 2, 1;
L_0x56515f50ecf0 .part L_0x56515f50ea90, 0, 28;
L_0x56515f50eb30 .concat [ 4 28 0 0], L_0x7fa17a24b238, L_0x56515f50ecf0;
L_0x56515f50ef10 .functor MUXZ 32, L_0x56515f50ea90, L_0x56515f50eb30, L_0x56515f50ec50, C4<>;
L_0x56515f50f0f0 .part L_0x56515f50c860, 3, 1;
L_0x56515f50f190 .part L_0x56515f50ef10, 0, 24;
L_0x56515f50efb0 .concat [ 8 24 0 0], L_0x7fa17a24b280, L_0x56515f50f190;
L_0x56515f50f380 .functor MUXZ 32, L_0x56515f50ef10, L_0x56515f50efb0, L_0x56515f50f0f0, C4<>;
L_0x56515f50f2d0 .part L_0x56515f50c860, 4, 1;
L_0x56515f50f580 .part L_0x56515f50f380, 0, 16;
L_0x56515f50f420 .concat [ 16 16 0 0], L_0x7fa17a24b2c8, L_0x56515f50f580;
L_0x56515f50f7e0 .functor MUXZ 32, L_0x56515f50f380, L_0x56515f50f420, L_0x56515f50f2d0, C4<>;
L_0x56515f50f710 .part L_0x56515f50c860, 0, 1;
L_0x56515f50fa00 .part L_0x56515f50c4a0, 1, 31;
L_0x56515f50f880 .concat [ 31 1 0 0], L_0x56515f50fa00, L_0x7fa17a24b310;
L_0x56515f50fd40 .functor MUXZ 32, L_0x56515f50c4a0, L_0x56515f50f880, L_0x56515f50f710, C4<>;
L_0x56515f50fc50 .part L_0x56515f50c860, 1, 1;
L_0x56515f50ff80 .part L_0x56515f50fd40, 2, 30;
L_0x56515f50fde0 .concat [ 30 2 0 0], L_0x56515f50ff80, L_0x7fa17a24b358;
L_0x56515f5101d0 .functor MUXZ 32, L_0x56515f50fd40, L_0x56515f50fde0, L_0x56515f50fc50, C4<>;
L_0x56515f510070 .part L_0x56515f50c860, 2, 1;
L_0x56515f510110 .part L_0x56515f5101d0, 4, 28;
L_0x56515f510270 .concat [ 28 4 0 0], L_0x56515f510110, L_0x7fa17a24b3a0;
L_0x56515f510650 .functor MUXZ 32, L_0x56515f5101d0, L_0x56515f510270, L_0x56515f510070, C4<>;
L_0x56515f5104d0 .part L_0x56515f50c860, 3, 1;
L_0x56515f510570 .part L_0x56515f510650, 8, 24;
L_0x56515f5106f0 .concat [ 24 8 0 0], L_0x56515f510570, L_0x7fa17a24b3e8;
L_0x56515f510830 .functor MUXZ 32, L_0x56515f510650, L_0x56515f5106f0, L_0x56515f5104d0, C4<>;
L_0x56515f510bc0 .part L_0x56515f50c860, 4, 1;
L_0x56515f510c60 .part L_0x56515f510830, 16, 16;
L_0x56515f510920 .concat [ 16 16 0 0], L_0x56515f510c60, L_0x7fa17a24b430;
L_0x56515f510a60 .functor MUXZ 32, L_0x56515f510830, L_0x56515f510920, L_0x56515f510bc0, C4<>;
L_0x56515f511010 .part L_0x56515f50c4a0, 31, 1;
L_0x56515f5110b0 .part L_0x56515f50c630, 31, 1;
L_0x56515f510d50 .reduce/nor L_0x56515f5110b0;
L_0x56515f511380 .cmp/gt 32, L_0x56515f50c630, L_0x56515f50c4a0;
L_0x56515f511660 .cmp/eq 3, v0x56515f4ba9d0_0, L_0x7fa17a24b478;
L_0x56515f511750 .arith/sub 32, L_0x56515f50c4a0, L_0x56515f50c630;
L_0x56515f511420 .arith/sum 32, L_0x56515f50c4a0, L_0x56515f50c630;
L_0x56515f5114c0 .functor MUXZ 32, L_0x56515f511420, L_0x56515f511750, v0x56515f4baeb0_0, C4<>;
L_0x56515f511ac0 .cmp/eq 3, v0x56515f4ba9d0_0, L_0x7fa17a24b4c0;
L_0x56515f511b60 .cmp/eq 3, v0x56515f4ba9d0_0, L_0x7fa17a24b508;
L_0x56515f511860 .cmp/eq 3, v0x56515f4ba9d0_0, L_0x7fa17a24b550;
L_0x56515f5119f0 .cmp/gt 32, L_0x56515f50c630, L_0x56515f50c4a0;
L_0x56515f511e80 .functor MUXZ 32, L_0x7fa17a24b5e0, L_0x7fa17a24b598, L_0x56515f5119f0, C4<>;
L_0x56515f512010 .functor MUXZ 32, L_0x7fa17a24b670, L_0x7fa17a24b628, L_0x56515f511260, C4<>;
L_0x56515f511cf0 .functor MUXZ 32, L_0x56515f512010, L_0x56515f511e80, v0x56515f4bafa0_0, C4<>;
L_0x56515f512340 .cmp/eq 3, v0x56515f4ba9d0_0, L_0x7fa17a24b6b8;
L_0x56515f512120 .cmp/eq 3, v0x56515f4ba9d0_0, L_0x7fa17a24b700;
L_0x56515f512680 .functor MUXZ 32, L_0x56515f510a60, L_0x56515f50e0f0, v0x56515f4badc0_0, C4<>;
L_0x56515f512480 .cmp/eq 3, v0x56515f4ba9d0_0, L_0x7fa17a24b748;
L_0x56515f5125e0 .cmp/eq 3, v0x56515f4ba9d0_0, L_0x7fa17a24b790;
L_0x56515f5127e0 .functor MUXZ 32, L_0x7fa17a24b7d8, L_0x56515f512720, L_0x56515f5125e0, C4<>;
L_0x56515f512ef0 .functor MUXZ 32, L_0x56515f5127e0, L_0x56515f512570, L_0x56515f512480, C4<>;
L_0x56515f512cd0 .functor MUXZ 32, L_0x56515f512ef0, L_0x56515f512680, L_0x56515f512120, C4<>;
L_0x56515f513260 .functor MUXZ 32, L_0x56515f512cd0, L_0x56515f5120b0, L_0x56515f512340, C4<>;
L_0x56515f513030 .functor MUXZ 32, L_0x56515f513260, L_0x56515f511cf0, L_0x56515f5117f0, C4<>;
L_0x56515f5131c0 .functor MUXZ 32, L_0x56515f513030, L_0x56515f50f7e0, L_0x56515f511ac0, C4<>;
L_0x56515f5136e0 .functor MUXZ 32, L_0x56515f5131c0, L_0x56515f5114c0, L_0x56515f511660, C4<>;
L_0x56515f513870 .cmp/eq 32, L_0x56515f50c4a0, L_0x56515f50c630;
L_0x56515f513300 .functor MUXZ 1, L_0x7fa17a24b868, L_0x7fa17a24b820, L_0x56515f513870, C4<>;
L_0x56515f513490 .cmp/gt 32, L_0x56515f50c630, L_0x56515f50c4a0;
L_0x56515f513530 .functor MUXZ 1, L_0x7fa17a24b8f8, L_0x7fa17a24b8b0, L_0x56515f513490, C4<>;
L_0x56515f513d10 .functor MUXZ 1, L_0x7fa17a24b988, L_0x7fa17a24b940, L_0x56515f511260, C4<>;
L_0x56515f5139b0 .functor MUXZ 1, L_0x56515f513d10, L_0x56515f513530, v0x56515f4bafa0_0, C4<>;
S_0x56515f496550 .scope module, "i_fetch" "fetch" 4 301, 14 1 0, S_0x56515f35f100;
 .timescale 0 0;
    .port_info 0 /INPUT 1 "i_clk";
    .port_info 1 /INPUT 1 "i_rst";
    .port_info 2 /INPUT 1 "i_stall";
    .port_info 3 /INPUT 32 "address_in";
    .port_info 4 /OUTPUT 32 "o_mem_raddr";
P_0x56515f496730 .param/l "RESET_ADDR" 0 14 2, C4<00000000000000000000000000000000>;
v0x56515f4968b0_0 .var "PC", 31 0;
v0x56515f4969b0_0 .net "address_in", 31 0, L_0x56515f4fc4d0;  alias, 1 drivers
v0x56515f496a90_0 .net "i_clk", 0 0, v0x56515f4c80f0_0;  alias, 1 drivers
v0x56515f496b60_0 .net "i_rst", 0 0, v0x56515f4c9b20_0;  alias, 1 drivers
v0x56515f496c00_0 .net "i_stall", 0 0, L_0x56515f4fbcc0;  alias, 1 drivers
v0x56515f496ca0_0 .net "o_mem_raddr", 31 0, v0x56515f4968b0_0;  alias, 1 drivers
S_0x56515f496e20 .scope module, "i_forwardingUnit" "forwardingUnit" 4 818, 15 1 0, S_0x56515f35f100;
 .timescale 0 0;
    .port_info 0 /OUTPUT 32 "rs1_forwarded_data";
    .port_info 1 /OUTPUT 32 "rs2_forwarded_data";
    .port_info 2 /INPUT 32 "DE_rs1_data";
    .port_info 3 /INPUT 32 "DE_rs2_data";
    .port_info 4 /INPUT 5 "rs1_addr";
    .port_info 5 /INPUT 5 "rs2_addr";
    .port_info 6 /INPUT 5 "ex_dest_addr";
    .port_info 7 /INPUT 5 "mem_dest_addr";
    .port_info 8 /INPUT 1 "ex_reg_write";
    .port_info 9 /INPUT 1 "mem_reg_write";
    .port_info 10 /INPUT 32 "ex_data";
    .port_info 11 /INPUT 32 "mem_data";
L_0x56515f5211a0 .functor AND 1, v0x56515f4bc340_0, L_0x56515f521060, C4<1>, C4<1>;
L_0x56515f521300 .functor AND 1, L_0x56515f5211a0, L_0x56515f521260, C4<1>, C4<1>;
L_0x56515f521640 .functor AND 1, v0x56515f4bc340_0, L_0x56515f521500, C4<1>, C4<1>;
L_0x56515f5217a0 .functor AND 1, L_0x56515f521640, L_0x56515f521700, C4<1>, C4<1>;
L_0x56515f521b30 .functor AND 1, v0x56515f4bd540_0, L_0x56515f5219a0, C4<1>, C4<1>;
L_0x56515f521ce0 .functor AND 1, L_0x56515f521b30, L_0x56515f521bf0, C4<1>, C4<1>;
L_0x56515f522030 .functor AND 1, v0x56515f4bd540_0, L_0x56515f521ef0, C4<1>, C4<1>;
L_0x56515f522360 .functor AND 1, L_0x56515f522030, L_0x56515f522200, C4<1>, C4<1>;
v0x56515f497140_0 .net "DE_rs1_data", 31 0, v0x56515f4bb810_0;  1 drivers
v0x56515f497240_0 .net "DE_rs2_data", 31 0, v0x56515f4bb900_0;  1 drivers
v0x56515f497320_0 .net *"_ivl_0", 31 0, L_0x56515f520fc0;  1 drivers
v0x56515f4973e0_0 .net *"_ivl_10", 0 0, L_0x56515f521260;  1 drivers
v0x56515f4974a0_0 .net *"_ivl_14", 31 0, L_0x56515f521410;  1 drivers
L_0x7fa17a24d098 .functor BUFT 1, C4<000000000000000000000000000>, C4<0>, C4<0>, C4<0>;
v0x56515f4975d0_0 .net *"_ivl_17", 26 0, L_0x7fa17a24d098;  1 drivers
L_0x7fa17a24d0e0 .functor BUFT 1, C4<00000000000000000000000000000000>, C4<0>, C4<0>, C4<0>;
v0x56515f4976b0_0 .net/2u *"_ivl_18", 31 0, L_0x7fa17a24d0e0;  1 drivers
v0x56515f497790_0 .net *"_ivl_20", 0 0, L_0x56515f521500;  1 drivers
v0x56515f497850_0 .net *"_ivl_23", 0 0, L_0x56515f521640;  1 drivers
v0x56515f497910_0 .net *"_ivl_24", 0 0, L_0x56515f521700;  1 drivers
v0x56515f4979d0_0 .net *"_ivl_28", 31 0, L_0x56515f5218b0;  1 drivers
L_0x7fa17a24d008 .functor BUFT 1, C4<000000000000000000000000000>, C4<0>, C4<0>, C4<0>;
v0x56515f497ab0_0 .net *"_ivl_3", 26 0, L_0x7fa17a24d008;  1 drivers
L_0x7fa17a24d128 .functor BUFT 1, C4<000000000000000000000000000>, C4<0>, C4<0>, C4<0>;
v0x56515f497b90_0 .net *"_ivl_31", 26 0, L_0x7fa17a24d128;  1 drivers
L_0x7fa17a24d170 .functor BUFT 1, C4<00000000000000000000000000000000>, C4<0>, C4<0>, C4<0>;
v0x56515f497c70_0 .net/2u *"_ivl_32", 31 0, L_0x7fa17a24d170;  1 drivers
v0x56515f497d50_0 .net *"_ivl_34", 0 0, L_0x56515f5219a0;  1 drivers
v0x56515f497e10_0 .net *"_ivl_37", 0 0, L_0x56515f521b30;  1 drivers
v0x56515f497ed0_0 .net *"_ivl_38", 0 0, L_0x56515f521bf0;  1 drivers
L_0x7fa17a24d050 .functor BUFT 1, C4<00000000000000000000000000000000>, C4<0>, C4<0>, C4<0>;
v0x56515f497f90_0 .net/2u *"_ivl_4", 31 0, L_0x7fa17a24d050;  1 drivers
v0x56515f498070_0 .net *"_ivl_42", 31 0, L_0x56515f521df0;  1 drivers
L_0x7fa17a24d1b8 .functor BUFT 1, C4<000000000000000000000000000>, C4<0>, C4<0>, C4<0>;
v0x56515f498150_0 .net *"_ivl_45", 26 0, L_0x7fa17a24d1b8;  1 drivers
L_0x7fa17a24d200 .functor BUFT 1, C4<00000000000000000000000000000000>, C4<0>, C4<0>, C4<0>;
v0x56515f498230_0 .net/2u *"_ivl_46", 31 0, L_0x7fa17a24d200;  1 drivers
v0x56515f498310_0 .net *"_ivl_48", 0 0, L_0x56515f521ef0;  1 drivers
v0x56515f4983d0_0 .net *"_ivl_51", 0 0, L_0x56515f522030;  1 drivers
v0x56515f498490_0 .net *"_ivl_52", 0 0, L_0x56515f522200;  1 drivers
v0x56515f498550_0 .net *"_ivl_56", 31 0, L_0x56515f522470;  1 drivers
v0x56515f498630_0 .net *"_ivl_6", 0 0, L_0x56515f521060;  1 drivers
v0x56515f4986f0_0 .net *"_ivl_60", 31 0, L_0x56515f5226d0;  1 drivers
v0x56515f4987d0_0 .net *"_ivl_9", 0 0, L_0x56515f5211a0;  1 drivers
v0x56515f498890_0 .net "ex_data", 31 0, v0x56515f4bba70_0;  1 drivers
v0x56515f498970_0 .net "ex_dest_addr", 4 0, v0x56515f4bc280_0;  alias, 1 drivers
v0x56515f498a30_0 .net "ex_reg_write", 0 0, v0x56515f4bc340_0;  alias, 1 drivers
v0x56515f498b00_0 .net "mem_data", 31 0, L_0x56515f51ac70;  alias, 1 drivers
v0x56515f498ba0_0 .net "mem_dest_addr", 4 0, v0x56515f4bd4a0_0;  alias, 1 drivers
v0x56515f498c60_0 .net "mem_reg_write", 0 0, v0x56515f4bd540_0;  alias, 1 drivers
v0x56515f498d00_0 .net "rs1_EX_forwarded", 0 0, L_0x56515f521300;  1 drivers
v0x56515f498da0_0 .net "rs1_MEM_forwarded", 0 0, L_0x56515f521ce0;  1 drivers
v0x56515f498e60_0 .net "rs1_addr", 4 0, L_0x56515f522ae0;  1 drivers
v0x56515f498f40_0 .net "rs1_forwarded_data", 31 0, L_0x56515f5225b0;  alias, 1 drivers
v0x56515f499000_0 .net "rs2_EX_forwarded", 0 0, L_0x56515f5217a0;  1 drivers
v0x56515f4990a0_0 .net "rs2_MEM_forwarded", 0 0, L_0x56515f522360;  1 drivers
v0x56515f499160_0 .net "rs2_addr", 4 0, L_0x56515f522b80;  1 drivers
v0x56515f499240_0 .net "rs2_forwarded_data", 31 0, L_0x56515f522810;  alias, 1 drivers
L_0x56515f520fc0 .concat [ 5 27 0 0], v0x56515f4bc280_0, L_0x7fa17a24d008;
L_0x56515f521060 .cmp/ne 32, L_0x56515f520fc0, L_0x7fa17a24d050;
L_0x56515f521260 .cmp/eq 5, v0x56515f4bc280_0, L_0x56515f522ae0;
L_0x56515f521410 .concat [ 5 27 0 0], v0x56515f4bc280_0, L_0x7fa17a24d098;
L_0x56515f521500 .cmp/ne 32, L_0x56515f521410, L_0x7fa17a24d0e0;
L_0x56515f521700 .cmp/eq 5, v0x56515f4bc280_0, L_0x56515f522b80;
L_0x56515f5218b0 .concat [ 5 27 0 0], v0x56515f4bd4a0_0, L_0x7fa17a24d128;
L_0x56515f5219a0 .cmp/ne 32, L_0x56515f5218b0, L_0x7fa17a24d170;
L_0x56515f521bf0 .cmp/eq 5, v0x56515f4bd4a0_0, L_0x56515f522ae0;
L_0x56515f521df0 .concat [ 5 27 0 0], v0x56515f4bd4a0_0, L_0x7fa17a24d1b8;
L_0x56515f521ef0 .cmp/ne 32, L_0x56515f521df0, L_0x7fa17a24d200;
L_0x56515f522200 .cmp/eq 5, v0x56515f4bd4a0_0, L_0x56515f522b80;
L_0x56515f522470 .functor MUXZ 32, v0x56515f4bb810_0, L_0x56515f51ac70, L_0x56515f521ce0, C4<>;
L_0x56515f5225b0 .functor MUXZ 32, L_0x56515f522470, v0x56515f4bba70_0, L_0x56515f521300, C4<>;
L_0x56515f5226d0 .functor MUXZ 32, v0x56515f4bb900_0, L_0x56515f51ac70, L_0x56515f522360, C4<>;
L_0x56515f522810 .functor MUXZ 32, L_0x56515f5226d0, v0x56515f4bba70_0, L_0x56515f5217a0, C4<>;
S_0x56515f499490 .scope module, "i_hazardDetection" "hazardDetection" 4 780, 16 1 0, S_0x56515f35f100;
 .timescale 0 0;
    .port_info 0 /INPUT 5 "i_rs1_raddr";
    .port_info 1 /INPUT 5 "i_rs2_raddr";
    .port_info 2 /INPUT 5 "DE_rd";
    .port_info 3 /INPUT 1 "DE_mem_read";
    .port_info 4 /INPUT 1 "DE_reg_write";
    .port_info 5 /INPUT 5 "EM_rd";
    .port_info 6 /INPUT 1 "EM_mem_read";
    .port_info 7 /INPUT 7 "opcode";
    .port_info 8 /INPUT 1 "imem_wait";
    .port_info 9 /INPUT 1 "dmem_wait";
    .port_info 10 /OUTPUT 1 "stall";
    .port_info 11 /OUTPUT 1 "pipeline_freeze";
L_0x56515f51aef0 .functor AND 1, L_0x56515f51b6e0, L_0x56515f51b820, C4<1>, C4<1>;
L_0x56515f51b960 .functor AND 1, L_0x56515f51aef0, v0x56515f4bb6a0_0, C4<1>, C4<1>;
L_0x56515f51bdd0 .functor AND 1, L_0x56515f51bba0, L_0x56515f51bce0, C4<1>, C4<1>;
L_0x56515f51bee0 .functor AND 1, L_0x56515f51bdd0, v0x56515f4bb6a0_0, C4<1>, C4<1>;
L_0x56515f51c310 .functor AND 1, L_0x56515f51c0d0, L_0x56515f51c270, C4<1>, C4<1>;
L_0x56515f51c3d0 .functor AND 1, L_0x56515f51c310, v0x56515f4bbf80_0, C4<1>, C4<1>;
L_0x56515f51c5c0 .functor AND 1, L_0x56515f51c630, L_0x56515f51c720, C4<1>, C4<1>;
L_0x56515f51c8e0 .functor AND 1, L_0x56515f51c5c0, v0x56515f4bbf80_0, C4<1>, C4<1>;
L_0x56515f51c7c0 .functor AND 1, v0x56515f4bb320_0, L_0x56515f51cae0, C4<1>, C4<1>;
L_0x56515f51cc20 .functor OR 1, L_0x56515f51cd50, L_0x56515f51cdf0, C4<0>, C4<0>;
L_0x56515f51d140 .functor AND 1, L_0x56515f51c7c0, L_0x56515f51cc20, C4<1>, C4<1>;
L_0x56515f51d200 .functor OR 1, L_0x56515f51b960, L_0x56515f51bee0, C4<0>, C4<0>;
L_0x56515f51d380 .functor OR 1, L_0x56515f51d200, L_0x56515f51c3d0, C4<0>, C4<0>;
L_0x56515f51d440 .functor OR 1, L_0x56515f51d380, L_0x56515f51c8e0, C4<0>, C4<0>;
L_0x56515f51d310 .functor AND 1, L_0x56515f51b3c0, L_0x56515f51d440, C4<1>, C4<1>;
L_0x56515f51d670 .functor OR 1, L_0x56515f51b960, L_0x56515f51c3d0, C4<0>, C4<0>;
L_0x56515f51d550 .functor AND 1, L_0x56515f51b4b0, L_0x56515f51d670, C4<1>, C4<1>;
L_0x56515f51d810 .functor OR 1, L_0x56515f4fb530, L_0x56515f4fb850, C4<0>, C4<0>;
L_0x56515f51d6e0 .functor OR 1, L_0x56515f51d140, L_0x56515f51d310, C4<0>, C4<0>;
L_0x56515f51da10 .functor OR 1, L_0x56515f51d6e0, L_0x56515f51d550, C4<0>, C4<0>;
L_0x56515f51d8d0 .functor OR 1, L_0x56515f51da10, L_0x56515f51d810, C4<0>, C4<0>;
v0x56515f499800_0 .net "DE_mem_read", 0 0, v0x56515f4bb320_0;  1 drivers
v0x56515f4998e0_0 .net "DE_rd", 4 0, v0x56515f4bb5e0_0;  1 drivers
v0x56515f4999c0_0 .net "DE_reg_write", 0 0, v0x56515f4bb6a0_0;  1 drivers
v0x56515f499a90_0 .net "EM_mem_read", 0 0, v0x56515f4bbf80_0;  1 drivers
v0x56515f499b50_0 .net "EM_rd", 4 0, v0x56515f4bc280_0;  alias, 1 drivers
L_0x7fa17a24c5e8 .functor BUFT 1, C4<1100011>, C4<0>, C4<0>, C4<0>;
v0x56515f499cb0_0 .net/2u *"_ivl_0", 6 0, L_0x7fa17a24c5e8;  1 drivers
L_0x7fa17a24c678 .functor BUFT 1, C4<000000000000000000000000000>, C4<0>, C4<0>, C4<0>;
v0x56515f499d90_0 .net *"_ivl_11", 26 0, L_0x7fa17a24c678;  1 drivers
L_0x7fa17a24c6c0 .functor BUFT 1, C4<00000000000000000000000000000000>, C4<0>, C4<0>, C4<0>;
v0x56515f499e70_0 .net/2u *"_ivl_12", 31 0, L_0x7fa17a24c6c0;  1 drivers
v0x56515f499f50_0 .net *"_ivl_14", 0 0, L_0x56515f51b6e0;  1 drivers
v0x56515f49a010_0 .net *"_ivl_16", 0 0, L_0x56515f51b820;  1 drivers
v0x56515f49a0d0_0 .net *"_ivl_19", 0 0, L_0x56515f51aef0;  1 drivers
v0x56515f49a190_0 .net *"_ivl_22", 31 0, L_0x56515f51ba70;  1 drivers
L_0x7fa17a24c708 .functor BUFT 1, C4<000000000000000000000000000>, C4<0>, C4<0>, C4<0>;
v0x56515f49a270_0 .net *"_ivl_25", 26 0, L_0x7fa17a24c708;  1 drivers
L_0x7fa17a24c750 .functor BUFT 1, C4<00000000000000000000000000000000>, C4<0>, C4<0>, C4<0>;
v0x56515f49a350_0 .net/2u *"_ivl_26", 31 0, L_0x7fa17a24c750;  1 drivers
v0x56515f49a430_0 .net *"_ivl_28", 0 0, L_0x56515f51bba0;  1 drivers
v0x56515f49a4f0_0 .net *"_ivl_30", 0 0, L_0x56515f51bce0;  1 drivers
v0x56515f49a5b0_0 .net *"_ivl_33", 0 0, L_0x56515f51bdd0;  1 drivers
v0x56515f49a670_0 .net *"_ivl_36", 31 0, L_0x56515f51bfa0;  1 drivers
L_0x7fa17a24c798 .functor BUFT 1, C4<000000000000000000000000000>, C4<0>, C4<0>, C4<0>;
v0x56515f49a750_0 .net *"_ivl_39", 26 0, L_0x7fa17a24c798;  1 drivers
L_0x7fa17a24c630 .functor BUFT 1, C4<1100111>, C4<0>, C4<0>, C4<0>;
v0x56515f49a830_0 .net/2u *"_ivl_4", 6 0, L_0x7fa17a24c630;  1 drivers
L_0x7fa17a24c7e0 .functor BUFT 1, C4<00000000000000000000000000000000>, C4<0>, C4<0>, C4<0>;
v0x56515f49a910_0 .net/2u *"_ivl_40", 31 0, L_0x7fa17a24c7e0;  1 drivers
v0x56515f49a9f0_0 .net *"_ivl_42", 0 0, L_0x56515f51c0d0;  1 drivers
v0x56515f49aab0_0 .net *"_ivl_44", 0 0, L_0x56515f51c270;  1 drivers
v0x56515f49ab70_0 .net *"_ivl_47", 0 0, L_0x56515f51c310;  1 drivers
v0x56515f49ac30_0 .net *"_ivl_50", 31 0, L_0x56515f51c520;  1 drivers
L_0x7fa17a24c828 .functor BUFT 1, C4<000000000000000000000000000>, C4<0>, C4<0>, C4<0>;
v0x56515f49ad10_0 .net *"_ivl_53", 26 0, L_0x7fa17a24c828;  1 drivers
L_0x7fa17a24c870 .functor BUFT 1, C4<00000000000000000000000000000000>, C4<0>, C4<0>, C4<0>;
v0x56515f49adf0_0 .net/2u *"_ivl_54", 31 0, L_0x7fa17a24c870;  1 drivers
v0x56515f49aed0_0 .net *"_ivl_56", 0 0, L_0x56515f51c630;  1 drivers
v0x56515f49af90_0 .net *"_ivl_58", 0 0, L_0x56515f51c720;  1 drivers
v0x56515f49b050_0 .net *"_ivl_61", 0 0, L_0x56515f51c5c0;  1 drivers
v0x56515f49b110_0 .net *"_ivl_64", 31 0, L_0x56515f51c9f0;  1 drivers
L_0x7fa17a24c8b8 .functor BUFT 1, C4<000000000000000000000000000>, C4<0>, C4<0>, C4<0>;
v0x56515f49b1f0_0 .net *"_ivl_67", 26 0, L_0x7fa17a24c8b8;  1 drivers
L_0x7fa17a24c900 .functor BUFT 1, C4<00000000000000000000000000000000>, C4<0>, C4<0>, C4<0>;
v0x56515f49b2d0_0 .net/2u *"_ivl_68", 31 0, L_0x7fa17a24c900;  1 drivers
v0x56515f49b5c0_0 .net *"_ivl_70", 0 0, L_0x56515f51cae0;  1 drivers
v0x56515f49b680_0 .net *"_ivl_73", 0 0, L_0x56515f51c7c0;  1 drivers
v0x56515f49b740_0 .net *"_ivl_74", 0 0, L_0x56515f51cd50;  1 drivers
v0x56515f49b800_0 .net *"_ivl_76", 0 0, L_0x56515f51cdf0;  1 drivers
v0x56515f49b8c0_0 .net *"_ivl_79", 0 0, L_0x56515f51cc20;  1 drivers
v0x56515f49b980_0 .net *"_ivl_8", 31 0, L_0x56515f51b5a0;  1 drivers
v0x56515f49ba60_0 .net *"_ivl_83", 0 0, L_0x56515f51d200;  1 drivers
v0x56515f49bb20_0 .net *"_ivl_85", 0 0, L_0x56515f51d380;  1 drivers
v0x56515f49bbe0_0 .net *"_ivl_87", 0 0, L_0x56515f51d440;  1 drivers
v0x56515f49bca0_0 .net *"_ivl_91", 0 0, L_0x56515f51d670;  1 drivers
v0x56515f49bd60_0 .net *"_ivl_97", 0 0, L_0x56515f51d6e0;  1 drivers
v0x56515f49be20_0 .net *"_ivl_99", 0 0, L_0x56515f51da10;  1 drivers
v0x56515f49bee0_0 .net "branch_hazard", 0 0, L_0x56515f51d310;  1 drivers
v0x56515f49bfa0_0 .net "dmem_wait", 0 0, L_0x56515f4fb850;  alias, 1 drivers
v0x56515f49c060_0 .net "i_rs1_raddr", 4 0, L_0x56515f4fe9f0;  alias, 1 drivers
v0x56515f49c120_0 .net "i_rs2_raddr", 4 0, L_0x56515f4feb20;  alias, 1 drivers
v0x56515f49c230_0 .net "imem_wait", 0 0, L_0x56515f4fb530;  alias, 1 drivers
v0x56515f49c2f0_0 .net "is_branch", 0 0, L_0x56515f51b3c0;  1 drivers
v0x56515f49c3b0_0 .net "is_jalr", 0 0, L_0x56515f51b4b0;  1 drivers
v0x56515f49c470_0 .net "jalr_hazard", 0 0, L_0x56515f51d550;  1 drivers
v0x56515f49c530_0 .net "load_use_hazard", 0 0, L_0x56515f51d140;  1 drivers
v0x56515f49c5f0_0 .net "opcode", 6 0, L_0x56515f4fddd0;  alias, 1 drivers
v0x56515f49c700_0 .net "pipeline_freeze", 0 0, L_0x56515f51d810;  alias, 1 drivers
v0x56515f49c7c0_0 .net "rs1_conflict_de", 0 0, L_0x56515f51b960;  1 drivers
v0x56515f49c880_0 .net "rs1_conflict_em_load", 0 0, L_0x56515f51c3d0;  1 drivers
v0x56515f49c940_0 .net "rs2_conflict_de", 0 0, L_0x56515f51bee0;  1 drivers
v0x56515f49ca00_0 .net "rs2_conflict_em_load", 0 0, L_0x56515f51c8e0;  1 drivers
v0x56515f49cac0_0 .net "stall", 0 0, L_0x56515f51d8d0;  alias, 1 drivers
L_0x56515f51b3c0 .cmp/eq 7, L_0x56515f4fddd0, L_0x7fa17a24c5e8;
L_0x56515f51b4b0 .cmp/eq 7, L_0x56515f4fddd0, L_0x7fa17a24c630;
L_0x56515f51b5a0 .concat [ 5 27 0 0], v0x56515f4bb5e0_0, L_0x7fa17a24c678;
L_0x56515f51b6e0 .cmp/ne 32, L_0x56515f51b5a0, L_0x7fa17a24c6c0;
L_0x56515f51b820 .cmp/eq 5, v0x56515f4bb5e0_0, L_0x56515f4fe9f0;
L_0x56515f51ba70 .concat [ 5 27 0 0], v0x56515f4bb5e0_0, L_0x7fa17a24c708;
L_0x56515f51bba0 .cmp/ne 32, L_0x56515f51ba70, L_0x7fa17a24c750;
L_0x56515f51bce0 .cmp/eq 5, v0x56515f4bb5e0_0, L_0x56515f4feb20;
L_0x56515f51bfa0 .concat [ 5 27 0 0], v0x56515f4bc280_0, L_0x7fa17a24c798;
L_0x56515f51c0d0 .cmp/ne 32, L_0x56515f51bfa0, L_0x7fa17a24c7e0;
L_0x56515f51c270 .cmp/eq 5, v0x56515f4bc280_0, L_0x56515f4fe9f0;
L_0x56515f51c520 .concat [ 5 27 0 0], v0x56515f4bc280_0, L_0x7fa17a24c828;
L_0x56515f51c630 .cmp/ne 32, L_0x56515f51c520, L_0x7fa17a24c870;
L_0x56515f51c720 .cmp/eq 5, v0x56515f4bc280_0, L_0x56515f4feb20;
L_0x56515f51c9f0 .concat [ 5 27 0 0], v0x56515f4bb5e0_0, L_0x7fa17a24c8b8;
L_0x56515f51cae0 .cmp/ne 32, L_0x56515f51c9f0, L_0x7fa17a24c900;
L_0x56515f51cd50 .cmp/eq 5, v0x56515f4bb5e0_0, L_0x56515f4fe9f0;
L_0x56515f51cdf0 .cmp/eq 5, v0x56515f4bb5e0_0, L_0x56515f4feb20;
S_0x56515f49cd00 .scope module, "i_memoryAccess" "memoryAccess" 4 631, 17 1 0, S_0x56515f35f100;
 .timescale 0 0;
    .port_info 0 /INPUT 1 "mem_write";
    .port_info 1 /INPUT 32 "alu_result";
    .port_info 2 /INPUT 32 "rs2_data";
    .port_info 3 /INPUT 4 "dmem_mask_base";
    .port_info 4 /INPUT 1 "i_dmem_ready";
    .port_info 5 /OUTPUT 32 "o_dmem_addr";
    .port_info 6 /OUTPUT 32 "o_dmem_wdata";
    .port_info 7 /OUTPUT 1 "o_dmem_ren";
    .port_info 8 /OUTPUT 1 "o_dmem_wen";
    .port_info 9 /INPUT 32 "i_dmem_rdata";
    .port_info 10 /OUTPUT 4 "o_dmem_mask";
    .port_info 11 /INPUT 1 "mem_read";
    .port_info 12 /INPUT 3 "funct3";
    .port_info 13 /OUTPUT 32 "o_load_data";
L_0x56515f516c90 .functor BUFZ 32, L_0x56515f523e80, C4<00000000000000000000000000000000>, C4<00000000000000000000000000000000>, C4<00000000000000000000000000000000>;
L_0x7fa17a24c438 .functor BUFT 1, C4<1>, C4<0>, C4<0>, C4<0>;
L_0x56515f518bb0 .functor AND 1, v0x56515f4bbf80_0, L_0x7fa17a24c438, C4<1>, C4<1>;
L_0x56515f518c20 .functor AND 1, v0x56515f4bc070_0, L_0x7fa17a24c438, C4<1>, C4<1>;
L_0x56515f519d70 .functor BUFZ 32, L_0x56515f523f40, C4<00000000000000000000000000000000>, C4<00000000000000000000000000000000>, C4<00000000000000000000000000000000>;
v0x56515f4a1ee0_0 .net *"_ivl_10", 0 0, L_0x56515f5141c0;  1 drivers
v0x56515f4a1fc0_0 .net *"_ivl_100", 0 0, L_0x56515f51a080;  1 drivers
v0x56515f4a2080_0 .net *"_ivl_102", 31 0, L_0x56515f519f70;  1 drivers
L_0x7fa17a24ba60 .functor BUFT 1, C4<01>, C4<0>, C4<0>, C4<0>;
v0x56515f4a2140_0 .net/2u *"_ivl_12", 1 0, L_0x7fa17a24ba60;  1 drivers
v0x56515f4a2220_0 .net *"_ivl_14", 0 0, L_0x56515f514260;  1 drivers
v0x56515f4a22e0_0 .net *"_ivl_17", 2 0, L_0x56515f514350;  1 drivers
L_0x7fa17a24baa8 .functor BUFT 1, C4<0>, C4<0>, C4<0>, C4<0>;
v0x56515f4a23c0_0 .net/2u *"_ivl_18", 0 0, L_0x7fa17a24baa8;  1 drivers
v0x56515f4a24a0_0 .net *"_ivl_20", 3 0, L_0x56515f514440;  1 drivers
L_0x7fa17a24baf0 .functor BUFT 1, C4<10>, C4<0>, C4<0>, C4<0>;
v0x56515f4a2580_0 .net/2u *"_ivl_22", 1 0, L_0x7fa17a24baf0;  1 drivers
v0x56515f4a2660_0 .net *"_ivl_24", 0 0, L_0x56515f514580;  1 drivers
v0x56515f4a2720_0 .net *"_ivl_27", 1 0, L_0x56515f5146c0;  1 drivers
L_0x7fa17a24bb38 .functor BUFT 1, C4<00>, C4<0>, C4<0>, C4<0>;
v0x56515f4a2800_0 .net/2u *"_ivl_28", 1 0, L_0x7fa17a24bb38;  1 drivers
v0x56515f4a28e0_0 .net *"_ivl_3", 29 0, L_0x56515f513b40;  1 drivers
v0x56515f4a29c0_0 .net *"_ivl_30", 3 0, L_0x56515f514760;  1 drivers
v0x56515f4a2aa0_0 .net *"_ivl_33", 0 0, L_0x56515f514900;  1 drivers
L_0x7fa17a24bb80 .functor BUFT 1, C4<000>, C4<0>, C4<0>, C4<0>;
v0x56515f4a2b80_0 .net/2u *"_ivl_34", 2 0, L_0x7fa17a24bb80;  1 drivers
v0x56515f4a2c60_0 .net *"_ivl_36", 3 0, L_0x56515f514a30;  1 drivers
v0x56515f4a2d40_0 .net *"_ivl_38", 3 0, L_0x56515f514b40;  1 drivers
L_0x7fa17a24b9d0 .functor BUFT 1, C4<00>, C4<0>, C4<0>, C4<0>;
v0x56515f4a2e20_0 .net/2u *"_ivl_4", 1 0, L_0x7fa17a24b9d0;  1 drivers
v0x56515f4a2f00_0 .net *"_ivl_40", 3 0, L_0x56515f514c80;  1 drivers
L_0x7fa17a24c318 .functor BUFT 1, C4<000000000000000000000000>, C4<0>, C4<0>, C4<0>;
v0x56515f4a2fe0_0 .net/2u *"_ivl_56", 23 0, L_0x7fa17a24c318;  1 drivers
v0x56515f4a30c0_0 .net *"_ivl_59", 7 0, L_0x56515f518eb0;  1 drivers
v0x56515f4a31a0_0 .net *"_ivl_60", 31 0, L_0x56515f518f50;  1 drivers
v0x56515f4a3280_0 .net *"_ivl_63", 0 0, L_0x56515f519130;  1 drivers
v0x56515f4a3360_0 .net *"_ivl_65", 23 0, L_0x56515f5191d0;  1 drivers
v0x56515f4a3440_0 .net *"_ivl_67", 7 0, L_0x56515f519090;  1 drivers
v0x56515f4a3520_0 .net *"_ivl_68", 31 0, L_0x56515f519320;  1 drivers
L_0x7fa17a24c360 .functor BUFT 1, C4<0000000000000000>, C4<0>, C4<0>, C4<0>;
v0x56515f4a3600_0 .net/2u *"_ivl_72", 15 0, L_0x7fa17a24c360;  1 drivers
v0x56515f4a36e0_0 .net *"_ivl_75", 15 0, L_0x56515f5195c0;  1 drivers
v0x56515f4a37c0_0 .net *"_ivl_76", 31 0, L_0x56515f519410;  1 drivers
v0x56515f4a38a0_0 .net *"_ivl_79", 0 0, L_0x56515f5197d0;  1 drivers
L_0x7fa17a24ba18 .functor BUFT 1, C4<00>, C4<0>, C4<0>, C4<0>;
v0x56515f4a3980_0 .net/2u *"_ivl_8", 1 0, L_0x7fa17a24ba18;  1 drivers
v0x56515f4a3a60_0 .net *"_ivl_81", 15 0, L_0x56515f519660;  1 drivers
v0x56515f4a3d50_0 .net *"_ivl_83", 15 0, L_0x56515f5199a0;  1 drivers
v0x56515f4a3e30_0 .net *"_ivl_84", 31 0, L_0x56515f519870;  1 drivers
v0x56515f4a3f10_0 .net *"_ivl_91", 1 0, L_0x56515f519de0;  1 drivers
L_0x7fa17a24c3a8 .functor BUFT 1, C4<00>, C4<0>, C4<0>, C4<0>;
v0x56515f4a3ff0_0 .net/2u *"_ivl_92", 1 0, L_0x7fa17a24c3a8;  1 drivers
v0x56515f4a40d0_0 .net *"_ivl_94", 0 0, L_0x56515f519e80;  1 drivers
v0x56515f4a4190_0 .net *"_ivl_97", 1 0, L_0x56515f519c70;  1 drivers
L_0x7fa17a24c3f0 .functor BUFT 1, C4<01>, C4<0>, C4<0>, C4<0>;
v0x56515f4a4270_0 .net/2u *"_ivl_98", 1 0, L_0x7fa17a24c3f0;  1 drivers
v0x56515f4a4350_0 .net "alu_result", 31 0, v0x56515f4bba70_0;  alias, 1 drivers
v0x56515f4a4410_0 .net "byte_offset", 1 0, L_0x56515f513aa0;  1 drivers
v0x56515f4a44b0_0 .net "dmem_mask_base", 3 0, v0x56515f4bc110_0;  1 drivers
v0x56515f4a4590_0 .net "funct3", 2 0, v0x56515f4bbd40_0;  1 drivers
v0x56515f4a4670_0 .net "i_dmem_rdata", 31 0, L_0x56515f4fb110;  alias, 1 drivers
v0x56515f4a4780_0 .net "i_dmem_ready", 0 0, L_0x7fa17a24c438;  1 drivers
v0x56515f4a4840_0 .net "load_byte", 31 0, L_0x56515f519270;  1 drivers
v0x56515f4a4920_0 .net "load_half", 31 0, L_0x56515f519bd0;  1 drivers
v0x56515f4a4a00_0 .net "load_unsigned", 0 0, L_0x56515f518d30;  1 drivers
v0x56515f4a4ac0_0 .net "load_word", 31 0, L_0x56515f519d70;  1 drivers
v0x56515f4a4ba0_0 .net "mem_read", 0 0, v0x56515f4bbf80_0;  alias, 1 drivers
v0x56515f4a4c40_0 .net "mem_write", 0 0, v0x56515f4bc070_0;  1 drivers
v0x56515f4a4ce0_0 .net "o_dmem_addr", 31 0, L_0x56515f5140d0;  alias, 1 drivers
v0x56515f4a4da0_0 .net "o_dmem_mask", 3 0, L_0x56515f514e40;  alias, 1 drivers
v0x56515f4a4e70_0 .net "o_dmem_ren", 0 0, L_0x56515f518bb0;  alias, 1 drivers
v0x56515f4a4f10_0 .net "o_dmem_wdata", 31 0, L_0x56515f516c90;  alias, 1 drivers
v0x56515f4a5000_0 .net "o_dmem_wen", 0 0, L_0x56515f518c20;  alias, 1 drivers
v0x56515f4a50a0_0 .net "o_load_data", 31 0, L_0x56515f51a2e0;  alias, 1 drivers
v0x56515f4a5180_0 .net "rdata_shifted", 31 0, L_0x56515f523f40;  1 drivers
v0x56515f4a5270_0 .net "rs2_data", 31 0, v0x56515f4bc5f0_0;  1 drivers
v0x56515f4a5340_0 .net "wdata_shifted", 31 0, L_0x56515f523e80;  1 drivers
L_0x56515f513aa0 .part v0x56515f4bba70_0, 0, 2;
L_0x56515f513b40 .part v0x56515f4bba70_0, 2, 30;
L_0x56515f5140d0 .concat [ 2 30 0 0], L_0x7fa17a24b9d0, L_0x56515f513b40;
L_0x56515f5141c0 .cmp/eq 2, L_0x56515f513aa0, L_0x7fa17a24ba18;
L_0x56515f514260 .cmp/eq 2, L_0x56515f513aa0, L_0x7fa17a24ba60;
L_0x56515f514350 .part v0x56515f4bc110_0, 0, 3;
L_0x56515f514440 .concat [ 1 3 0 0], L_0x7fa17a24baa8, L_0x56515f514350;
L_0x56515f514580 .cmp/eq 2, L_0x56515f513aa0, L_0x7fa17a24baf0;
L_0x56515f5146c0 .part v0x56515f4bc110_0, 0, 2;
L_0x56515f514760 .concat [ 2 2 0 0], L_0x7fa17a24bb38, L_0x56515f5146c0;
L_0x56515f514900 .part v0x56515f4bc110_0, 0, 1;
L_0x56515f514a30 .concat [ 3 1 0 0], L_0x7fa17a24bb80, L_0x56515f514900;
L_0x56515f514b40 .functor MUXZ 4, L_0x56515f514a30, L_0x56515f514760, L_0x56515f514580, C4<>;
L_0x56515f514c80 .functor MUXZ 4, L_0x56515f514b40, L_0x56515f514440, L_0x56515f514260, C4<>;
L_0x56515f514e40 .functor MUXZ 4, L_0x56515f514c80, v0x56515f4bc110_0, L_0x56515f5141c0, C4<>;
L_0x56515f518d30 .part v0x56515f4bbd40_0, 2, 1;
L_0x56515f518eb0 .part L_0x56515f523f40, 0, 8;
L_0x56515f518f50 .concat [ 8 24 0 0], L_0x56515f518eb0, L_0x7fa17a24c318;
L_0x56515f519130 .part L_0x56515f523f40, 7, 1;
L_0x56515f5191d0 .repeat 24, 24, L_0x56515f519130;
L_0x56515f519090 .part L_0x56515f523f40, 0, 8;
L_0x56515f519320 .concat [ 8 24 0 0], L_0x56515f519090, L_0x56515f5191d0;
L_0x56515f519270 .functor MUXZ 32, L_0x56515f519320, L_0x56515f518f50, L_0x56515f518d30, C4<>;
L_0x56515f5195c0 .part L_0x56515f523f40, 0, 16;
L_0x56515f519410 .concat [ 16 16 0 0], L_0x56515f5195c0, L_0x7fa17a24c360;
L_0x56515f5197d0 .part L_0x56515f523f40, 15, 1;
L_0x56515f519660 .repeat 16, 16, L_0x56515f5197d0;
L_0x56515f5199a0 .part L_0x56515f523f40, 0, 16;
L_0x56515f519870 .concat [ 16 16 0 0], L_0x56515f5199a0, L_0x56515f519660;
L_0x56515f519bd0 .functor MUXZ 32, L_0x56515f519870, L_0x56515f519410, L_0x56515f518d30, C4<>;
L_0x56515f519de0 .part v0x56515f4bbd40_0, 0, 2;
L_0x56515f519e80 .cmp/eq 2, L_0x56515f519de0, L_0x7fa17a24c3a8;
L_0x56515f519c70 .part v0x56515f4bbd40_0, 0, 2;
L_0x56515f51a080 .cmp/eq 2, L_0x56515f519c70, L_0x7fa17a24c3f0;
L_0x56515f519f70 .functor MUXZ 32, L_0x56515f519d70, L_0x56515f519bd0, L_0x56515f51a080, C4<>;
L_0x56515f51a2e0 .functor MUXZ 32, L_0x56515f519f70, L_0x56515f519270, L_0x56515f519e80, C4<>;
S_0x56515f49d0b0 .scope module, "i_barrel_shifter" "barrel_shifter" 17 30, 18 1 0, S_0x56515f49cd00;
 .timescale 0 0;
    .port_info 0 /INPUT 32 "in";
    .port_info 1 /INPUT 2 "shft_amt";
    .port_info 2 /OUTPUT 32 "out";
    .port_info 3 /INPUT 1 "direction";
L_0x56515f523e80 .functor BUFT 32, L_0x56515f515c30, C4<00000000000000000000000000000000>, C4<00000000000000000000000000000000>, C4<00000000000000000000000000000000>;
L_0x7fa17a24bbc8 .functor BUFT 1, C4<00>, C4<0>, C4<0>, C4<0>;
v0x56515f49d2b0_0 .net/2u *"_ivl_0", 1 0, L_0x7fa17a24bbc8;  1 drivers
L_0x7fa17a24bc58 .functor BUFT 1, C4<00000000>, C4<0>, C4<0>, C4<0>;
v0x56515f49d3b0_0 .net/2u *"_ivl_10", 7 0, L_0x7fa17a24bc58;  1 drivers
v0x56515f49d490_0 .net *"_ivl_12", 31 0, L_0x56515f515310;  1 drivers
L_0x7fa17a24bca0 .functor BUFT 1, C4<10>, C4<0>, C4<0>, C4<0>;
v0x56515f49d550_0 .net/2u *"_ivl_14", 1 0, L_0x7fa17a24bca0;  1 drivers
v0x56515f49d630_0 .net *"_ivl_16", 0 0, L_0x56515f515450;  1 drivers
v0x56515f49d740_0 .net *"_ivl_19", 15 0, L_0x56515f515540;  1 drivers
v0x56515f49d820_0 .net *"_ivl_2", 0 0, L_0x56515f514f80;  1 drivers
L_0x7fa17a24bce8 .functor BUFT 1, C4<0000000000000000>, C4<0>, C4<0>, C4<0>;
v0x56515f49d8e0_0 .net/2u *"_ivl_20", 15 0, L_0x7fa17a24bce8;  1 drivers
v0x56515f49d9c0_0 .net *"_ivl_22", 31 0, L_0x56515f5155e0;  1 drivers
v0x56515f49db30_0 .net *"_ivl_25", 7 0, L_0x56515f5156d0;  1 drivers
L_0x7fa17a24bd30 .functor BUFT 1, C4<000000000000000000000000>, C4<0>, C4<0>, C4<0>;
v0x56515f49dc10_0 .net/2u *"_ivl_26", 23 0, L_0x7fa17a24bd30;  1 drivers
v0x56515f49dcf0_0 .net *"_ivl_28", 31 0, L_0x56515f5157c0;  1 drivers
v0x56515f49ddd0_0 .net *"_ivl_30", 31 0, L_0x56515f515900;  1 drivers
v0x56515f49deb0_0 .net *"_ivl_32", 31 0, L_0x56515f515aa0;  1 drivers
L_0x7fa17a24bd78 .functor BUFT 1, C4<00>, C4<0>, C4<0>, C4<0>;
v0x56515f49df90_0 .net/2u *"_ivl_36", 1 0, L_0x7fa17a24bd78;  1 drivers
v0x56515f49e070_0 .net *"_ivl_38", 0 0, L_0x56515f515d90;  1 drivers
L_0x7fa17a24bc10 .functor BUFT 1, C4<01>, C4<0>, C4<0>, C4<0>;
v0x56515f49e130_0 .net/2u *"_ivl_4", 1 0, L_0x7fa17a24bc10;  1 drivers
L_0x7fa17a24bdc0 .functor BUFT 1, C4<01>, C4<0>, C4<0>, C4<0>;
v0x56515f49e210_0 .net/2u *"_ivl_40", 1 0, L_0x7fa17a24bdc0;  1 drivers
v0x56515f49e2f0_0 .net *"_ivl_42", 0 0, L_0x56515f515e80;  1 drivers
L_0x7fa17a24be08 .functor BUFT 1, C4<00000000>, C4<0>, C4<0>, C4<0>;
v0x56515f49e3b0_0 .net/2u *"_ivl_44", 7 0, L_0x7fa17a24be08;  1 drivers
v0x56515f49e490_0 .net *"_ivl_47", 23 0, L_0x56515f515ff0;  1 drivers
v0x56515f49e570_0 .net *"_ivl_48", 31 0, L_0x56515f516090;  1 drivers
L_0x7fa17a24be50 .functor BUFT 1, C4<10>, C4<0>, C4<0>, C4<0>;
v0x56515f49e650_0 .net/2u *"_ivl_50", 1 0, L_0x7fa17a24be50;  1 drivers
v0x56515f49e730_0 .net *"_ivl_52", 0 0, L_0x56515f516210;  1 drivers
L_0x7fa17a24be98 .functor BUFT 1, C4<0000000000000000>, C4<0>, C4<0>, C4<0>;
v0x56515f49e7f0_0 .net/2u *"_ivl_54", 15 0, L_0x7fa17a24be98;  1 drivers
v0x56515f49e8d0_0 .net *"_ivl_57", 15 0, L_0x56515f5162b0;  1 drivers
v0x56515f49e9b0_0 .net *"_ivl_58", 31 0, L_0x56515f516500;  1 drivers
v0x56515f49ea90_0 .net *"_ivl_6", 0 0, L_0x56515f515070;  1 drivers
L_0x7fa17a24bee0 .functor BUFT 1, C4<000000000000000000000000>, C4<0>, C4<0>, C4<0>;
v0x56515f49eb50_0 .net/2u *"_ivl_60", 23 0, L_0x7fa17a24bee0;  1 drivers
v0x56515f49ec30_0 .net *"_ivl_63", 7 0, L_0x56515f5165f0;  1 drivers
v0x56515f49ed10_0 .net *"_ivl_64", 31 0, L_0x56515f516460;  1 drivers
v0x56515f49edf0_0 .net *"_ivl_66", 31 0, L_0x56515f5167e0;  1 drivers
v0x56515f49eed0_0 .net *"_ivl_68", 31 0, L_0x56515f516990;  1 drivers
v0x56515f49f1c0_0 .net *"_ivl_9", 23 0, L_0x56515f515270;  1 drivers
L_0x7fa17a24bf28 .functor BUFT 1, C4<1>, C4<0>, C4<0>, C4<0>;
v0x56515f49f2a0_0 .net "direction", 0 0, L_0x7fa17a24bf28;  1 drivers
v0x56515f49f360_0 .net "in", 31 0, v0x56515f4bc5f0_0;  alias, 1 drivers
v0x56515f49f440_0 .net "left_shifted", 31 0, L_0x56515f515c30;  1 drivers
v0x56515f49f520_0 .net "out", 31 0, L_0x56515f523e80;  alias, 1 drivers
v0x56515f49f600_0 .net "right_shifted", 31 0, L_0x56515f516b20;  1 drivers
v0x56515f49f6e0_0 .net "shft_amt", 1 0, L_0x56515f513aa0;  alias, 1 drivers
L_0x56515f514f80 .cmp/eq 2, L_0x56515f513aa0, L_0x7fa17a24bbc8;
L_0x56515f515070 .cmp/eq 2, L_0x56515f513aa0, L_0x7fa17a24bc10;
L_0x56515f515270 .part v0x56515f4bc5f0_0, 0, 24;
L_0x56515f515310 .concat [ 8 24 0 0], L_0x7fa17a24bc58, L_0x56515f515270;
L_0x56515f515450 .cmp/eq 2, L_0x56515f513aa0, L_0x7fa17a24bca0;
L_0x56515f515540 .part v0x56515f4bc5f0_0, 0, 16;
L_0x56515f5155e0 .concat [ 16 16 0 0], L_0x7fa17a24bce8, L_0x56515f515540;
L_0x56515f5156d0 .part v0x56515f4bc5f0_0, 0, 8;
L_0x56515f5157c0 .concat [ 24 8 0 0], L_0x7fa17a24bd30, L_0x56515f5156d0;
L_0x56515f515900 .functor MUXZ 32, L_0x56515f5157c0, L_0x56515f5155e0, L_0x56515f515450, C4<>;
L_0x56515f515aa0 .functor MUXZ 32, L_0x56515f515900, L_0x56515f515310, L_0x56515f515070, C4<>;
L_0x56515f515c30 .functor MUXZ 32, L_0x56515f515aa0, v0x56515f4bc5f0_0, L_0x56515f514f80, C4<>;
L_0x56515f515d90 .cmp/eq 2, L_0x56515f513aa0, L_0x7fa17a24bd78;
L_0x56515f515e80 .cmp/eq 2, L_0x56515f513aa0, L_0x7fa17a24bdc0;
L_0x56515f515ff0 .part v0x56515f4bc5f0_0, 8, 24;
L_0x56515f516090 .concat [ 24 8 0 0], L_0x56515f515ff0, L_0x7fa17a24be08;
L_0x56515f516210 .cmp/eq 2, L_0x56515f513aa0, L_0x7fa17a24be50;
L_0x56515f5162b0 .part v0x56515f4bc5f0_0, 16, 16;
L_0x56515f516500 .concat [ 16 16 0 0], L_0x56515f5162b0, L_0x7fa17a24be98;
L_0x56515f5165f0 .part v0x56515f4bc5f0_0, 24, 8;
L_0x56515f516460 .concat [ 8 24 0 0], L_0x56515f5165f0, L_0x7fa17a24bee0;
L_0x56515f5167e0 .functor MUXZ 32, L_0x56515f516460, L_0x56515f516500, L_0x56515f516210, C4<>;
L_0x56515f516990 .functor MUXZ 32, L_0x56515f5167e0, L_0x56515f516090, L_0x56515f515e80, C4<>;
L_0x56515f516b20 .functor MUXZ 32, L_0x56515f516990, v0x56515f4bc5f0_0, L_0x56515f515d90, C4<>;
S_0x56515f49f840 .scope module, "i_barrel_shifter_rdata" "barrel_shifter" 17 42, 18 1 0, S_0x56515f49cd00;
 .timescale 0 0;
    .port_info 0 /INPUT 32 "in";
    .port_info 1 /INPUT 2 "shft_amt";
    .port_info 2 /OUTPUT 32 "out";
    .port_info 3 /INPUT 1 "direction";
L_0x56515f523f40 .functor BUFT 32, L_0x56515f518a40, C4<00000000000000000000000000000000>, C4<00000000000000000000000000000000>, C4<00000000000000000000000000000000>;
L_0x7fa17a24bf70 .functor BUFT 1, C4<00>, C4<0>, C4<0>, C4<0>;
v0x56515f49f9f0_0 .net/2u *"_ivl_0", 1 0, L_0x7fa17a24bf70;  1 drivers
L_0x7fa17a24c000 .functor BUFT 1, C4<00000000>, C4<0>, C4<0>, C4<0>;
v0x56515f49fad0_0 .net/2u *"_ivl_10", 7 0, L_0x7fa17a24c000;  1 drivers
v0x56515f49fbb0_0 .net *"_ivl_12", 31 0, L_0x56515f516fd0;  1 drivers
L_0x7fa17a24c048 .functor BUFT 1, C4<10>, C4<0>, C4<0>, C4<0>;
v0x56515f49fc70_0 .net/2u *"_ivl_14", 1 0, L_0x7fa17a24c048;  1 drivers
v0x56515f49fd50_0 .net *"_ivl_16", 0 0, L_0x56515f517110;  1 drivers
v0x56515f49fe60_0 .net *"_ivl_19", 15 0, L_0x56515f517200;  1 drivers
v0x56515f49ff40_0 .net *"_ivl_2", 0 0, L_0x56515f516d50;  1 drivers
L_0x7fa17a24c090 .functor BUFT 1, C4<0000000000000000>, C4<0>, C4<0>, C4<0>;
v0x56515f4a0000_0 .net/2u *"_ivl_20", 15 0, L_0x7fa17a24c090;  1 drivers
v0x56515f4a00e0_0 .net *"_ivl_22", 31 0, L_0x56515f5172a0;  1 drivers
v0x56515f4a0250_0 .net *"_ivl_25", 7 0, L_0x56515f5173e0;  1 drivers
L_0x7fa17a24c0d8 .functor BUFT 1, C4<000000000000000000000000>, C4<0>, C4<0>, C4<0>;
v0x56515f4a0330_0 .net/2u *"_ivl_26", 23 0, L_0x7fa17a24c0d8;  1 drivers
v0x56515f4a0410_0 .net *"_ivl_28", 31 0, L_0x56515f5174d0;  1 drivers
v0x56515f4a04f0_0 .net *"_ivl_30", 31 0, L_0x56515f517610;  1 drivers
v0x56515f4a05d0_0 .net *"_ivl_32", 31 0, L_0x56515f5177b0;  1 drivers
L_0x7fa17a24c120 .functor BUFT 1, C4<00>, C4<0>, C4<0>, C4<0>;
v0x56515f4a06b0_0 .net/2u *"_ivl_36", 1 0, L_0x7fa17a24c120;  1 drivers
v0x56515f4a0790_0 .net *"_ivl_38", 0 0, L_0x56515f517bb0;  1 drivers
L_0x7fa17a24bfb8 .functor BUFT 1, C4<01>, C4<0>, C4<0>, C4<0>;
v0x56515f4a0850_0 .net/2u *"_ivl_4", 1 0, L_0x7fa17a24bfb8;  1 drivers
L_0x7fa17a24c168 .functor BUFT 1, C4<01>, C4<0>, C4<0>, C4<0>;
v0x56515f4a0930_0 .net/2u *"_ivl_40", 1 0, L_0x7fa17a24c168;  1 drivers
v0x56515f4a0a10_0 .net *"_ivl_42", 0 0, L_0x56515f517eb0;  1 drivers
L_0x7fa17a24c1b0 .functor BUFT 1, C4<00000000>, C4<0>, C4<0>, C4<0>;
v0x56515f4a0ad0_0 .net/2u *"_ivl_44", 7 0, L_0x7fa17a24c1b0;  1 drivers
v0x56515f4a0bb0_0 .net *"_ivl_47", 23 0, L_0x56515f518020;  1 drivers
v0x56515f4a0c90_0 .net *"_ivl_48", 31 0, L_0x56515f5180c0;  1 drivers
L_0x7fa17a24c1f8 .functor BUFT 1, C4<10>, C4<0>, C4<0>, C4<0>;
v0x56515f4a0d70_0 .net/2u *"_ivl_50", 1 0, L_0x7fa17a24c1f8;  1 drivers
v0x56515f4a0e50_0 .net *"_ivl_52", 0 0, L_0x56515f518240;  1 drivers
L_0x7fa17a24c240 .functor BUFT 1, C4<0000000000000000>, C4<0>, C4<0>, C4<0>;
v0x56515f4a0f10_0 .net/2u *"_ivl_54", 15 0, L_0x7fa17a24c240;  1 drivers
v0x56515f4a0ff0_0 .net *"_ivl_57", 15 0, L_0x56515f5182e0;  1 drivers
v0x56515f4a10d0_0 .net *"_ivl_58", 31 0, L_0x56515f518420;  1 drivers
v0x56515f4a11b0_0 .net *"_ivl_6", 0 0, L_0x56515f516e40;  1 drivers
L_0x7fa17a24c288 .functor BUFT 1, C4<000000000000000000000000>, C4<0>, C4<0>, C4<0>;
v0x56515f4a1270_0 .net/2u *"_ivl_60", 23 0, L_0x7fa17a24c288;  1 drivers
v0x56515f4a1350_0 .net *"_ivl_63", 7 0, L_0x56515f518510;  1 drivers
v0x56515f4a1430_0 .net *"_ivl_64", 31 0, L_0x56515f518380;  1 drivers
v0x56515f4a1510_0 .net *"_ivl_66", 31 0, L_0x56515f518700;  1 drivers
v0x56515f4a15f0_0 .net *"_ivl_68", 31 0, L_0x56515f5188b0;  1 drivers
v0x56515f4a18e0_0 .net *"_ivl_9", 23 0, L_0x56515f516f30;  1 drivers
L_0x7fa17a24c2d0 .functor BUFT 1, C4<0>, C4<0>, C4<0>, C4<0>;
v0x56515f4a19c0_0 .net "direction", 0 0, L_0x7fa17a24c2d0;  1 drivers
v0x56515f4a1a80_0 .net "in", 31 0, L_0x56515f4fb110;  alias, 1 drivers
v0x56515f4a1b40_0 .net "left_shifted", 31 0, L_0x56515f517940;  1 drivers
v0x56515f4a1c00_0 .net "out", 31 0, L_0x56515f523f40;  alias, 1 drivers
v0x56515f4a1ce0_0 .net "right_shifted", 31 0, L_0x56515f518a40;  1 drivers
v0x56515f4a1dc0_0 .net "shft_amt", 1 0, L_0x56515f513aa0;  alias, 1 drivers
L_0x56515f516d50 .cmp/eq 2, L_0x56515f513aa0, L_0x7fa17a24bf70;
L_0x56515f516e40 .cmp/eq 2, L_0x56515f513aa0, L_0x7fa17a24bfb8;
L_0x56515f516f30 .part L_0x56515f4fb110, 0, 24;
L_0x56515f516fd0 .concat [ 8 24 0 0], L_0x7fa17a24c000, L_0x56515f516f30;
L_0x56515f517110 .cmp/eq 2, L_0x56515f513aa0, L_0x7fa17a24c048;
L_0x56515f517200 .part L_0x56515f4fb110, 0, 16;
L_0x56515f5172a0 .concat [ 16 16 0 0], L_0x7fa17a24c090, L_0x56515f517200;
L_0x56515f5173e0 .part L_0x56515f4fb110, 0, 8;
L_0x56515f5174d0 .concat [ 24 8 0 0], L_0x7fa17a24c0d8, L_0x56515f5173e0;
L_0x56515f517610 .functor MUXZ 32, L_0x56515f5174d0, L_0x56515f5172a0, L_0x56515f517110, C4<>;
L_0x56515f5177b0 .functor MUXZ 32, L_0x56515f517610, L_0x56515f516fd0, L_0x56515f516e40, C4<>;
L_0x56515f517940 .functor MUXZ 32, L_0x56515f5177b0, L_0x56515f4fb110, L_0x56515f516d50, C4<>;
L_0x56515f517bb0 .cmp/eq 2, L_0x56515f513aa0, L_0x7fa17a24c120;
L_0x56515f517eb0 .cmp/eq 2, L_0x56515f513aa0, L_0x7fa17a24c168;
L_0x56515f518020 .part L_0x56515f4fb110, 8, 24;
L_0x56515f5180c0 .concat [ 24 8 0 0], L_0x56515f518020, L_0x7fa17a24c1b0;
L_0x56515f518240 .cmp/eq 2, L_0x56515f513aa0, L_0x7fa17a24c1f8;
L_0x56515f5182e0 .part L_0x56515f4fb110, 16, 16;
L_0x56515f518420 .concat [ 16 16 0 0], L_0x56515f5182e0, L_0x7fa17a24c240;
L_0x56515f518510 .part L_0x56515f4fb110, 24, 8;
L_0x56515f518380 .concat [ 8 24 0 0], L_0x56515f518510, L_0x7fa17a24c288;
L_0x56515f518700 .functor MUXZ 32, L_0x56515f518380, L_0x56515f518420, L_0x56515f518240, C4<>;
L_0x56515f5188b0 .functor MUXZ 32, L_0x56515f518700, L_0x56515f5180c0, L_0x56515f517eb0, C4<>;
L_0x56515f518a40 .functor MUXZ 32, L_0x56515f5188b0, L_0x56515f4fb110, L_0x56515f517bb0, C4<>;
S_0x56515f4a55b0 .scope module, "i_writeback" "writeback" 4 764, 19 1 0, S_0x56515f35f100;
 .timescale 0 0;
    .port_info 0 /INPUT 1 "RegWrite";
    .port_info 1 /INPUT 2 "MemtoReg";
    .port_info 2 /INPUT 1 "pc_src_op";
    .port_info 3 /INPUT 1 "jalr_op";
    .port_info 4 /INPUT 5 "rd";
    .port_info 5 /INPUT 32 "ReadData";
    .port_info 6 /INPUT 32 "ALUResult";
    .port_info 7 /INPUT 32 "branch_out";
    .port_info 8 /INPUT 32 "PC";
    .port_info 9 /OUTPUT 32 "WriteData";
    .port_info 10 /OUTPUT 32 "current_PC";
P_0x56515f4966e0 .param/l "RESET_ADDR" 0 19 2, C4<00000000000000000000000000000000>;
L_0x7fa17a24c558 .functor BUFT 1, C4<11111111111111111111111111111110>, C4<0>, C4<0>, C4<0>;
L_0x56515f51a8e0 .functor AND 32, v0x56515f4bcaa0_0, L_0x7fa17a24c558, C4<11111111111111111111111111111111>, C4<11111111111111111111111111111111>;
v0x56515f4a58a0_0 .net "ALUResult", 31 0, v0x56515f4bcaa0_0;  1 drivers
v0x56515f4a59a0_0 .net "MemtoReg", 1 0, v0x56515f4bd5e0_0;  1 drivers
v0x56515f4a5a80_0 .net "PC", 31 0, v0x56515f4bcc00_0;  1 drivers
v0x56515f4a5b70_0 .net "ReadData", 31 0, v0x56515f4bcb60_0;  1 drivers
v0x56515f4a5c50_0 .net "RegWrite", 0 0, v0x56515f4bd540_0;  alias, 1 drivers
v0x56515f4a5d90_0 .net "WriteData", 31 0, L_0x56515f51ac70;  alias, 1 drivers
L_0x7fa17a24c480 .functor BUFT 1, C4<01>, C4<0>, C4<0>, C4<0>;
v0x56515f4a5e50_0 .net/2u *"_ivl_0", 1 0, L_0x7fa17a24c480;  1 drivers
v0x56515f4a5f30_0 .net *"_ivl_10", 0 0, L_0x56515f51a9f0;  1 drivers
v0x56515f4a5ff0_0 .net *"_ivl_12", 31 0, L_0x56515f51aae0;  1 drivers
v0x56515f4a60d0_0 .net/2u *"_ivl_16", 31 0, L_0x7fa17a24c558;  1 drivers
v0x56515f4a61b0_0 .net *"_ivl_18", 31 0, L_0x56515f51a8e0;  1 drivers
v0x56515f4a6290_0 .net *"_ivl_2", 0 0, L_0x56515f51a700;  1 drivers
v0x56515f4a6350_0 .net *"_ivl_20", 31 0, L_0x56515f51ae50;  1 drivers
L_0x7fa17a24c5a0 .functor BUFT 1, C4<00000000000000000000000000000100>, C4<0>, C4<0>, C4<0>;
v0x56515f4a6430_0 .net/2u *"_ivl_22", 31 0, L_0x7fa17a24c5a0;  1 drivers
v0x56515f4a6510_0 .net *"_ivl_24", 31 0, L_0x56515f51afb0;  1 drivers
v0x56515f4a65f0_0 .net *"_ivl_26", 31 0, L_0x56515f51b050;  1 drivers
L_0x7fa17a24c4c8 .functor BUFT 1, C4<00000000000000000000000000000100>, C4<0>, C4<0>, C4<0>;
v0x56515f4a66d0_0 .net/2u *"_ivl_4", 31 0, L_0x7fa17a24c4c8;  1 drivers
v0x56515f4a67b0_0 .net *"_ivl_6", 31 0, L_0x56515f51a840;  1 drivers
L_0x7fa17a24c510 .functor BUFT 1, C4<10>, C4<0>, C4<0>, C4<0>;
v0x56515f4a6890_0 .net/2u *"_ivl_8", 1 0, L_0x7fa17a24c510;  1 drivers
v0x56515f4a6970_0 .net "branch_out", 31 0, v0x56515f4bcca0_0;  1 drivers
v0x56515f4a6a50_0 .net "current_PC", 31 0, L_0x56515f51b230;  alias, 1 drivers
v0x56515f4a6b30_0 .net "jalr_op", 0 0, v0x56515f4bd300_0;  1 drivers
v0x56515f4a6bf0_0 .net "pc_src_op", 0 0, v0x56515f4bd3d0_0;  1 drivers
v0x56515f4a6cb0_0 .net "rd", 4 0, v0x56515f4bd4a0_0;  alias, 1 drivers
L_0x56515f51a700 .cmp/eq 2, v0x56515f4bd5e0_0, L_0x7fa17a24c480;
L_0x56515f51a840 .arith/sum 32, v0x56515f4bcc00_0, L_0x7fa17a24c4c8;
L_0x56515f51a9f0 .cmp/eq 2, v0x56515f4bd5e0_0, L_0x7fa17a24c510;
L_0x56515f51aae0 .functor MUXZ 32, v0x56515f4bcaa0_0, v0x56515f4bcb60_0, L_0x56515f51a9f0, C4<>;
L_0x56515f51ac70 .functor MUXZ 32, L_0x56515f51aae0, L_0x56515f51a840, L_0x56515f51a700, C4<>;
L_0x56515f51ae50 .arith/sum 32, v0x56515f4bcc00_0, v0x56515f4bcca0_0;
L_0x56515f51afb0 .arith/sum 32, v0x56515f4bcc00_0, L_0x7fa17a24c5a0;
L_0x56515f51b050 .functor MUXZ 32, L_0x56515f51afb0, L_0x56515f51ae50, v0x56515f4bd3d0_0, C4<>;
L_0x56515f51b230 .functor MUXZ 32, L_0x56515f51b050, L_0x56515f51a8e0, v0x56515f4bd300_0, C4<>;
S_0x56515f4a6ed0 .scope module, "icache" "cache" 4 169, 5 3 0, S_0x56515f35f100;
 .timescale 0 0;
    .port_info 0 /INPUT 1 "i_clk";
    .port_info 1 /INPUT 1 "i_rst";
    .port_info 2 /INPUT 1 "i_mem_ready";
    .port_info 3 /OUTPUT 32 "o_mem_addr";
    .port_info 4 /OUTPUT 1 "o_mem_ren";
    .port_info 5 /OUTPUT 1 "o_mem_wen";
    .port_info 6 /OUTPUT 32 "o_mem_wdata";
    .port_info 7 /INPUT 32 "i_mem_rdata";
    .port_info 8 /INPUT 1 "i_mem_valid";
    .port_info 9 /OUTPUT 1 "o_busy";
    .port_info 10 /INPUT 32 "i_req_addr";
    .port_info 11 /INPUT 1 "i_req_ren";
    .port_info 12 /INPUT 1 "i_req_wen";
    .port_info 13 /INPUT 4 "i_req_mask";
    .port_info 14 /INPUT 32 "i_req_wdata";
    .port_info 15 /OUTPUT 32 "o_res_rdata";
P_0x56515f4a7060 .param/l "D" 1 5 26, +C4<00000000000000000000000000000100>;
P_0x56515f4a70a0 .param/l "DEPTH" 1 5 23, +C4<00000000000000000000000000100000>;
P_0x56515f4a70e0 .param/l "MISS_FILL" 1 5 140, C4<01>;
P_0x56515f4a7120 .param/l "MISS_WB" 1 5 141, C4<10>;
P_0x56515f4a7160 .param/l "O" 1 5 21, +C4<00000000000000000000000000000100>;
P_0x56515f4a71a0 .param/l "PREFETCH_FILL" 1 5 142, C4<11>;
P_0x56515f4a71e0 .param/l "READY" 1 5 139, C4<00>;
P_0x56515f4a7220 .param/l "S" 1 5 22, +C4<00000000000000000000000000000101>;
P_0x56515f4a7260 .param/l "T" 1 5 25, +C4<00000000000000000000000000010111>;
P_0x56515f4a72a0 .param/l "W" 1 5 24, +C4<00000000000000000000000000000100>;
L_0x56515f4ddfa0 .functor AND 1, L_0x56515f4ddb10, L_0x56515f4dddf0, C4<1>, C4<1>;
L_0x56515f4de440 .functor AND 1, L_0x56515f4de300, L_0x56515f4de5c0, C4<1>, C4<1>;
L_0x56515f4deb70 .functor AND 1, L_0x56515f4dea30, L_0x56515f4decd0, C4<1>, C4<1>;
L_0x56515f4df3e0 .functor AND 1, L_0x56515f4df2a0, L_0x56515f4df570, C4<1>, C4<1>;
L_0x56515f4df7b0 .functor OR 1, L_0x56515f4ddfa0, L_0x56515f4de440, C4<0>, C4<0>;
L_0x56515f4df8c0 .functor OR 1, L_0x56515f4df7b0, L_0x56515f4deb70, C4<0>, C4<0>;
L_0x56515f4df9d0 .functor OR 1, L_0x56515f4df8c0, L_0x56515f4df3e0, C4<0>, C4<0>;
L_0x56515f4dfb80 .functor AND 1, L_0x7fa17a248ec8, L_0x56515f4dfae0, C4<1>, C4<1>;
L_0x56515f4df660 .functor AND 1, L_0x56515f4dfb80, L_0x56515f4dfce0, C4<1>, C4<1>;
L_0x56515f4e0070 .functor AND 1, L_0x56515f4df660, L_0x56515f4dff80, C4<1>, C4<1>;
L_0x56515f4e09e0 .functor AND 1, L_0x56515f4e0570, L_0x56515f4e06b0, C4<1>, C4<1>;
L_0x56515f4e10d0 .functor AND 1, L_0x56515f4e0cf0, L_0x56515f4e0de0, C4<1>, C4<1>;
L_0x56515f4e18a0 .functor AND 1, L_0x56515f4e1480, L_0x56515f4e1720, C4<1>, C4<1>;
L_0x56515f4e22a0 .functor AND 1, L_0x56515f4e1ee0, L_0x56515f4e21b0, C4<1>, C4<1>;
L_0x56515f4e11e0 .functor OR 1, L_0x56515f4e09e0, L_0x56515f4e10d0, C4<0>, C4<0>;
L_0x56515f4e24d0 .functor OR 1, L_0x56515f4e11e0, L_0x56515f4e18a0, C4<0>, C4<0>;
L_0x56515f4e23b0 .functor OR 1, L_0x56515f4e24d0, L_0x56515f4e22a0, C4<0>, C4<0>;
L_0x7fa17a247890 .functor BUFT 1, C4<0>, C4<0>, C4<0>, C4<0>;
L_0x56515f4e2850 .functor OR 1, L_0x7fa17a248ec8, L_0x7fa17a247890, C4<0>, C4<0>;
L_0x56515f4e25e0 .functor AND 1, L_0x56515f4e2850, L_0x56515f4e2ce0, C4<1>, C4<1>;
L_0x56515f4e3400 .functor BUFZ 32, L_0x56515f4e2e20, C4<00000000000000000000000000000000>, C4<00000000000000000000000000000000>, C4<00000000000000000000000000000000>;
L_0x56515f4e4120 .functor BUFZ 32, L_0x56515f4e2c20, C4<00000000000000000000000000000000>, C4<00000000000000000000000000000000>, C4<00000000000000000000000000000000>;
L_0x56515f4e4b50 .functor BUFZ 32, L_0x56515f4e42d0, C4<00000000000000000000000000000000>, C4<00000000000000000000000000000000>, C4<00000000000000000000000000000000>;
L_0x56515f4e55d0 .functor BUFZ 32, L_0x56515f4e38c0, C4<00000000000000000000000000000000>, C4<00000000000000000000000000000000>, C4<00000000000000000000000000000000>;
L_0x56515f4e7690 .functor AND 1, L_0x56515f4e7de0, L_0x56515f4e8620, C4<1>, C4<1>;
L_0x56515f4e8760 .functor AND 1, L_0x56515f4e8390, L_0x56515f4e8cd0, C4<1>, C4<1>;
L_0x56515f4e8dc0 .functor AND 1, L_0x56515f4e8a50, L_0x56515f4e93b0, C4<1>, C4<1>;
L_0x56515f4e9760 .functor AND 1, L_0x56515f4e8130, L_0x56515f4e9670, C4<1>, C4<1>;
L_0x56515f4e9870 .functor OR 1, L_0x56515f4e7690, L_0x56515f4e8760, C4<0>, C4<0>;
L_0x56515f4e9980 .functor OR 1, L_0x56515f4e9870, L_0x56515f4e8dc0, C4<0>, C4<0>;
L_0x56515f4ea0d0 .functor OR 1, L_0x56515f4e9980, L_0x56515f4e9760, C4<0>, C4<0>;
L_0x56515f4e9af0 .functor AND 1, L_0x56515f4e9fe0, L_0x56515f4ea2e0, C4<1>, C4<1>;
L_0x56515f4e9cf0 .functor AND 1, L_0x56515f4e9af0, L_0x56515f4e9c00, C4<1>, C4<1>;
L_0x56515f4ea230 .functor OR 1, L_0x56515f4e9f10, L_0x56515f4e25e0, C4<0>, C4<0>;
L_0x56515f4eac00 .functor OR 1, L_0x56515f4eb140, L_0x56515f4eb230, C4<0>, C4<0>;
L_0x56515f4eaf20 .functor AND 1, L_0x56515f4eac00, L_0x56515f4eae30, C4<1>, C4<1>;
L_0x56515f4eb030 .functor AND 1, L_0x56515f4eaf20, L_0x56515f4db600, C4<1>, C4<1>;
L_0x56515f4e9e00 .functor AND 1, L_0x56515f4e23b0, L_0x7fa17a247890, C4<1>, C4<1>;
L_0x56515f4e9e70 .functor AND 1, L_0x56515f4e9e00, L_0x56515f4db600, C4<1>, C4<1>;
L_0x56515f4eb320 .functor AND 1, L_0x56515f4ead60, L_0x56515f4db600, C4<1>, C4<1>;
L_0x56515f4eb3e0 .functor OR 1, L_0x56515f4e9e70, L_0x56515f4eb320, C4<0>, C4<0>;
L_0x56515f4eb690 .functor AND 1, L_0x56515f4e23b0, L_0x7fa17a247890, C4<1>, C4<1>;
v0x56515f4a8370_0 .net *"_ivl_100", 0 0, L_0x56515f4dfce0;  1 drivers
v0x56515f4a8450_0 .net *"_ivl_105", 0 0, L_0x56515f4dff80;  1 drivers
v0x56515f4a8510_0 .net *"_ivl_112", 3 0, L_0x56515f4e03a0;  1 drivers
v0x56515f4a8600_0 .net *"_ivl_114", 6 0, L_0x56515f4e0280;  1 drivers
L_0x7fa17a246768 .functor BUFT 1, C4<00>, C4<0>, C4<0>, C4<0>;
v0x56515f4a86e0_0 .net *"_ivl_117", 1 0, L_0x7fa17a246768;  1 drivers
v0x56515f4a8810_0 .net *"_ivl_119", 0 0, L_0x56515f4e0570;  1 drivers
v0x56515f4a88f0_0 .net *"_ivl_120", 22 0, L_0x56515f4e0440;  1 drivers
v0x56515f4a89d0_0 .net *"_ivl_122", 6 0, L_0x56515f4e07a0;  1 drivers
L_0x7fa17a2467b0 .functor BUFT 1, C4<00>, C4<0>, C4<0>, C4<0>;
v0x56515f4a8ab0_0 .net *"_ivl_125", 1 0, L_0x7fa17a2467b0;  1 drivers
v0x56515f4a8c20_0 .net *"_ivl_126", 0 0, L_0x56515f4e06b0;  1 drivers
v0x56515f4a8ce0_0 .net *"_ivl_130", 3 0, L_0x56515f4e0af0;  1 drivers
v0x56515f4a8dc0_0 .net *"_ivl_132", 6 0, L_0x56515f4e0840;  1 drivers
L_0x7fa17a2467f8 .functor BUFT 1, C4<00>, C4<0>, C4<0>, C4<0>;
v0x56515f4a8ea0_0 .net *"_ivl_135", 1 0, L_0x7fa17a2467f8;  1 drivers
v0x56515f4a8f80_0 .net *"_ivl_137", 0 0, L_0x56515f4e0cf0;  1 drivers
v0x56515f4a9060_0 .net *"_ivl_138", 22 0, L_0x56515f4e0b90;  1 drivers
v0x56515f4a9140_0 .net *"_ivl_140", 6 0, L_0x56515f4e0c30;  1 drivers
L_0x7fa17a246840 .functor BUFT 1, C4<00>, C4<0>, C4<0>, C4<0>;
v0x56515f4a9220_0 .net *"_ivl_143", 1 0, L_0x7fa17a246840;  1 drivers
v0x56515f4a9410_0 .net *"_ivl_144", 0 0, L_0x56515f4e0de0;  1 drivers
v0x56515f4a94d0_0 .net *"_ivl_148", 3 0, L_0x56515f4e1250;  1 drivers
v0x56515f4a95b0_0 .net *"_ivl_150", 6 0, L_0x56515f4e0f50;  1 drivers
L_0x7fa17a246888 .functor BUFT 1, C4<00>, C4<0>, C4<0>, C4<0>;
v0x56515f4a9690_0 .net *"_ivl_153", 1 0, L_0x7fa17a246888;  1 drivers
v0x56515f4a9770_0 .net *"_ivl_155", 0 0, L_0x56515f4e1480;  1 drivers
v0x56515f4a9850_0 .net *"_ivl_156", 22 0, L_0x56515f4e12f0;  1 drivers
v0x56515f4a9930_0 .net *"_ivl_158", 6 0, L_0x56515f4e1390;  1 drivers
v0x56515f4a9a10_0 .net *"_ivl_16", 3 0, L_0x56515f4dd8e0;  1 drivers
L_0x7fa17a2468d0 .functor BUFT 1, C4<00>, C4<0>, C4<0>, C4<0>;
v0x56515f4a9af0_0 .net *"_ivl_161", 1 0, L_0x7fa17a2468d0;  1 drivers
v0x56515f4a9bd0_0 .net *"_ivl_162", 0 0, L_0x56515f4e1720;  1 drivers
v0x56515f4a9c90_0 .net *"_ivl_166", 3 0, L_0x56515f4e1960;  1 drivers
v0x56515f4a9d70_0 .net *"_ivl_168", 6 0, L_0x56515f4e1520;  1 drivers
L_0x7fa17a246918 .functor BUFT 1, C4<00>, C4<0>, C4<0>, C4<0>;
v0x56515f4a9e50_0 .net *"_ivl_171", 1 0, L_0x7fa17a246918;  1 drivers
v0x56515f4a9f30_0 .net *"_ivl_173", 0 0, L_0x56515f4e1ee0;  1 drivers
v0x56515f4aa010_0 .net *"_ivl_174", 22 0, L_0x56515f4e1a00;  1 drivers
v0x56515f4aa0f0_0 .net *"_ivl_176", 6 0, L_0x56515f4e1aa0;  1 drivers
L_0x7fa17a246960 .functor BUFT 1, C4<00>, C4<0>, C4<0>, C4<0>;
v0x56515f4aa3e0_0 .net *"_ivl_179", 1 0, L_0x7fa17a246960;  1 drivers
v0x56515f4aa4c0_0 .net *"_ivl_18", 6 0, L_0x56515f4dd980;  1 drivers
v0x56515f4aa5a0_0 .net *"_ivl_180", 0 0, L_0x56515f4e21b0;  1 drivers
v0x56515f4aa660_0 .net *"_ivl_185", 0 0, L_0x56515f4e11e0;  1 drivers
v0x56515f4aa720_0 .net *"_ivl_187", 0 0, L_0x56515f4e24d0;  1 drivers
L_0x7fa17a2469a8 .functor BUFT 1, C4<11>, C4<0>, C4<0>, C4<0>;
v0x56515f4aa7e0_0 .net/2u *"_ivl_190", 1 0, L_0x7fa17a2469a8;  1 drivers
L_0x7fa17a2469f0 .functor BUFT 1, C4<10>, C4<0>, C4<0>, C4<0>;
v0x56515f4aa8c0_0 .net/2u *"_ivl_192", 1 0, L_0x7fa17a2469f0;  1 drivers
L_0x7fa17a246a38 .functor BUFT 1, C4<01>, C4<0>, C4<0>, C4<0>;
v0x56515f4aa9a0_0 .net/2u *"_ivl_194", 1 0, L_0x7fa17a246a38;  1 drivers
L_0x7fa17a246a80 .functor BUFT 1, C4<00>, C4<0>, C4<0>, C4<0>;
v0x56515f4aaa80_0 .net/2u *"_ivl_196", 1 0, L_0x7fa17a246a80;  1 drivers
v0x56515f4aab60_0 .net *"_ivl_198", 1 0, L_0x56515f4e2710;  1 drivers
L_0x7fa17a246450 .functor BUFT 1, C4<0000000000000000000000000001>, C4<0>, C4<0>, C4<0>;
v0x56515f4aac40_0 .net/2u *"_ivl_2", 27 0, L_0x7fa17a246450;  1 drivers
v0x56515f4aad20_0 .net *"_ivl_200", 1 0, L_0x56515f4e2020;  1 drivers
v0x56515f4aae00_0 .net *"_ivl_205", 0 0, L_0x56515f4e2850;  1 drivers
v0x56515f4aaec0_0 .net *"_ivl_207", 0 0, L_0x56515f4e2ce0;  1 drivers
L_0x7fa17a2464e0 .functor BUFT 1, C4<00>, C4<0>, C4<0>, C4<0>;
v0x56515f4aaf80_0 .net *"_ivl_21", 1 0, L_0x7fa17a2464e0;  1 drivers
v0x56515f4ab060_0 .net *"_ivl_210", 31 0, L_0x56515f4e2e20;  1 drivers
v0x56515f4ab140_0 .net *"_ivl_212", 9 0, L_0x56515f4e2a40;  1 drivers
L_0x7fa17a246ac8 .functor BUFT 1, C4<00000>, C4<0>, C4<0>, C4<0>;
v0x56515f4ab220_0 .net *"_ivl_215", 4 0, L_0x7fa17a246ac8;  1 drivers
v0x56515f4ab300_0 .net *"_ivl_216", 11 0, L_0x56515f4e2b30;  1 drivers
L_0x7fa17a246b10 .functor BUFT 1, C4<00>, C4<0>, C4<0>, C4<0>;
v0x56515f4ab3e0_0 .net *"_ivl_219", 1 0, L_0x7fa17a246b10;  1 drivers
L_0x7fa17a246b58 .functor BUFT 1, C4<000000000100>, C4<0>, C4<0>, C4<0>;
v0x56515f4ab4c0_0 .net/2u *"_ivl_220", 11 0, L_0x7fa17a246b58;  1 drivers
v0x56515f4ab5a0_0 .net *"_ivl_223", 11 0, L_0x56515f4e3130;  1 drivers
v0x56515f4ab680_0 .net *"_ivl_224", 3 0, L_0x56515f4e3270;  1 drivers
L_0x7fa17a246ba0 .functor BUFT 1, C4<00>, C4<0>, C4<0>, C4<0>;
v0x56515f4ab760_0 .net *"_ivl_227", 1 0, L_0x7fa17a246ba0;  1 drivers
v0x56515f4ab840_0 .net *"_ivl_23", 0 0, L_0x56515f4ddb10;  1 drivers
L_0x7fa17a246be8 .functor BUFT 1, C4<0>, C4<0>, C4<0>, C4<0>;
v0x56515f4ab920_0 .net *"_ivl_230", 0 0, L_0x7fa17a246be8;  1 drivers
v0x56515f4aba00_0 .net *"_ivl_231", 12 0, L_0x56515f4e2f10;  1 drivers
L_0x7fa17a246c30 .functor BUFT 1, C4<000000000>, C4<0>, C4<0>, C4<0>;
v0x56515f4abae0_0 .net *"_ivl_234", 8 0, L_0x7fa17a246c30;  1 drivers
v0x56515f4abbc0_0 .net *"_ivl_235", 12 0, L_0x56515f4e3540;  1 drivers
v0x56515f4abca0_0 .net *"_ivl_236", 12 0, L_0x56515f4e3360;  1 drivers
v0x56515f4abd80_0 .net *"_ivl_24", 22 0, L_0x56515f4ddc00;  1 drivers
v0x56515f4abe60_0 .net *"_ivl_240", 31 0, L_0x56515f4e2c20;  1 drivers
v0x56515f4abf40_0 .net *"_ivl_242", 9 0, L_0x56515f4e35e0;  1 drivers
L_0x7fa17a246c78 .functor BUFT 1, C4<00000>, C4<0>, C4<0>, C4<0>;
v0x56515f4ac020_0 .net *"_ivl_245", 4 0, L_0x7fa17a246c78;  1 drivers
v0x56515f4ac100_0 .net *"_ivl_246", 11 0, L_0x56515f4e36d0;  1 drivers
L_0x7fa17a246cc0 .functor BUFT 1, C4<00>, C4<0>, C4<0>, C4<0>;
v0x56515f4ac1e0_0 .net *"_ivl_249", 1 0, L_0x7fa17a246cc0;  1 drivers
L_0x7fa17a246d08 .functor BUFT 1, C4<000000000100>, C4<0>, C4<0>, C4<0>;
v0x56515f4ac2c0_0 .net/2u *"_ivl_250", 11 0, L_0x7fa17a246d08;  1 drivers
v0x56515f4ac3a0_0 .net *"_ivl_253", 11 0, L_0x56515f4e3bd0;  1 drivers
v0x56515f4ac480_0 .net *"_ivl_254", 3 0, L_0x56515f4e3d10;  1 drivers
L_0x7fa17a246d50 .functor BUFT 1, C4<00>, C4<0>, C4<0>, C4<0>;
v0x56515f4ac560_0 .net *"_ivl_257", 1 0, L_0x7fa17a246d50;  1 drivers
v0x56515f4ac640_0 .net *"_ivl_26", 6 0, L_0x56515f4ddd00;  1 drivers
L_0x7fa17a246d98 .functor BUFT 1, C4<0>, C4<0>, C4<0>, C4<0>;
v0x56515f4ac720_0 .net *"_ivl_260", 0 0, L_0x7fa17a246d98;  1 drivers
v0x56515f4ac800_0 .net *"_ivl_261", 12 0, L_0x56515f4e3970;  1 drivers
L_0x7fa17a246de0 .functor BUFT 1, C4<000000000>, C4<0>, C4<0>, C4<0>;
v0x56515f4ac8e0_0 .net *"_ivl_264", 8 0, L_0x7fa17a246de0;  1 drivers
v0x56515f4ac9c0_0 .net *"_ivl_265", 12 0, L_0x56515f4e3ab0;  1 drivers
v0x56515f4acaa0_0 .net *"_ivl_266", 12 0, L_0x56515f4e4080;  1 drivers
v0x56515f4acb80_0 .net *"_ivl_270", 31 0, L_0x56515f4e42d0;  1 drivers
v0x56515f4acc60_0 .net *"_ivl_272", 9 0, L_0x56515f4e3db0;  1 drivers
L_0x7fa17a246e28 .functor BUFT 1, C4<00000>, C4<0>, C4<0>, C4<0>;
v0x56515f4acd40_0 .net *"_ivl_275", 4 0, L_0x7fa17a246e28;  1 drivers
v0x56515f4ace20_0 .net *"_ivl_276", 11 0, L_0x56515f4e3ea0;  1 drivers
L_0x7fa17a246e70 .functor BUFT 1, C4<00>, C4<0>, C4<0>, C4<0>;
v0x56515f4acf00_0 .net *"_ivl_279", 1 0, L_0x7fa17a246e70;  1 drivers
L_0x7fa17a246eb8 .functor BUFT 1, C4<000000000100>, C4<0>, C4<0>, C4<0>;
v0x56515f4acfe0_0 .net/2u *"_ivl_280", 11 0, L_0x7fa17a246eb8;  1 drivers
v0x56515f4ad0c0_0 .net *"_ivl_283", 11 0, L_0x56515f4e4610;  1 drivers
v0x56515f4ad1a0_0 .net *"_ivl_284", 3 0, L_0x56515f4e4700;  1 drivers
L_0x7fa17a246f00 .functor BUFT 1, C4<00>, C4<0>, C4<0>, C4<0>;
v0x56515f4ad280_0 .net *"_ivl_287", 1 0, L_0x7fa17a246f00;  1 drivers
L_0x7fa17a246528 .functor BUFT 1, C4<00>, C4<0>, C4<0>, C4<0>;
v0x56515f4ad360_0 .net *"_ivl_29", 1 0, L_0x7fa17a246528;  1 drivers
L_0x7fa17a246f48 .functor BUFT 1, C4<0>, C4<0>, C4<0>, C4<0>;
v0x56515f4ad440_0 .net *"_ivl_290", 0 0, L_0x7fa17a246f48;  1 drivers
v0x56515f4ad520_0 .net *"_ivl_291", 12 0, L_0x56515f4e43c0;  1 drivers
L_0x7fa17a246f90 .functor BUFT 1, C4<000000000>, C4<0>, C4<0>, C4<0>;
v0x56515f4ad600_0 .net *"_ivl_294", 8 0, L_0x7fa17a246f90;  1 drivers
v0x56515f4ad6e0_0 .net *"_ivl_295", 12 0, L_0x56515f4e4500;  1 drivers
v0x56515f4ad7c0_0 .net *"_ivl_296", 12 0, L_0x56515f4e4ab0;  1 drivers
v0x56515f4ad8a0_0 .net *"_ivl_30", 0 0, L_0x56515f4dddf0;  1 drivers
v0x56515f4ad960_0 .net *"_ivl_300", 31 0, L_0x56515f4e38c0;  1 drivers
v0x56515f4ada40_0 .net *"_ivl_302", 9 0, L_0x56515f4e47a0;  1 drivers
L_0x7fa17a246fd8 .functor BUFT 1, C4<00000>, C4<0>, C4<0>, C4<0>;
v0x56515f4adb20_0 .net *"_ivl_305", 4 0, L_0x7fa17a246fd8;  1 drivers
v0x56515f4adc00_0 .net *"_ivl_306", 11 0, L_0x56515f4e4890;  1 drivers
L_0x7fa17a247020 .functor BUFT 1, C4<00>, C4<0>, C4<0>, C4<0>;
v0x56515f4adce0_0 .net *"_ivl_309", 1 0, L_0x7fa17a247020;  1 drivers
L_0x7fa17a247068 .functor BUFT 1, C4<000000000100>, C4<0>, C4<0>, C4<0>;
v0x56515f4addc0_0 .net/2u *"_ivl_310", 11 0, L_0x7fa17a247068;  1 drivers
v0x56515f4adea0_0 .net *"_ivl_313", 11 0, L_0x56515f4e50a0;  1 drivers
v0x56515f4adf80_0 .net *"_ivl_314", 3 0, L_0x56515f4e5190;  1 drivers
L_0x7fa17a2470b0 .functor BUFT 1, C4<00>, C4<0>, C4<0>, C4<0>;
v0x56515f4ae060_0 .net *"_ivl_317", 1 0, L_0x7fa17a2470b0;  1 drivers
L_0x7fa17a2470f8 .functor BUFT 1, C4<0>, C4<0>, C4<0>, C4<0>;
v0x56515f4ae140_0 .net *"_ivl_320", 0 0, L_0x7fa17a2470f8;  1 drivers
v0x56515f4ae220_0 .net *"_ivl_321", 12 0, L_0x56515f4e4e10;  1 drivers
L_0x7fa17a247140 .functor BUFT 1, C4<000000000>, C4<0>, C4<0>, C4<0>;
v0x56515f4ae300_0 .net *"_ivl_324", 8 0, L_0x7fa17a247140;  1 drivers
v0x56515f4ae3e0_0 .net *"_ivl_325", 12 0, L_0x56515f4e4f50;  1 drivers
v0x56515f4ae4c0_0 .net *"_ivl_326", 12 0, L_0x56515f4e5530;  1 drivers
v0x56515f4ae5a0_0 .net *"_ivl_331", 0 0, L_0x56515f4e5780;  1 drivers
v0x56515f4ae680_0 .net *"_ivl_333", 7 0, L_0x56515f4e5230;  1 drivers
L_0x7fa17a247188 .functor BUFT 1, C4<00000000>, C4<0>, C4<0>, C4<0>;
v0x56515f4ae760_0 .net/2u *"_ivl_334", 7 0, L_0x7fa17a247188;  1 drivers
v0x56515f4ae840_0 .net *"_ivl_336", 7 0, L_0x56515f4e52d0;  1 drivers
v0x56515f4ae920_0 .net *"_ivl_339", 0 0, L_0x56515f4e5460;  1 drivers
v0x56515f4aea00_0 .net *"_ivl_34", 3 0, L_0x56515f4de060;  1 drivers
v0x56515f4aeae0_0 .net *"_ivl_341", 7 0, L_0x56515f4e5b90;  1 drivers
L_0x7fa17a2471d0 .functor BUFT 1, C4<00000000>, C4<0>, C4<0>, C4<0>;
v0x56515f4aebc0_0 .net/2u *"_ivl_342", 7 0, L_0x7fa17a2471d0;  1 drivers
v0x56515f4aeca0_0 .net *"_ivl_344", 7 0, L_0x56515f4e5820;  1 drivers
v0x56515f4aed80_0 .net *"_ivl_347", 0 0, L_0x56515f4e59b0;  1 drivers
v0x56515f4aee60_0 .net *"_ivl_349", 7 0, L_0x56515f4e5a50;  1 drivers
L_0x7fa17a247218 .functor BUFT 1, C4<00000000>, C4<0>, C4<0>, C4<0>;
v0x56515f4aef40_0 .net/2u *"_ivl_350", 7 0, L_0x7fa17a247218;  1 drivers
v0x56515f4af020_0 .net *"_ivl_352", 7 0, L_0x56515f4e5fc0;  1 drivers
v0x56515f4af100_0 .net *"_ivl_355", 0 0, L_0x56515f4e5d20;  1 drivers
v0x56515f4af1e0_0 .net *"_ivl_357", 7 0, L_0x56515f4e5e50;  1 drivers
L_0x7fa17a247260 .functor BUFT 1, C4<00000000>, C4<0>, C4<0>, C4<0>;
v0x56515f4af2c0_0 .net/2u *"_ivl_358", 7 0, L_0x7fa17a247260;  1 drivers
v0x56515f4af3a0_0 .net *"_ivl_36", 6 0, L_0x56515f4de100;  1 drivers
v0x56515f4af480_0 .net *"_ivl_360", 7 0, L_0x56515f4e63c0;  1 drivers
v0x56515f4af560_0 .net *"_ivl_365", 0 0, L_0x56515f4e6060;  1 drivers
v0x56515f4af640_0 .net *"_ivl_367", 7 0, L_0x56515f4e6100;  1 drivers
v0x56515f4aff30_0 .net *"_ivl_369", 7 0, L_0x56515f4e61a0;  1 drivers
v0x56515f4b0010_0 .net *"_ivl_370", 7 0, L_0x56515f4e6240;  1 drivers
v0x56515f4b00f0_0 .net *"_ivl_373", 0 0, L_0x56515f4e6a70;  1 drivers
v0x56515f4b01d0_0 .net *"_ivl_375", 7 0, L_0x56515f4e6b10;  1 drivers
v0x56515f4b02b0_0 .net *"_ivl_377", 7 0, L_0x56515f4e6690;  1 drivers
v0x56515f4b0390_0 .net *"_ivl_378", 7 0, L_0x56515f4e6730;  1 drivers
v0x56515f4b0470_0 .net *"_ivl_381", 0 0, L_0x56515f4e68c0;  1 drivers
v0x56515f4b0550_0 .net *"_ivl_383", 7 0, L_0x56515f4e6960;  1 drivers
v0x56515f4b0630_0 .net *"_ivl_385", 7 0, L_0x56515f4e6fc0;  1 drivers
v0x56515f4b0710_0 .net *"_ivl_386", 7 0, L_0x56515f4e7060;  1 drivers
v0x56515f4b07f0_0 .net *"_ivl_389", 0 0, L_0x56515f4e6cf0;  1 drivers
L_0x7fa17a246570 .functor BUFT 1, C4<00>, C4<0>, C4<0>, C4<0>;
v0x56515f4b08d0_0 .net *"_ivl_39", 1 0, L_0x7fa17a246570;  1 drivers
v0x56515f4b09b0_0 .net *"_ivl_391", 7 0, L_0x56515f4e6d90;  1 drivers
v0x56515f4b0a90_0 .net *"_ivl_393", 7 0, L_0x56515f4e6e30;  1 drivers
v0x56515f4b0b70_0 .net *"_ivl_394", 7 0, L_0x56515f4e6ed0;  1 drivers
L_0x7fa17a2472a8 .functor BUFT 1, C4<00>, C4<0>, C4<0>, C4<0>;
v0x56515f4b0c50_0 .net/2u *"_ivl_400", 1 0, L_0x7fa17a2472a8;  1 drivers
L_0x7fa17a2472f0 .functor BUFT 1, C4<0000000000000000000000000001>, C4<0>, C4<0>, C4<0>;
v0x56515f4b0d30_0 .net/2u *"_ivl_406", 27 0, L_0x7fa17a2472f0;  1 drivers
v0x56515f4b0e10_0 .net *"_ivl_41", 0 0, L_0x56515f4de300;  1 drivers
L_0x7fa17a247338 .functor BUFT 1, C4<0000>, C4<0>, C4<0>, C4<0>;
v0x56515f4b0ef0_0 .net/2u *"_ivl_410", 3 0, L_0x7fa17a247338;  1 drivers
v0x56515f4b0fd0_0 .net *"_ivl_418", 3 0, L_0x56515f4e7b80;  1 drivers
v0x56515f4b10b0_0 .net *"_ivl_42", 22 0, L_0x56515f4de3a0;  1 drivers
v0x56515f4b1190_0 .net *"_ivl_420", 6 0, L_0x56515f4e7c50;  1 drivers
L_0x7fa17a247380 .functor BUFT 1, C4<00>, C4<0>, C4<0>, C4<0>;
v0x56515f4b1270_0 .net *"_ivl_423", 1 0, L_0x7fa17a247380;  1 drivers
v0x56515f4b1350_0 .net *"_ivl_425", 0 0, L_0x56515f4e7de0;  1 drivers
v0x56515f4b1430_0 .net *"_ivl_426", 22 0, L_0x56515f4e7ed0;  1 drivers
v0x56515f4b1510_0 .net *"_ivl_428", 6 0, L_0x56515f4e84e0;  1 drivers
L_0x7fa17a2473c8 .functor BUFT 1, C4<00>, C4<0>, C4<0>, C4<0>;
v0x56515f4b15f0_0 .net *"_ivl_431", 1 0, L_0x7fa17a2473c8;  1 drivers
v0x56515f4b16d0_0 .net *"_ivl_432", 0 0, L_0x56515f4e8620;  1 drivers
v0x56515f4b1790_0 .net *"_ivl_436", 3 0, L_0x56515f4e8200;  1 drivers
v0x56515f4b1870_0 .net *"_ivl_438", 6 0, L_0x56515f4e82a0;  1 drivers
v0x56515f4b1950_0 .net *"_ivl_44", 6 0, L_0x56515f4de4d0;  1 drivers
L_0x7fa17a247410 .functor BUFT 1, C4<00>, C4<0>, C4<0>, C4<0>;
v0x56515f4b1a30_0 .net *"_ivl_441", 1 0, L_0x7fa17a247410;  1 drivers
v0x56515f4b1b10_0 .net *"_ivl_443", 0 0, L_0x56515f4e8390;  1 drivers
v0x56515f4b1bf0_0 .net *"_ivl_444", 22 0, L_0x56515f4e4d00;  1 drivers
v0x56515f4b1cd0_0 .net *"_ivl_446", 6 0, L_0x56515f4e8be0;  1 drivers
L_0x7fa17a247458 .functor BUFT 1, C4<00>, C4<0>, C4<0>, C4<0>;
v0x56515f4b1db0_0 .net *"_ivl_449", 1 0, L_0x7fa17a247458;  1 drivers
v0x56515f4b1e90_0 .net *"_ivl_450", 0 0, L_0x56515f4e8cd0;  1 drivers
v0x56515f4b1f50_0 .net *"_ivl_454", 3 0, L_0x56515f4e8870;  1 drivers
v0x56515f4b2030_0 .net *"_ivl_456", 6 0, L_0x56515f4e8910;  1 drivers
L_0x7fa17a2474a0 .functor BUFT 1, C4<00>, C4<0>, C4<0>, C4<0>;
v0x56515f4b2110_0 .net *"_ivl_459", 1 0, L_0x7fa17a2474a0;  1 drivers
v0x56515f4b21f0_0 .net *"_ivl_461", 0 0, L_0x56515f4e8a50;  1 drivers
v0x56515f4b22d0_0 .net *"_ivl_462", 22 0, L_0x56515f4e8b40;  1 drivers
v0x56515f4b23b0_0 .net *"_ivl_464", 6 0, L_0x56515f4e9270;  1 drivers
L_0x7fa17a2474e8 .functor BUFT 1, C4<00>, C4<0>, C4<0>, C4<0>;
v0x56515f4b2490_0 .net *"_ivl_467", 1 0, L_0x7fa17a2474e8;  1 drivers
v0x56515f4b2570_0 .net *"_ivl_468", 0 0, L_0x56515f4e93b0;  1 drivers
L_0x7fa17a2465b8 .functor BUFT 1, C4<00>, C4<0>, C4<0>, C4<0>;
v0x56515f4b2630_0 .net *"_ivl_47", 1 0, L_0x7fa17a2465b8;  1 drivers
v0x56515f4b2710_0 .net *"_ivl_472", 3 0, L_0x56515f4e8f60;  1 drivers
v0x56515f4b27f0_0 .net *"_ivl_474", 6 0, L_0x56515f4e9000;  1 drivers
L_0x7fa17a247530 .functor BUFT 1, C4<00>, C4<0>, C4<0>, C4<0>;
v0x56515f4b28d0_0 .net *"_ivl_477", 1 0, L_0x7fa17a247530;  1 drivers
v0x56515f4b29b0_0 .net *"_ivl_479", 0 0, L_0x56515f4e8130;  1 drivers
v0x56515f4b2a90_0 .net *"_ivl_48", 0 0, L_0x56515f4de5c0;  1 drivers
v0x56515f4b2b50_0 .net *"_ivl_480", 22 0, L_0x56515f4e9a50;  1 drivers
v0x56515f4b2c30_0 .net *"_ivl_482", 6 0, L_0x56515f4e9530;  1 drivers
L_0x7fa17a247578 .functor BUFT 1, C4<00>, C4<0>, C4<0>, C4<0>;
v0x56515f4b2d10_0 .net *"_ivl_485", 1 0, L_0x7fa17a247578;  1 drivers
v0x56515f4b2df0_0 .net *"_ivl_486", 0 0, L_0x56515f4e9670;  1 drivers
v0x56515f4b2eb0_0 .net *"_ivl_491", 0 0, L_0x56515f4e9870;  1 drivers
v0x56515f4b2f70_0 .net *"_ivl_493", 0 0, L_0x56515f4e9980;  1 drivers
v0x56515f4b3030_0 .net *"_ivl_497", 0 0, L_0x56515f4e9fe0;  1 drivers
L_0x7fa17a2475c0 .functor BUFT 1, C4<11>, C4<0>, C4<0>, C4<0>;
v0x56515f4b30f0_0 .net/2u *"_ivl_498", 1 0, L_0x7fa17a2475c0;  1 drivers
v0x56515f4b31d0_0 .net *"_ivl_500", 0 0, L_0x56515f4ea2e0;  1 drivers
v0x56515f4b3290_0 .net *"_ivl_503", 0 0, L_0x56515f4e9af0;  1 drivers
v0x56515f4b3350_0 .net *"_ivl_505", 0 0, L_0x56515f4e9c00;  1 drivers
L_0x7fa17a247608 .functor BUFT 1, C4<00>, C4<0>, C4<0>, C4<0>;
v0x56515f4b3410_0 .net/2u *"_ivl_508", 1 0, L_0x7fa17a247608;  1 drivers
v0x56515f4b34f0_0 .net *"_ivl_510", 0 0, L_0x56515f4e9f10;  1 drivers
L_0x7fa17a247650 .functor BUFT 1, C4<01>, C4<0>, C4<0>, C4<0>;
v0x56515f4b35b0_0 .net/2u *"_ivl_514", 1 0, L_0x7fa17a247650;  1 drivers
v0x56515f4b3690_0 .net *"_ivl_516", 0 0, L_0x56515f4ea9d0;  1 drivers
L_0x7fa17a247698 .functor BUFT 1, C4<10>, C4<0>, C4<0>, C4<0>;
v0x56515f4b3750_0 .net/2u *"_ivl_518", 1 0, L_0x7fa17a247698;  1 drivers
v0x56515f4b3830_0 .net *"_ivl_52", 3 0, L_0x56515f4de7f0;  1 drivers
v0x56515f4b3910_0 .net *"_ivl_520", 0 0, L_0x56515f4eab10;  1 drivers
L_0x7fa17a2476e0 .functor BUFT 1, C4<11>, C4<0>, C4<0>, C4<0>;
v0x56515f4b39d0_0 .net/2u *"_ivl_522", 1 0, L_0x7fa17a2476e0;  1 drivers
v0x56515f4b3ab0_0 .net *"_ivl_524", 0 0, L_0x56515f4ea3d0;  1 drivers
v0x56515f4b3b70_0 .net *"_ivl_526", 31 0, L_0x56515f4ea470;  1 drivers
v0x56515f4b3c50_0 .net *"_ivl_528", 31 0, L_0x56515f4ea5b0;  1 drivers
L_0x7fa17a247728 .functor BUFT 1, C4<01>, C4<0>, C4<0>, C4<0>;
v0x56515f4b3d30_0 .net/2u *"_ivl_532", 1 0, L_0x7fa17a247728;  1 drivers
v0x56515f4b3e10_0 .net *"_ivl_534", 0 0, L_0x56515f4eb140;  1 drivers
L_0x7fa17a247770 .functor BUFT 1, C4<11>, C4<0>, C4<0>, C4<0>;
v0x56515f4b3ed0_0 .net/2u *"_ivl_536", 1 0, L_0x7fa17a247770;  1 drivers
v0x56515f4b3fb0_0 .net *"_ivl_538", 0 0, L_0x56515f4eb230;  1 drivers
v0x56515f4b4070_0 .net *"_ivl_54", 6 0, L_0x56515f4de890;  1 drivers
v0x56515f4b4150_0 .net *"_ivl_541", 0 0, L_0x56515f4eac00;  1 drivers
L_0x7fa17a2477b8 .functor BUFT 1, C4<00000000000000000000000000000100>, C4<0>, C4<0>, C4<0>;
v0x56515f4b4210_0 .net/2u *"_ivl_542", 31 0, L_0x7fa17a2477b8;  1 drivers
v0x56515f4b42f0_0 .net *"_ivl_544", 0 0, L_0x56515f4eae30;  1 drivers
v0x56515f4b43b0_0 .net *"_ivl_547", 0 0, L_0x56515f4eaf20;  1 drivers
v0x56515f4b4470_0 .net *"_ivl_551", 0 0, L_0x56515f4e9e00;  1 drivers
v0x56515f4b4530_0 .net *"_ivl_553", 0 0, L_0x56515f4e9e70;  1 drivers
L_0x7fa17a247800 .functor BUFT 1, C4<10>, C4<0>, C4<0>, C4<0>;
v0x56515f4b45f0_0 .net/2u *"_ivl_554", 1 0, L_0x7fa17a247800;  1 drivers
v0x56515f4b46d0_0 .net *"_ivl_556", 0 0, L_0x56515f4ead60;  1 drivers
v0x56515f4b4790_0 .net *"_ivl_559", 0 0, L_0x56515f4eb320;  1 drivers
v0x56515f4b4850_0 .net *"_ivl_563", 0 0, L_0x56515f4eb690;  1 drivers
L_0x7fa17a247848 .functor BUFT 1, C4<00000000000000000000000000000000>, C4<0>, C4<0>, C4<0>;
v0x56515f4b4910_0 .net/2u *"_ivl_566", 31 0, L_0x7fa17a247848;  1 drivers
v0x56515f4b49f0_0 .net *"_ivl_568", 31 0, L_0x56515f4eb910;  1 drivers
L_0x7fa17a246600 .functor BUFT 1, C4<00>, C4<0>, C4<0>, C4<0>;
v0x56515f4b4ad0_0 .net *"_ivl_57", 1 0, L_0x7fa17a246600;  1 drivers
v0x56515f4b4bb0_0 .net *"_ivl_59", 0 0, L_0x56515f4dea30;  1 drivers
L_0x7fa17a246498 .functor BUFT 1, C4<0000>, C4<0>, C4<0>, C4<0>;
v0x56515f4b4c90_0 .net/2u *"_ivl_6", 3 0, L_0x7fa17a246498;  1 drivers
v0x56515f4b4d70_0 .net *"_ivl_60", 22 0, L_0x56515f4dead0;  1 drivers
v0x56515f4b4e50_0 .net *"_ivl_62", 6 0, L_0x56515f4de980;  1 drivers
L_0x7fa17a246648 .functor BUFT 1, C4<00>, C4<0>, C4<0>, C4<0>;
v0x56515f4b4f30_0 .net *"_ivl_65", 1 0, L_0x7fa17a246648;  1 drivers
v0x56515f4b5010_0 .net *"_ivl_66", 0 0, L_0x56515f4decd0;  1 drivers
v0x56515f4b50d0_0 .net *"_ivl_70", 3 0, L_0x56515f4def20;  1 drivers
v0x56515f4b51b0_0 .net *"_ivl_72", 6 0, L_0x56515f4defc0;  1 drivers
L_0x7fa17a246690 .functor BUFT 1, C4<00>, C4<0>, C4<0>, C4<0>;
v0x56515f4b5290_0 .net *"_ivl_75", 1 0, L_0x7fa17a246690;  1 drivers
v0x56515f4b5370_0 .net *"_ivl_77", 0 0, L_0x56515f4df2a0;  1 drivers
v0x56515f4b5450_0 .net *"_ivl_78", 22 0, L_0x56515f4df340;  1 drivers
v0x56515f4b5530_0 .net *"_ivl_80", 6 0, L_0x56515f4df1c0;  1 drivers
L_0x7fa17a2466d8 .functor BUFT 1, C4<00>, C4<0>, C4<0>, C4<0>;
v0x56515f4b5610_0 .net *"_ivl_83", 1 0, L_0x7fa17a2466d8;  1 drivers
v0x56515f4b56f0_0 .net *"_ivl_84", 0 0, L_0x56515f4df570;  1 drivers
v0x56515f4b57b0_0 .net *"_ivl_89", 0 0, L_0x56515f4df7b0;  1 drivers
v0x56515f4b5870_0 .net *"_ivl_91", 0 0, L_0x56515f4df8c0;  1 drivers
v0x56515f4b5930_0 .net *"_ivl_95", 0 0, L_0x56515f4dfae0;  1 drivers
L_0x7fa17a246720 .functor BUFT 1, C4<11>, C4<0>, C4<0>, C4<0>;
v0x56515f4b59f0_0 .net/2u *"_ivl_98", 1 0, L_0x7fa17a246720;  1 drivers
v0x56515f4b5ad0_0 .var "cache_read_data", 31 0;
v0x56515f4b5bb0 .array "datas0", 127 0, 31 0;
v0x56515f4b5c70 .array "datas1", 127 0, 31 0;
v0x56515f4b5d30 .array "datas2", 127 0, 31 0;
v0x56515f4b5df0 .array "datas3", 127 0, 31 0;
v0x56515f4b5eb0_0 .var "fill_word", 31 0;
v0x56515f4b5f90_0 .net "hit", 0 0, L_0x56515f4e23b0;  1 drivers
v0x56515f4b6050_0 .net "hit_way", 1 0, L_0x56515f4e29a0;  1 drivers
v0x56515f4b6130_0 .net "hit_write_word", 31 0, L_0x56515f4e7150;  1 drivers
v0x56515f4b6210_0 .net "i_clk", 0 0, v0x56515f4c80f0_0;  alias, 1 drivers
v0x56515f4b62b0_0 .net "i_mem_rdata", 31 0, L_0x56515f4db370;  alias, 1 drivers
v0x56515f4b6390_0 .net "i_mem_ready", 0 0, L_0x56515f4db600;  alias, 1 drivers
v0x56515f4b6450_0 .net "i_mem_valid", 0 0, L_0x56515f4db4c0;  alias, 1 drivers
v0x56515f4b6510_0 .net "i_req_addr", 31 0, v0x56515f4968b0_0;  alias, 1 drivers
L_0x7fa17a2478d8 .functor BUFT 1, C4<1111>, C4<0>, C4<0>, C4<0>;
v0x56515f4b65d0_0 .net "i_req_mask", 3 0, L_0x7fa17a2478d8;  1 drivers
v0x56515f4b6690_0 .net "i_req_ren", 0 0, L_0x7fa17a248ec8;  alias, 1 drivers
L_0x7fa17a247920 .functor BUFT 1, C4<00000000000000000000000000000000>, C4<0>, C4<0>, C4<0>;
v0x56515f4b6750_0 .net "i_req_wdata", 31 0, L_0x7fa17a247920;  1 drivers
v0x56515f4b6830_0 .net "i_req_wen", 0 0, L_0x7fa17a247890;  1 drivers
v0x56515f4b68f0_0 .net "i_rst", 0 0, v0x56515f4c9b20_0;  alias, 1 drivers
v0x56515f4af6e0_0 .net "masked_read_data", 31 0, L_0x56515f4e64b0;  1 drivers
v0x56515f4af7c0_0 .net "mem_req_addr", 31 0, L_0x56515f4e7330;  1 drivers
v0x56515f4af8a0_0 .var "mem_req_offset", 3 0;
v0x56515f4af980_0 .net "miss", 0 0, L_0x56515f4e25e0;  1 drivers
v0x56515f4afa40_0 .net "miss_line_addr", 27 0, L_0x56515f4e7ae0;  1 drivers
v0x56515f4afb20_0 .net "miss_prefetch_addr", 31 0, L_0x56515f4e77d0;  1 drivers
v0x56515f4afc00_0 .net "miss_prefetch_hit", 0 0, L_0x56515f4ea0d0;  1 drivers
v0x56515f4afcc0_0 .net "miss_prefetch_line_addr", 27 0, L_0x56515f4e75f0;  1 drivers
v0x56515f4afda0_0 .net "miss_prefetch_set", 4 0, L_0x56515f4e7ff0;  1 drivers
v0x56515f4b79a0_0 .net "miss_prefetch_tag", 22 0, L_0x56515f4e7910;  1 drivers
v0x56515f4b7a40_0 .net "miss_prefetch_way0_match", 0 0, L_0x56515f4e7690;  1 drivers
v0x56515f4b7ae0_0 .net "miss_prefetch_way1_match", 0 0, L_0x56515f4e8760;  1 drivers
v0x56515f4b7ba0_0 .net "miss_prefetch_way2_match", 0 0, L_0x56515f4e8dc0;  1 drivers
v0x56515f4b7c60_0 .net "miss_prefetch_way3_match", 0 0, L_0x56515f4e9760;  1 drivers
v0x56515f4b7d20_0 .var "miss_set", 4 0;
v0x56515f4b7e00_0 .net "miss_should_start_prefetch", 0 0, L_0x56515f4e9cf0;  1 drivers
v0x56515f4b7ec0_0 .var "miss_tag", 22 0;
v0x56515f4b7fa0_0 .var "miss_way", 1 0;
v0x56515f4b8080_0 .var "miss_write", 0 0;
v0x56515f4b8140_0 .var "miss_write_data", 31 0;
v0x56515f4b8220_0 .var "miss_write_mask", 3 0;
v0x56515f4b8300_0 .var "miss_write_word_data", 31 0;
v0x56515f4b83e0_0 .var "miss_write_word_off", 1 0;
v0x56515f4b84c0_0 .net "o_busy", 0 0, L_0x56515f4ea230;  alias, 1 drivers
v0x56515f4b8580_0 .net "o_mem_addr", 31 0, L_0x56515f4ea740;  alias, 1 drivers
v0x56515f4b8660_0 .net "o_mem_ren", 0 0, L_0x56515f4eb030;  alias, 1 drivers
v0x56515f4b8720_0 .net "o_mem_wdata", 31 0, L_0x56515f4eb820;  alias, 1 drivers
v0x56515f4b8800_0 .net "o_mem_wen", 0 0, L_0x56515f4eb3e0;  alias, 1 drivers
v0x56515f4b88c0_0 .net "o_res_rdata", 31 0, L_0x56515f4ebfc0;  alias, 1 drivers
v0x56515f4b89a0 .array "plru", 0 31, 2 0;
v0x56515f4b8a60_0 .net "prefetch_addr", 31 0, L_0x56515f4dd570;  1 drivers
v0x56515f4b8b40_0 .net "prefetch_hit", 0 0, L_0x56515f4df9d0;  1 drivers
v0x56515f4b8c00_0 .net "prefetch_line_addr", 27 0, L_0x56515f4dd320;  1 drivers
v0x56515f4b8ce0_0 .net "prefetch_set", 4 0, L_0x56515f4dd7a0;  1 drivers
v0x56515f4b8dc0_0 .net "prefetch_tag", 22 0, L_0x56515f4dd6b0;  1 drivers
v0x56515f4b8ea0_0 .net "prefetch_way0_match", 0 0, L_0x56515f4ddfa0;  1 drivers
v0x56515f4b8f60_0 .net "prefetch_way1_match", 0 0, L_0x56515f4de440;  1 drivers
v0x56515f4b9020_0 .net "prefetch_way2_match", 0 0, L_0x56515f4deb70;  1 drivers
v0x56515f4b90e0_0 .net "prefetch_way3_match", 0 0, L_0x56515f4df3e0;  1 drivers
v0x56515f4b91a0_0 .net "req_line_addr", 27 0, L_0x56515f4dd280;  1 drivers
v0x56515f4b9280_0 .net "req_set", 4 0, L_0x56515f4dfe20;  1 drivers
v0x56515f4b9360_0 .net "req_tag", 22 0, L_0x56515f4e01e0;  1 drivers
v0x56515f4b9440_0 .net "req_word_off", 1 0, L_0x56515f4dd840;  1 drivers
v0x56515f4b9520_0 .net "request_is_prefetch_point", 0 0, L_0x56515f4df660;  1 drivers
v0x56515f4b95e0_0 .net "request_is_read", 0 0, L_0x56515f4dfb80;  1 drivers
v0x56515f4b96a0_0 .var "serviced_a_miss", 0 0;
v0x56515f4b9760_0 .var "serviced_data", 31 0;
v0x56515f4b9840_0 .net "should_start_prefetch", 0 0, L_0x56515f4e0070;  1 drivers
v0x56515f4b9900_0 .var "state", 1 0;
v0x56515f4b99e0 .array "tags0", 0 31, 22 0;
v0x56515f4b9aa0 .array "tags1", 0 31, 22 0;
v0x56515f4b9b60 .array "tags2", 0 31, 22 0;
v0x56515f4b9c20 .array "tags3", 0 31, 22 0;
v0x56515f4b9ce0 .array "valid", 0 31, 3 0;
v0x56515f4b9da0_0 .net "way0_data", 31 0, L_0x56515f4e3400;  1 drivers
v0x56515f4b9e80_0 .net "way0_match", 0 0, L_0x56515f4e09e0;  1 drivers
v0x56515f4b9f40_0 .net "way1_data", 31 0, L_0x56515f4e4120;  1 drivers
v0x56515f4ba020_0 .net "way1_match", 0 0, L_0x56515f4e10d0;  1 drivers
v0x56515f4ba0e0_0 .net "way2_data", 31 0, L_0x56515f4e4b50;  1 drivers
v0x56515f4ba1c0_0 .net "way2_match", 0 0, L_0x56515f4e18a0;  1 drivers
v0x56515f4ba280_0 .net "way3_data", 31 0, L_0x56515f4e55d0;  1 drivers
v0x56515f4ba360_0 .net "way3_match", 0 0, L_0x56515f4e22a0;  1 drivers
v0x56515f4ba420_0 .var "words_filled", 31 0;
v0x56515f4ba500_0 .var "words_requested", 31 0;
v0x56515f4ba5e0_0 .net "writeback_addr", 31 0, L_0x56515f4e73d0;  1 drivers
E_0x56515f2c03e0/0 .event anyedge, v0x56515f4b6050_0, v0x56515f4b9da0_0, v0x56515f4b9f40_0, v0x56515f4ba0e0_0;
E_0x56515f2c03e0/1 .event anyedge, v0x56515f4ba280_0;
E_0x56515f2c03e0 .event/or E_0x56515f2c03e0/0, E_0x56515f2c03e0/1;
L_0x56515f4dd280 .part v0x56515f4968b0_0, 4, 28;
L_0x56515f4dd320 .arith/sum 28, L_0x56515f4dd280, L_0x7fa17a246450;
L_0x56515f4dd570 .concat [ 4 28 0 0], L_0x7fa17a246498, L_0x56515f4dd320;
L_0x56515f4dd6b0 .part L_0x56515f4dd570, 9, 23;
L_0x56515f4dd7a0 .part L_0x56515f4dd570, 4, 5;
L_0x56515f4dd840 .part v0x56515f4968b0_0, 2, 2;
L_0x56515f4dd8e0 .array/port v0x56515f4b9ce0, L_0x56515f4dd980;
L_0x56515f4dd980 .concat [ 5 2 0 0], L_0x56515f4dd7a0, L_0x7fa17a2464e0;
L_0x56515f4ddb10 .part L_0x56515f4dd8e0, 0, 1;
L_0x56515f4ddc00 .array/port v0x56515f4b99e0, L_0x56515f4ddd00;
L_0x56515f4ddd00 .concat [ 5 2 0 0], L_0x56515f4dd7a0, L_0x7fa17a246528;
L_0x56515f4dddf0 .cmp/eq 23, L_0x56515f4ddc00, L_0x56515f4dd6b0;
L_0x56515f4de060 .array/port v0x56515f4b9ce0, L_0x56515f4de100;
L_0x56515f4de100 .concat [ 5 2 0 0], L_0x56515f4dd7a0, L_0x7fa17a246570;
L_0x56515f4de300 .part L_0x56515f4de060, 1, 1;
L_0x56515f4de3a0 .array/port v0x56515f4b9aa0, L_0x56515f4de4d0;
L_0x56515f4de4d0 .concat [ 5 2 0 0], L_0x56515f4dd7a0, L_0x7fa17a2465b8;
L_0x56515f4de5c0 .cmp/eq 23, L_0x56515f4de3a0, L_0x56515f4dd6b0;
L_0x56515f4de7f0 .array/port v0x56515f4b9ce0, L_0x56515f4de890;
L_0x56515f4de890 .concat [ 5 2 0 0], L_0x56515f4dd7a0, L_0x7fa17a246600;
L_0x56515f4dea30 .part L_0x56515f4de7f0, 2, 1;
L_0x56515f4dead0 .array/port v0x56515f4b9b60, L_0x56515f4de980;
L_0x56515f4de980 .concat [ 5 2 0 0], L_0x56515f4dd7a0, L_0x7fa17a246648;
L_0x56515f4decd0 .cmp/eq 23, L_0x56515f4dead0, L_0x56515f4dd6b0;
L_0x56515f4def20 .array/port v0x56515f4b9ce0, L_0x56515f4defc0;
L_0x56515f4defc0 .concat [ 5 2 0 0], L_0x56515f4dd7a0, L_0x7fa17a246690;
L_0x56515f4df2a0 .part L_0x56515f4def20, 3, 1;
L_0x56515f4df340 .array/port v0x56515f4b9c20, L_0x56515f4df1c0;
L_0x56515f4df1c0 .concat [ 5 2 0 0], L_0x56515f4dd7a0, L_0x7fa17a2466d8;
L_0x56515f4df570 .cmp/eq 23, L_0x56515f4df340, L_0x56515f4dd6b0;
L_0x56515f4dfae0 .reduce/nor L_0x7fa17a247890;
L_0x56515f4dfce0 .cmp/eq 2, L_0x56515f4dd840, L_0x7fa17a246720;
L_0x56515f4dff80 .reduce/nor L_0x56515f4df9d0;
L_0x56515f4e01e0 .part v0x56515f4968b0_0, 9, 23;
L_0x56515f4dfe20 .part v0x56515f4968b0_0, 4, 5;
L_0x56515f4e03a0 .array/port v0x56515f4b9ce0, L_0x56515f4e0280;
L_0x56515f4e0280 .concat [ 5 2 0 0], L_0x56515f4dfe20, L_0x7fa17a246768;
L_0x56515f4e0570 .part L_0x56515f4e03a0, 0, 1;
L_0x56515f4e0440 .array/port v0x56515f4b99e0, L_0x56515f4e07a0;
L_0x56515f4e07a0 .concat [ 5 2 0 0], L_0x56515f4dfe20, L_0x7fa17a2467b0;
L_0x56515f4e06b0 .cmp/eq 23, L_0x56515f4e0440, L_0x56515f4e01e0;
L_0x56515f4e0af0 .array/port v0x56515f4b9ce0, L_0x56515f4e0840;
L_0x56515f4e0840 .concat [ 5 2 0 0], L_0x56515f4dfe20, L_0x7fa17a2467f8;
L_0x56515f4e0cf0 .part L_0x56515f4e0af0, 1, 1;
L_0x56515f4e0b90 .array/port v0x56515f4b9aa0, L_0x56515f4e0c30;
L_0x56515f4e0c30 .concat [ 5 2 0 0], L_0x56515f4dfe20, L_0x7fa17a246840;
L_0x56515f4e0de0 .cmp/eq 23, L_0x56515f4e0b90, L_0x56515f4e01e0;
L_0x56515f4e1250 .array/port v0x56515f4b9ce0, L_0x56515f4e0f50;
L_0x56515f4e0f50 .concat [ 5 2 0 0], L_0x56515f4dfe20, L_0x7fa17a246888;
L_0x56515f4e1480 .part L_0x56515f4e1250, 2, 1;
L_0x56515f4e12f0 .array/port v0x56515f4b9b60, L_0x56515f4e1390;
L_0x56515f4e1390 .concat [ 5 2 0 0], L_0x56515f4dfe20, L_0x7fa17a2468d0;
L_0x56515f4e1720 .cmp/eq 23, L_0x56515f4e12f0, L_0x56515f4e01e0;
L_0x56515f4e1960 .array/port v0x56515f4b9ce0, L_0x56515f4e1520;
L_0x56515f4e1520 .concat [ 5 2 0 0], L_0x56515f4dfe20, L_0x7fa17a246918;
L_0x56515f4e1ee0 .part L_0x56515f4e1960, 3, 1;
L_0x56515f4e1a00 .array/port v0x56515f4b9c20, L_0x56515f4e1aa0;
L_0x56515f4e1aa0 .concat [ 5 2 0 0], L_0x56515f4dfe20, L_0x7fa17a246960;
L_0x56515f4e21b0 .cmp/eq 23, L_0x56515f4e1a00, L_0x56515f4e01e0;
L_0x56515f4e2710 .functor MUXZ 2, L_0x7fa17a246a80, L_0x7fa17a246a38, L_0x56515f4e10d0, C4<>;
L_0x56515f4e2020 .functor MUXZ 2, L_0x56515f4e2710, L_0x7fa17a2469f0, L_0x56515f4e18a0, C4<>;
L_0x56515f4e29a0 .functor MUXZ 2, L_0x56515f4e2020, L_0x7fa17a2469a8, L_0x56515f4e22a0, C4<>;
L_0x56515f4e2ce0 .reduce/nor L_0x56515f4e23b0;
L_0x56515f4e2e20 .array/port v0x56515f4b5bb0, L_0x56515f4e3360;
L_0x56515f4e2a40 .concat [ 5 5 0 0], L_0x56515f4dfe20, L_0x7fa17a246ac8;
L_0x56515f4e2b30 .concat [ 10 2 0 0], L_0x56515f4e2a40, L_0x7fa17a246b10;
L_0x56515f4e3130 .arith/mult 12, L_0x56515f4e2b30, L_0x7fa17a246b58;
L_0x56515f4e3270 .concat [ 2 2 0 0], L_0x56515f4dd840, L_0x7fa17a246ba0;
L_0x56515f4e2f10 .concat [ 12 1 0 0], L_0x56515f4e3130, L_0x7fa17a246be8;
L_0x56515f4e3540 .concat [ 4 9 0 0], L_0x56515f4e3270, L_0x7fa17a246c30;
L_0x56515f4e3360 .arith/sum 13, L_0x56515f4e2f10, L_0x56515f4e3540;
L_0x56515f4e2c20 .array/port v0x56515f4b5c70, L_0x56515f4e4080;
L_0x56515f4e35e0 .concat [ 5 5 0 0], L_0x56515f4dfe20, L_0x7fa17a246c78;
L_0x56515f4e36d0 .concat [ 10 2 0 0], L_0x56515f4e35e0, L_0x7fa17a246cc0;
L_0x56515f4e3bd0 .arith/mult 12, L_0x56515f4e36d0, L_0x7fa17a246d08;
L_0x56515f4e3d10 .concat [ 2 2 0 0], L_0x56515f4dd840, L_0x7fa17a246d50;
L_0x56515f4e3970 .concat [ 12 1 0 0], L_0x56515f4e3bd0, L_0x7fa17a246d98;
L_0x56515f4e3ab0 .concat [ 4 9 0 0], L_0x56515f4e3d10, L_0x7fa17a246de0;
L_0x56515f4e4080 .arith/sum 13, L_0x56515f4e3970, L_0x56515f4e3ab0;
L_0x56515f4e42d0 .array/port v0x56515f4b5d30, L_0x56515f4e4ab0;
L_0x56515f4e3db0 .concat [ 5 5 0 0], L_0x56515f4dfe20, L_0x7fa17a246e28;
L_0x56515f4e3ea0 .concat [ 10 2 0 0], L_0x56515f4e3db0, L_0x7fa17a246e70;
L_0x56515f4e4610 .arith/mult 12, L_0x56515f4e3ea0, L_0x7fa17a246eb8;
L_0x56515f4e4700 .concat [ 2 2 0 0], L_0x56515f4dd840, L_0x7fa17a246f00;
L_0x56515f4e43c0 .concat [ 12 1 0 0], L_0x56515f4e4610, L_0x7fa17a246f48;
L_0x56515f4e4500 .concat [ 4 9 0 0], L_0x56515f4e4700, L_0x7fa17a246f90;
L_0x56515f4e4ab0 .arith/sum 13, L_0x56515f4e43c0, L_0x56515f4e4500;
L_0x56515f4e38c0 .array/port v0x56515f4b5df0, L_0x56515f4e5530;
L_0x56515f4e47a0 .concat [ 5 5 0 0], L_0x56515f4dfe20, L_0x7fa17a246fd8;
L_0x56515f4e4890 .concat [ 10 2 0 0], L_0x56515f4e47a0, L_0x7fa17a247020;
L_0x56515f4e50a0 .arith/mult 12, L_0x56515f4e4890, L_0x7fa17a247068;
L_0x56515f4e5190 .concat [ 2 2 0 0], L_0x56515f4dd840, L_0x7fa17a2470b0;
L_0x56515f4e4e10 .concat [ 12 1 0 0], L_0x56515f4e50a0, L_0x7fa17a2470f8;
L_0x56515f4e4f50 .concat [ 4 9 0 0], L_0x56515f4e5190, L_0x7fa17a247140;
L_0x56515f4e5530 .arith/sum 13, L_0x56515f4e4e10, L_0x56515f4e4f50;
L_0x56515f4e5780 .part L_0x7fa17a2478d8, 3, 1;
L_0x56515f4e5230 .part v0x56515f4b5ad0_0, 24, 8;
L_0x56515f4e52d0 .functor MUXZ 8, L_0x7fa17a247188, L_0x56515f4e5230, L_0x56515f4e5780, C4<>;
L_0x56515f4e5460 .part L_0x7fa17a2478d8, 2, 1;
L_0x56515f4e5b90 .part v0x56515f4b5ad0_0, 16, 8;
L_0x56515f4e5820 .functor MUXZ 8, L_0x7fa17a2471d0, L_0x56515f4e5b90, L_0x56515f4e5460, C4<>;
L_0x56515f4e59b0 .part L_0x7fa17a2478d8, 1, 1;
L_0x56515f4e5a50 .part v0x56515f4b5ad0_0, 8, 8;
L_0x56515f4e5fc0 .functor MUXZ 8, L_0x7fa17a247218, L_0x56515f4e5a50, L_0x56515f4e59b0, C4<>;
L_0x56515f4e5d20 .part L_0x7fa17a2478d8, 0, 1;
L_0x56515f4e5e50 .part v0x56515f4b5ad0_0, 0, 8;
L_0x56515f4e63c0 .functor MUXZ 8, L_0x7fa17a247260, L_0x56515f4e5e50, L_0x56515f4e5d20, C4<>;
L_0x56515f4e64b0 .concat [ 8 8 8 8], L_0x56515f4e63c0, L_0x56515f4e5fc0, L_0x56515f4e5820, L_0x56515f4e52d0;
L_0x56515f4e6060 .part L_0x7fa17a2478d8, 3, 1;
L_0x56515f4e6100 .part L_0x7fa17a247920, 24, 8;
L_0x56515f4e61a0 .part v0x56515f4b5ad0_0, 24, 8;
L_0x56515f4e6240 .functor MUXZ 8, L_0x56515f4e61a0, L_0x56515f4e6100, L_0x56515f4e6060, C4<>;
L_0x56515f4e6a70 .part L_0x7fa17a2478d8, 2, 1;
L_0x56515f4e6b10 .part L_0x7fa17a247920, 16, 8;
L_0x56515f4e6690 .part v0x56515f4b5ad0_0, 16, 8;
L_0x56515f4e6730 .functor MUXZ 8, L_0x56515f4e6690, L_0x56515f4e6b10, L_0x56515f4e6a70, C4<>;
L_0x56515f4e68c0 .part L_0x7fa17a2478d8, 1, 1;
L_0x56515f4e6960 .part L_0x7fa17a247920, 8, 8;
L_0x56515f4e6fc0 .part v0x56515f4b5ad0_0, 8, 8;
L_0x56515f4e7060 .functor MUXZ 8, L_0x56515f4e6fc0, L_0x56515f4e6960, L_0x56515f4e68c0, C4<>;
L_0x56515f4e6cf0 .part L_0x7fa17a2478d8, 0, 1;
L_0x56515f4e6d90 .part L_0x7fa17a247920, 0, 8;
L_0x56515f4e6e30 .part v0x56515f4b5ad0_0, 0, 8;
L_0x56515f4e6ed0 .functor MUXZ 8, L_0x56515f4e6e30, L_0x56515f4e6d90, L_0x56515f4e6cf0, C4<>;
L_0x56515f4e7150 .concat [ 8 8 8 8], L_0x56515f4e6ed0, L_0x56515f4e7060, L_0x56515f4e6730, L_0x56515f4e6240;
L_0x56515f4e7330 .concat [ 4 5 23 0], v0x56515f4af8a0_0, v0x56515f4b7d20_0, v0x56515f4b7ec0_0;
L_0x56515f4e73d0 .concat [ 2 2 5 23], L_0x7fa17a2472a8, v0x56515f4b83e0_0, v0x56515f4b7d20_0, v0x56515f4b7ec0_0;
L_0x56515f4e7ae0 .concat [ 5 23 0 0], v0x56515f4b7d20_0, v0x56515f4b7ec0_0;
L_0x56515f4e75f0 .arith/sum 28, L_0x56515f4e7ae0, L_0x7fa17a2472f0;
L_0x56515f4e77d0 .concat [ 4 28 0 0], L_0x7fa17a247338, L_0x56515f4e75f0;
L_0x56515f4e7910 .part L_0x56515f4e77d0, 9, 23;
L_0x56515f4e7ff0 .part L_0x56515f4e77d0, 4, 5;
L_0x56515f4e7b80 .array/port v0x56515f4b9ce0, L_0x56515f4e7c50;
L_0x56515f4e7c50 .concat [ 5 2 0 0], L_0x56515f4e7ff0, L_0x7fa17a247380;
L_0x56515f4e7de0 .part L_0x56515f4e7b80, 0, 1;
L_0x56515f4e7ed0 .array/port v0x56515f4b99e0, L_0x56515f4e84e0;
L_0x56515f4e84e0 .concat [ 5 2 0 0], L_0x56515f4e7ff0, L_0x7fa17a2473c8;
L_0x56515f4e8620 .cmp/eq 23, L_0x56515f4e7ed0, L_0x56515f4e7910;
L_0x56515f4e8200 .array/port v0x56515f4b9ce0, L_0x56515f4e82a0;
L_0x56515f4e82a0 .concat [ 5 2 0 0], L_0x56515f4e7ff0, L_0x7fa17a247410;
L_0x56515f4e8390 .part L_0x56515f4e8200, 1, 1;
L_0x56515f4e4d00 .array/port v0x56515f4b9aa0, L_0x56515f4e8be0;
L_0x56515f4e8be0 .concat [ 5 2 0 0], L_0x56515f4e7ff0, L_0x7fa17a247458;
L_0x56515f4e8cd0 .cmp/eq 23, L_0x56515f4e4d00, L_0x56515f4e7910;
L_0x56515f4e8870 .array/port v0x56515f4b9ce0, L_0x56515f4e8910;
L_0x56515f4e8910 .concat [ 5 2 0 0], L_0x56515f4e7ff0, L_0x7fa17a2474a0;
L_0x56515f4e8a50 .part L_0x56515f4e8870, 2, 1;
L_0x56515f4e8b40 .array/port v0x56515f4b9b60, L_0x56515f4e9270;
L_0x56515f4e9270 .concat [ 5 2 0 0], L_0x56515f4e7ff0, L_0x7fa17a2474e8;
L_0x56515f4e93b0 .cmp/eq 23, L_0x56515f4e8b40, L_0x56515f4e7910;
L_0x56515f4e8f60 .array/port v0x56515f4b9ce0, L_0x56515f4e9000;
L_0x56515f4e9000 .concat [ 5 2 0 0], L_0x56515f4e7ff0, L_0x7fa17a247530;
L_0x56515f4e8130 .part L_0x56515f4e8f60, 3, 1;
L_0x56515f4e9a50 .array/port v0x56515f4b9c20, L_0x56515f4e9530;
L_0x56515f4e9530 .concat [ 5 2 0 0], L_0x56515f4e7ff0, L_0x7fa17a247578;
L_0x56515f4e9670 .cmp/eq 23, L_0x56515f4e9a50, L_0x56515f4e7910;
L_0x56515f4e9fe0 .reduce/nor v0x56515f4b8080_0;
L_0x56515f4ea2e0 .cmp/eq 2, v0x56515f4b83e0_0, L_0x7fa17a2475c0;
L_0x56515f4e9c00 .reduce/nor L_0x56515f4ea0d0;
L_0x56515f4e9f10 .cmp/ne 2, v0x56515f4b9900_0, L_0x7fa17a247608;
L_0x56515f4ea9d0 .cmp/eq 2, v0x56515f4b9900_0, L_0x7fa17a247650;
L_0x56515f4eab10 .cmp/eq 2, v0x56515f4b9900_0, L_0x7fa17a247698;
L_0x56515f4ea3d0 .cmp/eq 2, v0x56515f4b9900_0, L_0x7fa17a2476e0;
L_0x56515f4ea470 .functor MUXZ 32, v0x56515f4968b0_0, L_0x56515f4e7330, L_0x56515f4ea3d0, C4<>;
L_0x56515f4ea5b0 .functor MUXZ 32, L_0x56515f4ea470, L_0x56515f4e73d0, L_0x56515f4eab10, C4<>;
L_0x56515f4ea740 .functor MUXZ 32, L_0x56515f4ea5b0, L_0x56515f4e7330, L_0x56515f4ea9d0, C4<>;
L_0x56515f4eb140 .cmp/eq 2, v0x56515f4b9900_0, L_0x7fa17a247728;
L_0x56515f4eb230 .cmp/eq 2, v0x56515f4b9900_0, L_0x7fa17a247770;
L_0x56515f4eae30 .cmp/gt 32, L_0x7fa17a2477b8, v0x56515f4ba500_0;
L_0x56515f4ead60 .cmp/eq 2, v0x56515f4b9900_0, L_0x7fa17a247800;
L_0x56515f4eb820 .functor MUXZ 32, v0x56515f4b8300_0, L_0x56515f4e7150, L_0x56515f4eb690, C4<>;
L_0x56515f4eb910 .functor MUXZ 32, L_0x7fa17a247848, v0x56515f4b9760_0, v0x56515f4b96a0_0, C4<>;
L_0x56515f4ebfc0 .functor MUXZ 32, L_0x56515f4eb910, L_0x56515f4e64b0, L_0x56515f4e23b0, C4<>;
S_0x56515f4a79f0 .scope function.vec4.s2, "choose_victim_way" "choose_victim_way" 5 51, 5 51 0, S_0x56515f4a6ed0;
 .timescale 0 0;
; Variable choose_victim_way is vec4 return value of scope S_0x56515f4a79f0
v0x56515f4a7cf0_0 .var "plru_bits", 2 0;
v0x56515f4a7dd0_0 .var "valid_bits", 3 0;
TD_hart_tb.dut.icache.choose_victim_way ;
    %load/vec4 v0x56515f4a7dd0_0;
    %parti/s 1, 0, 2;
    %nor/r;
    %flag_set/vec4 8;
    %jmp/0 T_2.19, 8;
    %pushi/vec4 0, 0, 2;
    %jmp/1 T_2.20, 8;
T_2.19 ; End of true expr.
    %load/vec4 v0x56515f4a7dd0_0;
    %parti/s 1, 1, 2;
    %nor/r;
    %flag_set/vec4 9;
    %jmp/0 T_2.21, 9;
    %pushi/vec4 1, 0, 2;
    %jmp/1 T_2.22, 9;
T_2.21 ; End of true expr.
    %load/vec4 v0x56515f4a7dd0_0;
    %parti/s 1, 2, 3;
    %nor/r;
    %flag_set/vec4 10;
    %jmp/0 T_2.23, 10;
    %pushi/vec4 2, 0, 2;
    %jmp/1 T_2.24, 10;
T_2.23 ; End of true expr.
    %load/vec4 v0x56515f4a7dd0_0;
    %parti/s 1, 3, 3;
    %nor/r;
    %flag_set/vec4 11;
    %jmp/0 T_2.25, 11;
    %pushi/vec4 3, 0, 2;
    %jmp/1 T_2.26, 11;
T_2.25 ; End of true expr.
    %load/vec4 v0x56515f4a7cf0_0;
    %parti/s 1, 2, 3;
    %nor/r;
    %flag_set/vec4 12;
    %jmp/0 T_2.27, 12;
    %load/vec4 v0x56515f4a7cf0_0;
    %parti/s 1, 1, 2;
    %flag_set/vec4 13;
    %jmp/0 T_2.29, 13;
    %pushi/vec4 1, 0, 2;
    %jmp/1 T_2.30, 13;
T_2.29 ; End of true expr.
    %pushi/vec4 0, 0, 2;
    %jmp/0 T_2.30, 13;
 ; End of false expr.
    %blend;
T_2.30;
    %jmp/1 T_2.28, 12;
T_2.27 ; End of true expr.
    %load/vec4 v0x56515f4a7cf0_0;
    %parti/s 1, 0, 2;
    %flag_set/vec4 13;
    %jmp/0 T_2.31, 13;
    %pushi/vec4 3, 0, 2;
    %jmp/1 T_2.32, 13;
T_2.31 ; End of true expr.
    %pushi/vec4 2, 0, 2;
    %jmp/0 T_2.32, 13;
 ; End of false expr.
    %blend;
T_2.32;
    %jmp/0 T_2.28, 12;
 ; End of false expr.
    %blend;
T_2.28;
    %jmp/0 T_2.26, 11;
 ; End of false expr.
    %blend;
T_2.26;
    %jmp/0 T_2.24, 10;
 ; End of false expr.
    %blend;
T_2.24;
    %jmp/0 T_2.22, 9;
 ; End of false expr.
    %blend;
T_2.22;
    %jmp/0 T_2.20, 8;
 ; End of false expr.
    %blend;
T_2.20;
    %ret/vec4 0, 0, 2;  Assign to choose_victim_way (store_vec4_to_lval)
    %end;
S_0x56515f4a7ec0 .scope function.vec4.s3, "update_plru" "update_plru" 5 64, 5 64 0, S_0x56515f4a6ed0;
 .timescale 0 0;
v0x56515f4a80c0_0 .var "accessed_way", 1 0;
v0x56515f4a81a0_0 .var "plru_bits", 2 0;
; Variable update_plru is vec4 return value of scope S_0x56515f4a7ec0
TD_hart_tb.dut.icache.update_plru ;
    %load/vec4 v0x56515f4a80c0_0;
    %dup/vec4;
    %pushi/vec4 0, 0, 2;
    %cmp/u;
    %jmp/1 T_3.33, 6;
    %dup/vec4;
    %pushi/vec4 1, 0, 2;
    %cmp/u;
    %jmp/1 T_3.34, 6;
    %dup/vec4;
    %pushi/vec4 2, 0, 2;
    %cmp/u;
    %jmp/1 T_3.35, 6;
    %pushi/vec4 0, 0, 1;
    %load/vec4 v0x56515f4a81a0_0;
    %parti/s 1, 1, 2;
    %concat/vec4; draw_concat_vec4
    %concati/vec4 0, 0, 1;
    %ret/vec4 0, 0, 3;  Assign to update_plru (store_vec4_to_lval)
    %jmp T_3.37;
T_3.33 ;
    %pushi/vec4 1, 0, 1;
    %concati/vec4 1, 0, 1;
    %load/vec4 v0x56515f4a81a0_0;
    %parti/s 1, 0, 2;
    %concat/vec4; draw_concat_vec4
    %ret/vec4 0, 0, 3;  Assign to update_plru (store_vec4_to_lval)
    %jmp T_3.37;
T_3.34 ;
    %pushi/vec4 1, 0, 1;
    %concati/vec4 0, 0, 1;
    %load/vec4 v0x56515f4a81a0_0;
    %parti/s 1, 0, 2;
    %concat/vec4; draw_concat_vec4
    %ret/vec4 0, 0, 3;  Assign to update_plru (store_vec4_to_lval)
    %jmp T_3.37;
T_3.35 ;
    %pushi/vec4 0, 0, 1;
    %load/vec4 v0x56515f4a81a0_0;
    %parti/s 1, 1, 2;
    %concat/vec4; draw_concat_vec4
    %concati/vec4 1, 0, 1;
    %ret/vec4 0, 0, 3;  Assign to update_plru (store_vec4_to_lval)
    %jmp T_3.37;
T_3.37 ;
    %pop/vec4 1;
    %end;
S_0x56515f4c48a0 .scope module, "imem" "memory" 2 35, 3 8 0, S_0x56515f42a4b0;
 .timescale 0 0;
    .port_info 0 /INPUT 1 "i_clk";
    .port_info 1 /INPUT 1 "i_rst";
    .port_info 2 /OUTPUT 1 "o_ready";
    .port_info 3 /INPUT 32 "i_addr";
    .port_info 4 /INPUT 1 "i_ren";
    .port_info 5 /INPUT 1 "i_wen";
    .port_info 6 /INPUT 4 "i_mask";
    .port_info 7 /INPUT 32 "i_wdata";
    .port_info 8 /OUTPUT 1 "o_valid";
    .port_info 9 /OUTPUT 32 "o_addr";
    .port_info 10 /OUTPUT 1 "o_wdone";
    .port_info 11 /OUTPUT 32 "o_rdata";
P_0x56515f29c790 .param/l "INTERVAL" 0 3 14, +C4<00000000000000000000000000000010>;
P_0x56515f29c7d0 .param/l "LATENCY" 0 3 12, +C4<00000000000000000000000000000100>;
P_0x56515f29c810 .param/l "SIZE" 0 3 10, +C4<00000000000000000000010000000000>;
L_0x56515f3830e0 .functor NOT 1, v0x56515f4c9b20_0, C4<0>, C4<0>, C4<0>;
L_0x56515f2b0c50 .functor AND 1, L_0x56515f3830e0, L_0x56515f4da2c0, C4<1>, C4<1>;
v0x56515f4c6520_2 .array/port v0x56515f4c6520, 2;
L_0x56515f2a26a0 .functor BUFZ 32, v0x56515f4c6520_2, C4<00000000000000000000000000000000>, C4<00000000000000000000000000000000>, C4<00000000000000000000000000000000>;
v0x56515f4c6d60_2 .array/port v0x56515f4c6d60, 2;
L_0x56515f2137a0 .functor BUFZ 4, v0x56515f4c6d60_2, C4<0000>, C4<0000>, C4<0000>;
v0x56515f4c7c50_2 .array/port v0x56515f4c7c50, 2;
L_0x56515f1f1000 .functor BUFZ 32, v0x56515f4c7c50_2, C4<00000000000000000000000000000000>, C4<00000000000000000000000000000000>, C4<00000000000000000000000000000000>;
v0x56515f4c6520_3 .array/port v0x56515f4c6520, 3;
L_0x56515f1919f0 .functor BUFZ 32, v0x56515f4c6520_3, C4<00000000000000000000000000000000>, C4<00000000000000000000000000000000>, C4<00000000000000000000000000000000>;
v0x56515f4c7630_3 .array/port v0x56515f4c7630, 3;
L_0x56515f189b70 .functor BUFZ 1, v0x56515f4c7630_3, C4<0>, C4<0>, C4<0>;
v0x56515f4c7e50_2 .array/port v0x56515f4c7e50, 2;
L_0x56515f4db300 .functor BUFZ 1, v0x56515f4c7e50_2, C4<0>, C4<0>, C4<0>;
L_0x56515f4db370 .functor BUFZ 32, L_0x56515f4db0c0, C4<00000000000000000000000000000000>, C4<00000000000000000000000000000000>, C4<00000000000000000000000000000000>;
L_0x56515f4db450 .functor BUFZ 32, L_0x56515f1919f0, C4<00000000000000000000000000000000>, C4<00000000000000000000000000000000>, C4<00000000000000000000000000000000>;
L_0x56515f4db4c0 .functor BUFZ 1, L_0x56515f189b70, C4<0>, C4<0>, C4<0>;
L_0x56515f4db3e0 .functor BUFZ 1, L_0x56515f4db300, C4<0>, C4<0>, C4<0>;
L_0x56515f4db600 .functor BUFZ 1, L_0x56515f2b0c50, C4<0>, C4<0>, C4<0>;
v0x56515f4c5600_0 .net *"_ivl_0", 0 0, L_0x56515f3830e0;  1 drivers
v0x56515f4c56e0_0 .net *"_ivl_2", 31 0, L_0x56515f4ca0e0;  1 drivers
v0x56515f4c57c0_0 .net *"_ivl_32", 7 0, L_0x56515f4da760;  1 drivers
L_0x7fa17a2460a8 .functor BUFT 1, C4<00000000000000000000000000000011>, C4<0>, C4<0>, C4<0>;
v0x56515f4c58b0_0 .net/2u *"_ivl_34", 31 0, L_0x7fa17a2460a8;  1 drivers
v0x56515f4c5990_0 .net *"_ivl_36", 31 0, L_0x56515f4da890;  1 drivers
v0x56515f4c5ac0_0 .net *"_ivl_38", 7 0, L_0x56515f4daa00;  1 drivers
L_0x7fa17a2460f0 .functor BUFT 1, C4<00000000000000000000000000000010>, C4<0>, C4<0>, C4<0>;
v0x56515f4c5ba0_0 .net/2u *"_ivl_40", 31 0, L_0x7fa17a2460f0;  1 drivers
v0x56515f4c5c80_0 .net *"_ivl_42", 31 0, L_0x56515f4daad0;  1 drivers
v0x56515f4c5d60_0 .net *"_ivl_44", 7 0, L_0x56515f4dac00;  1 drivers
L_0x7fa17a246138 .functor BUFT 1, C4<00000000000000000000000000000001>, C4<0>, C4<0>, C4<0>;
v0x56515f4c5e40_0 .net/2u *"_ivl_46", 31 0, L_0x7fa17a246138;  1 drivers
v0x56515f4c5f20_0 .net *"_ivl_48", 31 0, L_0x56515f4dacf0;  1 drivers
L_0x7fa17a246018 .functor BUFT 1, C4<0000000000000000000000000000000>, C4<0>, C4<0>, C4<0>;
v0x56515f4c6000_0 .net *"_ivl_5", 30 0, L_0x7fa17a246018;  1 drivers
v0x56515f4c60e0_0 .net *"_ivl_50", 7 0, L_0x56515f4dae80;  1 drivers
L_0x7fa17a246180 .functor BUFT 1, C4<00000000000000000000000000000000>, C4<0>, C4<0>, C4<0>;
v0x56515f4c61c0_0 .net/2u *"_ivl_52", 31 0, L_0x7fa17a246180;  1 drivers
v0x56515f4c62a0_0 .net *"_ivl_54", 31 0, L_0x56515f4daf20;  1 drivers
L_0x7fa17a246060 .functor BUFT 1, C4<00000000000000000000000000000000>, C4<0>, C4<0>, C4<0>;
v0x56515f4c6380_0 .net/2u *"_ivl_6", 31 0, L_0x7fa17a246060;  1 drivers
v0x56515f4c6460_0 .net *"_ivl_8", 0 0, L_0x56515f4da2c0;  1 drivers
v0x56515f4c6520 .array "addrs", 3 0, 31 0;
v0x56515f4c6660_0 .net "i_addr", 31 0, L_0x56515f4fb290;  alias, 1 drivers
v0x56515f4c6750_0 .net "i_clk", 0 0, v0x56515f4c80f0_0;  alias, 1 drivers
L_0x7fa17a246210 .functor BUFT 1, C4<1111>, C4<0>, C4<0>, C4<0>;
v0x56515f4c67f0_0 .net "i_mask", 3 0, L_0x7fa17a246210;  1 drivers
v0x56515f4c68b0_0 .net "i_ren", 0 0, L_0x56515f4fb300;  alias, 1 drivers
v0x56515f4c6980_0 .net "i_rst", 0 0, v0x56515f4c9b20_0;  alias, 1 drivers
L_0x7fa17a246258 .functor BUFT 1, C4<xxxxxxxxxxxxxxxxxxxxxxxxxxxxxxxx>, C4<0>, C4<0>, C4<0>;
v0x56515f4c6a20_0 .net "i_wdata", 31 0, L_0x7fa17a246258;  1 drivers
L_0x7fa17a2461c8 .functor BUFT 1, C4<0>, C4<0>, C4<0>, C4<0>;
v0x56515f4c6ae0_0 .net "i_wen", 0 0, L_0x7fa17a2461c8;  1 drivers
v0x56515f4c6ba0_0 .var "interval_counter", 0 0;
v0x56515f4c6c80_0 .net "mask", 3 0, L_0x56515f2137a0;  1 drivers
v0x56515f4c6d60 .array "masks", 3 0, 3 0;
v0x56515f4c6ed0 .array "mem", 1023 0, 7 0;
v0x56515f4c6f90_0 .net "o_addr", 31 0, L_0x56515f4db450;  1 drivers
v0x56515f4c7070_0 .net "o_rdata", 31 0, L_0x56515f4db370;  alias, 1 drivers
v0x56515f4c7130_0 .net "o_ready", 0 0, L_0x56515f4db600;  alias, 1 drivers
v0x56515f4c7220_0 .net "o_valid", 0 0, L_0x56515f4db4c0;  alias, 1 drivers
v0x56515f4c7310_0 .net "o_wdone", 0 0, L_0x56515f4db3e0;  1 drivers
v0x56515f4c73d0_0 .net "raddr", 31 0, v0x56515f4c6520_3;  1 drivers
v0x56515f4c74b0_0 .net "ready", 0 0, L_0x56515f2b0c50;  1 drivers
v0x56515f4c7570_0 .net "ren", 0 0, v0x56515f4c7630_3;  1 drivers
v0x56515f4c7630 .array "rens", 3 0, 0 0;
v0x56515f4c7750_0 .net "res_addr", 31 0, L_0x56515f1919f0;  1 drivers
v0x56515f4c7830_0 .net "res_rdata", 31 0, L_0x56515f4db0c0;  1 drivers
v0x56515f4c7910_0 .net "res_valid", 0 0, L_0x56515f189b70;  1 drivers
v0x56515f4c79d0_0 .net "res_wdone", 0 0, L_0x56515f4db300;  1 drivers
v0x56515f4c7a90_0 .net "waddr", 31 0, L_0x56515f2a26a0;  1 drivers
v0x56515f4c7b70_0 .net "wdata", 31 0, L_0x56515f1f1000;  1 drivers
v0x56515f4c7c50 .array "wdatas", 3 0, 31 0;
v0x56515f4c7d90_0 .net "wen", 0 0, v0x56515f4c7e50_2;  1 drivers
v0x56515f4c7e50 .array "wens", 3 0, 0 0;
L_0x56515f4ca0e0 .concat [ 1 31 0 0], v0x56515f4c6ba0_0, L_0x7fa17a246018;
L_0x56515f4da2c0 .cmp/eq 32, L_0x56515f4ca0e0, L_0x7fa17a246060;
L_0x56515f4da760 .array/port v0x56515f4c6ed0, L_0x56515f4da890;
L_0x56515f4da890 .arith/sum 32, v0x56515f4c6520_3, L_0x7fa17a2460a8;
L_0x56515f4daa00 .array/port v0x56515f4c6ed0, L_0x56515f4daad0;
L_0x56515f4daad0 .arith/sum 32, v0x56515f4c6520_3, L_0x7fa17a2460f0;
L_0x56515f4dac00 .array/port v0x56515f4c6ed0, L_0x56515f4dacf0;
L_0x56515f4dacf0 .arith/sum 32, v0x56515f4c6520_3, L_0x7fa17a246138;
L_0x56515f4dae80 .array/port v0x56515f4c6ed0, L_0x56515f4daf20;
L_0x56515f4daf20 .arith/sum 32, v0x56515f4c6520_3, L_0x7fa17a246180;
L_0x56515f4db0c0 .concat [ 8 8 8 8], L_0x56515f4dae80, L_0x56515f4dac00, L_0x56515f4daa00, L_0x56515f4da760;
S_0x56515f4c4d90 .scope generate, "genblk1[1]" "genblk1[1]" 3 102, 3 102 0, S_0x56515f4c48a0;
 .timescale 0 0;
P_0x56515f4c4f90 .param/l "i" 1 3 102, +C4<01>;
S_0x56515f4c5070 .scope generate, "genblk1[2]" "genblk1[2]" 3 102, 3 102 0, S_0x56515f4c48a0;
 .timescale 0 0;
P_0x56515f4c5270 .param/l "i" 1 3 102, +C4<010>;
S_0x56515f4c5330 .scope generate, "genblk1[3]" "genblk1[3]" 3 102, 3 102 0, S_0x56515f4c48a0;
 .timescale 0 0;
P_0x56515f4c5540 .param/l "i" 1 3 102, +C4<011>;
    .scope S_0x56515f4c4d90;
T_4 ;
    %wait E_0x56515f183e60;
    %load/vec4 v0x56515f4c6980_0;
    %flag_set/vec4 8;
    %jmp/0xz  T_4.0, 8;
    %pushi/vec4 0, 0, 1;
    %ix/load 3, 1, 0;
    %flag_set/imm 4, 0;
    %ix/load 4, 0, 0; Constant delay
    %assign/vec4/a/d v0x56515f4c7630, 0, 4;
    %pushi/vec4 0, 0, 1;
    %ix/load 3, 1, 0;
    %flag_set/imm 4, 0;
    %ix/load 4, 0, 0; Constant delay
    %assign/vec4/a/d v0x56515f4c7e50, 0, 4;
    %jmp T_4.1;
T_4.0 ;
    %ix/load 4, 0, 0;
    %flag_set/imm 4, 0;
    %load/vec4a v0x56515f4c6520, 4;
    %ix/load 3, 1, 0;
    %flag_set/imm 4, 0;
    %ix/load 4, 0, 0; Constant delay
    %assign/vec4/a/d v0x56515f4c6520, 0, 4;
    %ix/load 4, 0, 0;
    %flag_set/imm 4, 0;
    %load/vec4a v0x56515f4c7630, 4;
    %ix/load 3, 1, 0;
    %flag_set/imm 4, 0;
    %ix/load 4, 0, 0; Constant delay
    %assign/vec4/a/d v0x56515f4c7630, 0, 4;
    %ix/load 4, 0, 0;
    %flag_set/imm 4, 0;
    %load/vec4a v0x56515f4c7e50, 4;
    %ix/load 3, 1, 0;
    %flag_set/imm 4, 0;
    %ix/load 4, 0, 0; Constant delay
    %assign/vec4/a/d v0x56515f4c7e50, 0, 4;
    %ix/load 4, 0, 0;
    %flag_set/imm 4, 0;
    %load/vec4a v0x56515f4c6d60, 4;
    %ix/load 3, 1, 0;
    %flag_set/imm 4, 0;
    %ix/load 4, 0, 0; Constant delay
    %assign/vec4/a/d v0x56515f4c6d60, 0, 4;
    %ix/load 4, 0, 0;
    %flag_set/imm 4, 0;
    %load/vec4a v0x56515f4c7c50, 4;
    %ix/load 3, 1, 0;
    %flag_set/imm 4, 0;
    %ix/load 4, 0, 0; Constant delay
    %assign/vec4/a/d v0x56515f4c7c50, 0, 4;
T_4.1 ;
    %jmp T_4;
    .thread T_4;
    .scope S_0x56515f4c5070;
T_5 ;
    %wait E_0x56515f183e60;
    %load/vec4 v0x56515f4c6980_0;
    %flag_set/vec4 8;
    %jmp/0xz  T_5.0, 8;
    %pushi/vec4 0, 0, 1;
    %ix/load 3, 2, 0;
    %flag_set/imm 4, 0;
    %ix/load 4, 0, 0; Constant delay
    %assign/vec4/a/d v0x56515f4c7630, 0, 4;
    %pushi/vec4 0, 0, 1;
    %ix/load 3, 2, 0;
    %flag_set/imm 4, 0;
    %ix/load 4, 0, 0; Constant delay
    %assign/vec4/a/d v0x56515f4c7e50, 0, 4;
    %jmp T_5.1;
T_5.0 ;
    %ix/load 4, 1, 0;
    %flag_set/imm 4, 0;
    %load/vec4a v0x56515f4c6520, 4;
    %ix/load 3, 2, 0;
    %flag_set/imm 4, 0;
    %ix/load 4, 0, 0; Constant delay
    %assign/vec4/a/d v0x56515f4c6520, 0, 4;
    %ix/load 4, 1, 0;
    %flag_set/imm 4, 0;
    %load/vec4a v0x56515f4c7630, 4;
    %ix/load 3, 2, 0;
    %flag_set/imm 4, 0;
    %ix/load 4, 0, 0; Constant delay
    %assign/vec4/a/d v0x56515f4c7630, 0, 4;
    %ix/load 4, 1, 0;
    %flag_set/imm 4, 0;
    %load/vec4a v0x56515f4c7e50, 4;
    %ix/load 3, 2, 0;
    %flag_set/imm 4, 0;
    %ix/load 4, 0, 0; Constant delay
    %assign/vec4/a/d v0x56515f4c7e50, 0, 4;
    %ix/load 4, 1, 0;
    %flag_set/imm 4, 0;
    %load/vec4a v0x56515f4c6d60, 4;
    %ix/load 3, 2, 0;
    %flag_set/imm 4, 0;
    %ix/load 4, 0, 0; Constant delay
    %assign/vec4/a/d v0x56515f4c6d60, 0, 4;
    %ix/load 4, 1, 0;
    %flag_set/imm 4, 0;
    %load/vec4a v0x56515f4c7c50, 4;
    %ix/load 3, 2, 0;
    %flag_set/imm 4, 0;
    %ix/load 4, 0, 0; Constant delay
    %assign/vec4/a/d v0x56515f4c7c50, 0, 4;
T_5.1 ;
    %jmp T_5;
    .thread T_5;
    .scope S_0x56515f4c5330;
T_6 ;
    %wait E_0x56515f183e60;
    %load/vec4 v0x56515f4c6980_0;
    %flag_set/vec4 8;
    %jmp/0xz  T_6.0, 8;
    %pushi/vec4 0, 0, 1;
    %ix/load 3, 3, 0;
    %flag_set/imm 4, 0;
    %ix/load 4, 0, 0; Constant delay
    %assign/vec4/a/d v0x56515f4c7630, 0, 4;
    %pushi/vec4 0, 0, 1;
    %ix/load 3, 3, 0;
    %flag_set/imm 4, 0;
    %ix/load 4, 0, 0; Constant delay
    %assign/vec4/a/d v0x56515f4c7e50, 0, 4;
    %jmp T_6.1;
T_6.0 ;
    %ix/load 4, 2, 0;
    %flag_set/imm 4, 0;
    %load/vec4a v0x56515f4c6520, 4;
    %ix/load 3, 3, 0;
    %flag_set/imm 4, 0;
    %ix/load 4, 0, 0; Constant delay
    %assign/vec4/a/d v0x56515f4c6520, 0, 4;
    %ix/load 4, 2, 0;
    %flag_set/imm 4, 0;
    %load/vec4a v0x56515f4c7630, 4;
    %ix/load 3, 3, 0;
    %flag_set/imm 4, 0;
    %ix/load 4, 0, 0; Constant delay
    %assign/vec4/a/d v0x56515f4c7630, 0, 4;
    %ix/load 4, 2, 0;
    %flag_set/imm 4, 0;
    %load/vec4a v0x56515f4c7e50, 4;
    %ix/load 3, 3, 0;
    %flag_set/imm 4, 0;
    %ix/load 4, 0, 0; Constant delay
    %assign/vec4/a/d v0x56515f4c7e50, 0, 4;
    %ix/load 4, 2, 0;
    %flag_set/imm 4, 0;
    %load/vec4a v0x56515f4c6d60, 4;
    %ix/load 3, 3, 0;
    %flag_set/imm 4, 0;
    %ix/load 4, 0, 0; Constant delay
    %assign/vec4/a/d v0x56515f4c6d60, 0, 4;
    %ix/load 4, 2, 0;
    %flag_set/imm 4, 0;
    %load/vec4a v0x56515f4c7c50, 4;
    %ix/load 3, 3, 0;
    %flag_set/imm 4, 0;
    %ix/load 4, 0, 0; Constant delay
    %assign/vec4/a/d v0x56515f4c7c50, 0, 4;
T_6.1 ;
    %jmp T_6;
    .thread T_6;
    .scope S_0x56515f4c48a0;
T_7 ;
    %wait E_0x56515f183e60;
    %load/vec4 v0x56515f4c6980_0;
    %flag_set/vec4 8;
    %jmp/0xz  T_7.0, 8;
    %pushi/vec4 0, 0, 1;
    %assign/vec4 v0x56515f4c6ba0_0, 0;
    %jmp T_7.1;
T_7.0 ;
    %load/vec4 v0x56515f4c6ba0_0;
    %pad/u 32;
    %cmpi/e 1, 0, 32;
    %jmp/0xz  T_7.2, 4;
    %pushi/vec4 0, 0, 1;
    %assign/vec4 v0x56515f4c6ba0_0, 0;
    %jmp T_7.3;
T_7.2 ;
    %load/vec4 v0x56515f4c74b0_0;
    %nor/r;
    %load/vec4 v0x56515f4c68b0_0;
    %or;
    %load/vec4 v0x56515f4c6ae0_0;
    %or;
    %flag_set/vec4 8;
    %jmp/0xz  T_7.4, 8;
    %load/vec4 v0x56515f4c6ba0_0;
    %pad/u 2;
    %addi 1, 0, 2;
    %pad/u 1;
    %assign/vec4 v0x56515f4c6ba0_0, 0;
T_7.4 ;
T_7.3 ;
T_7.1 ;
    %jmp T_7;
    .thread T_7;
    .scope S_0x56515f4c48a0;
T_8 ;
    %wait E_0x56515f183e60;
    %load/vec4 v0x56515f4c6980_0;
    %flag_set/vec4 8;
    %jmp/0xz  T_8.0, 8;
    %pushi/vec4 0, 0, 1;
    %ix/load 3, 0, 0;
    %flag_set/imm 4, 0;
    %ix/load 4, 0, 0; Constant delay
    %assign/vec4/a/d v0x56515f4c7630, 0, 4;
    %pushi/vec4 0, 0, 1;
    %ix/load 3, 0, 0;
    %flag_set/imm 4, 0;
    %ix/load 4, 0, 0; Constant delay
    %assign/vec4/a/d v0x56515f4c7e50, 0, 4;
    %jmp T_8.1;
T_8.0 ;
    %load/vec4 v0x56515f4c6660_0;
    %ix/load 3, 0, 0;
    %flag_set/imm 4, 0;
    %ix/load 4, 0, 0; Constant delay
    %assign/vec4/a/d v0x56515f4c6520, 0, 4;
    %load/vec4 v0x56515f4c74b0_0;
    %load/vec4 v0x56515f4c68b0_0;
    %and;
    %ix/load 3, 0, 0;
    %flag_set/imm 4, 0;
    %ix/load 4, 0, 0; Constant delay
    %assign/vec4/a/d v0x56515f4c7630, 0, 4;
    %load/vec4 v0x56515f4c74b0_0;
    %load/vec4 v0x56515f4c6ae0_0;
    %and;
    %ix/load 3, 0, 0;
    %flag_set/imm 4, 0;
    %ix/load 4, 0, 0; Constant delay
    %assign/vec4/a/d v0x56515f4c7e50, 0, 4;
    %load/vec4 v0x56515f4c67f0_0;
    %ix/load 3, 0, 0;
    %flag_set/imm 4, 0;
    %ix/load 4, 0, 0; Constant delay
    %assign/vec4/a/d v0x56515f4c6d60, 0, 4;
    %load/vec4 v0x56515f4c6a20_0;
    %ix/load 3, 0, 0;
    %flag_set/imm 4, 0;
    %ix/load 4, 0, 0; Constant delay
    %assign/vec4/a/d v0x56515f4c7c50, 0, 4;
T_8.1 ;
    %jmp T_8;
    .thread T_8;
    .scope S_0x56515f4c48a0;
T_9 ;
    %wait E_0x56515f183e60;
    %load/vec4 v0x56515f4c7d90_0;
    %load/vec4 v0x56515f4c6c80_0;
    %parti/s 1, 0, 2;
    %and;
    %flag_set/vec4 8;
    %jmp/0xz  T_9.0, 8;
    %load/vec4 v0x56515f4c7b70_0;
    %parti/s 8, 0, 2;
    %load/vec4 v0x56515f4c7a90_0;
    %addi 0, 0, 32;
    %ix/vec4 3;
    %ix/load 4, 0, 0; Constant delay
    %assign/vec4/a/d v0x56515f4c6ed0, 0, 4;
T_9.0 ;
    %load/vec4 v0x56515f4c7d90_0;
    %load/vec4 v0x56515f4c6c80_0;
    %parti/s 1, 1, 2;
    %and;
    %flag_set/vec4 8;
    %jmp/0xz  T_9.2, 8;
    %load/vec4 v0x56515f4c7b70_0;
    %parti/s 8, 8, 5;
    %load/vec4 v0x56515f4c7a90_0;
    %addi 1, 0, 32;
    %ix/vec4 3;
    %ix/load 4, 0, 0; Constant delay
    %assign/vec4/a/d v0x56515f4c6ed0, 0, 4;
T_9.2 ;
    %load/vec4 v0x56515f4c7d90_0;
    %load/vec4 v0x56515f4c6c80_0;
    %parti/s 1, 2, 3;
    %and;
    %flag_set/vec4 8;
    %jmp/0xz  T_9.4, 8;
    %load/vec4 v0x56515f4c7b70_0;
    %parti/s 8, 16, 6;
    %load/vec4 v0x56515f4c7a90_0;
    %addi 2, 0, 32;
    %ix/vec4 3;
    %ix/load 4, 0, 0; Constant delay
    %assign/vec4/a/d v0x56515f4c6ed0, 0, 4;
T_9.4 ;
    %load/vec4 v0x56515f4c7d90_0;
    %load/vec4 v0x56515f4c6c80_0;
    %parti/s 1, 3, 3;
    %and;
    %flag_set/vec4 8;
    %jmp/0xz  T_9.6, 8;
    %load/vec4 v0x56515f4c7b70_0;
    %parti/s 8, 24, 6;
    %load/vec4 v0x56515f4c7a90_0;
    %addi 3, 0, 32;
    %ix/vec4 3;
    %ix/load 4, 0, 0; Constant delay
    %assign/vec4/a/d v0x56515f4c6ed0, 0, 4;
T_9.6 ;
    %jmp T_9;
    .thread T_9;
    .scope S_0x56515f2ac130;
T_10 ;
    %wait E_0x56515f183e60;
    %load/vec4 v0x56515f29b530_0;
    %flag_set/vec4 8;
    %jmp/0xz  T_10.0, 8;
    %pushi/vec4 0, 0, 1;
    %ix/load 3, 1, 0;
    %flag_set/imm 4, 0;
    %ix/load 4, 0, 0; Constant delay
    %assign/vec4/a/d v0x56515f3499d0, 0, 4;
    %pushi/vec4 0, 0, 1;
    %ix/load 3, 1, 0;
    %flag_set/imm 4, 0;
    %ix/load 4, 0, 0; Constant delay
    %assign/vec4/a/d v0x56515f35a050, 0, 4;
    %jmp T_10.1;
T_10.0 ;
    %ix/load 4, 0, 0;
    %flag_set/imm 4, 0;
    %load/vec4a v0x56515f29a6f0, 4;
    %ix/load 3, 1, 0;
    %flag_set/imm 4, 0;
    %ix/load 4, 0, 0; Constant delay
    %assign/vec4/a/d v0x56515f29a6f0, 0, 4;
    %ix/load 4, 0, 0;
    %flag_set/imm 4, 0;
    %load/vec4a v0x56515f3499d0, 4;
    %ix/load 3, 1, 0;
    %flag_set/imm 4, 0;
    %ix/load 4, 0, 0; Constant delay
    %assign/vec4/a/d v0x56515f3499d0, 0, 4;
    %ix/load 4, 0, 0;
    %flag_set/imm 4, 0;
    %load/vec4a v0x56515f35a050, 4;
    %ix/load 3, 1, 0;
    %flag_set/imm 4, 0;
    %ix/load 4, 0, 0; Constant delay
    %assign/vec4/a/d v0x56515f35a050, 0, 4;
    %ix/load 4, 0, 0;
    %flag_set/imm 4, 0;
    %load/vec4a v0x56515f327530, 4;
    %ix/load 3, 1, 0;
    %flag_set/imm 4, 0;
    %ix/load 4, 0, 0; Constant delay
    %assign/vec4/a/d v0x56515f327530, 0, 4;
    %ix/load 4, 0, 0;
    %flag_set/imm 4, 0;
    %load/vec4a v0x56515f34c4a0, 4;
    %ix/load 3, 1, 0;
    %flag_set/imm 4, 0;
    %ix/load 4, 0, 0; Constant delay
    %assign/vec4/a/d v0x56515f34c4a0, 0, 4;
T_10.1 ;
    %jmp T_10;
    .thread T_10;
    .scope S_0x56515f2ac850;
T_11 ;
    %wait E_0x56515f183e60;
    %load/vec4 v0x56515f29b530_0;
    %flag_set/vec4 8;
    %jmp/0xz  T_11.0, 8;
    %pushi/vec4 0, 0, 1;
    %ix/load 3, 2, 0;
    %flag_set/imm 4, 0;
    %ix/load 4, 0, 0; Constant delay
    %assign/vec4/a/d v0x56515f3499d0, 0, 4;
    %pushi/vec4 0, 0, 1;
    %ix/load 3, 2, 0;
    %flag_set/imm 4, 0;
    %ix/load 4, 0, 0; Constant delay
    %assign/vec4/a/d v0x56515f35a050, 0, 4;
    %jmp T_11.1;
T_11.0 ;
    %ix/load 4, 1, 0;
    %flag_set/imm 4, 0;
    %load/vec4a v0x56515f29a6f0, 4;
    %ix/load 3, 2, 0;
    %flag_set/imm 4, 0;
    %ix/load 4, 0, 0; Constant delay
    %assign/vec4/a/d v0x56515f29a6f0, 0, 4;
    %ix/load 4, 1, 0;
    %flag_set/imm 4, 0;
    %load/vec4a v0x56515f3499d0, 4;
    %ix/load 3, 2, 0;
    %flag_set/imm 4, 0;
    %ix/load 4, 0, 0; Constant delay
    %assign/vec4/a/d v0x56515f3499d0, 0, 4;
    %ix/load 4, 1, 0;
    %flag_set/imm 4, 0;
    %load/vec4a v0x56515f35a050, 4;
    %ix/load 3, 2, 0;
    %flag_set/imm 4, 0;
    %ix/load 4, 0, 0; Constant delay
    %assign/vec4/a/d v0x56515f35a050, 0, 4;
    %ix/load 4, 1, 0;
    %flag_set/imm 4, 0;
    %load/vec4a v0x56515f327530, 4;
    %ix/load 3, 2, 0;
    %flag_set/imm 4, 0;
    %ix/load 4, 0, 0; Constant delay
    %assign/vec4/a/d v0x56515f327530, 0, 4;
    %ix/load 4, 1, 0;
    %flag_set/imm 4, 0;
    %load/vec4a v0x56515f34c4a0, 4;
    %ix/load 3, 2, 0;
    %flag_set/imm 4, 0;
    %ix/load 4, 0, 0; Constant delay
    %assign/vec4/a/d v0x56515f34c4a0, 0, 4;
T_11.1 ;
    %jmp T_11;
    .thread T_11;
    .scope S_0x56515f2acbe0;
T_12 ;
    %wait E_0x56515f183e60;
    %load/vec4 v0x56515f29b530_0;
    %flag_set/vec4 8;
    %jmp/0xz  T_12.0, 8;
    %pushi/vec4 0, 0, 1;
    %ix/load 3, 3, 0;
    %flag_set/imm 4, 0;
    %ix/load 4, 0, 0; Constant delay
    %assign/vec4/a/d v0x56515f3499d0, 0, 4;
    %pushi/vec4 0, 0, 1;
    %ix/load 3, 3, 0;
    %flag_set/imm 4, 0;
    %ix/load 4, 0, 0; Constant delay
    %assign/vec4/a/d v0x56515f35a050, 0, 4;
    %jmp T_12.1;
T_12.0 ;
    %ix/load 4, 2, 0;
    %flag_set/imm 4, 0;
    %load/vec4a v0x56515f29a6f0, 4;
    %ix/load 3, 3, 0;
    %flag_set/imm 4, 0;
    %ix/load 4, 0, 0; Constant delay
    %assign/vec4/a/d v0x56515f29a6f0, 0, 4;
    %ix/load 4, 2, 0;
    %flag_set/imm 4, 0;
    %load/vec4a v0x56515f3499d0, 4;
    %ix/load 3, 3, 0;
    %flag_set/imm 4, 0;
    %ix/load 4, 0, 0; Constant delay
    %assign/vec4/a/d v0x56515f3499d0, 0, 4;
    %ix/load 4, 2, 0;
    %flag_set/imm 4, 0;
    %load/vec4a v0x56515f35a050, 4;
    %ix/load 3, 3, 0;
    %flag_set/imm 4, 0;
    %ix/load 4, 0, 0; Constant delay
    %assign/vec4/a/d v0x56515f35a050, 0, 4;
    %ix/load 4, 2, 0;
    %flag_set/imm 4, 0;
    %load/vec4a v0x56515f327530, 4;
    %ix/load 3, 3, 0;
    %flag_set/imm 4, 0;
    %ix/load 4, 0, 0; Constant delay
    %assign/vec4/a/d v0x56515f327530, 0, 4;
    %ix/load 4, 2, 0;
    %flag_set/imm 4, 0;
    %load/vec4a v0x56515f34c4a0, 4;
    %ix/load 3, 3, 0;
    %flag_set/imm 4, 0;
    %ix/load 4, 0, 0; Constant delay
    %assign/vec4/a/d v0x56515f34c4a0, 0, 4;
T_12.1 ;
    %jmp T_12;
    .thread T_12;
    .scope S_0x56515f258b60;
T_13 ;
    %wait E_0x56515f183e60;
    %load/vec4 v0x56515f29b530_0;
    %flag_set/vec4 8;
    %jmp/0xz  T_13.0, 8;
    %pushi/vec4 0, 0, 1;
    %assign/vec4 v0x56515f29b980_0, 0;
    %jmp T_13.1;
T_13.0 ;
    %load/vec4 v0x56515f29b980_0;
    %pad/u 32;
    %cmpi/e 1, 0, 32;
    %jmp/0xz  T_13.2, 4;
    %pushi/vec4 0, 0, 1;
    %assign/vec4 v0x56515f29b980_0, 0;
    %jmp T_13.3;
T_13.2 ;
    %load/vec4 v0x56515f344fe0_0;
    %nor/r;
    %load/vec4 v0x56515f29b280_0;
    %or;
    %load/vec4 v0x56515f29b8c0_0;
    %or;
    %flag_set/vec4 8;
    %jmp/0xz  T_13.4, 8;
    %load/vec4 v0x56515f29b980_0;
    %pad/u 2;
    %addi 1, 0, 2;
    %pad/u 1;
    %assign/vec4 v0x56515f29b980_0, 0;
T_13.4 ;
T_13.3 ;
T_13.1 ;
    %jmp T_13;
    .thread T_13;
    .scope S_0x56515f258b60;
T_14 ;
    %wait E_0x56515f183e60;
    %load/vec4 v0x56515f29b530_0;
    %flag_set/vec4 8;
    %jmp/0xz  T_14.0, 8;
    %pushi/vec4 0, 0, 1;
    %ix/load 3, 0, 0;
    %flag_set/imm 4, 0;
    %ix/load 4, 0, 0; Constant delay
    %assign/vec4/a/d v0x56515f3499d0, 0, 4;
    %pushi/vec4 0, 0, 1;
    %ix/load 3, 0, 0;
    %flag_set/imm 4, 0;
    %ix/load 4, 0, 0; Constant delay
    %assign/vec4/a/d v0x56515f35a050, 0, 4;
    %jmp T_14.1;
T_14.0 ;
    %load/vec4 v0x56515f29ae10_0;
    %ix/load 3, 0, 0;
    %flag_set/imm 4, 0;
    %ix/load 4, 0, 0; Constant delay
    %assign/vec4/a/d v0x56515f29a6f0, 0, 4;
    %load/vec4 v0x56515f344fe0_0;
    %load/vec4 v0x56515f29b280_0;
    %and;
    %ix/load 3, 0, 0;
    %flag_set/imm 4, 0;
    %ix/load 4, 0, 0; Constant delay
    %assign/vec4/a/d v0x56515f3499d0, 0, 4;
    %load/vec4 v0x56515f344fe0_0;
    %load/vec4 v0x56515f29b8c0_0;
    %and;
    %ix/load 3, 0, 0;
    %flag_set/imm 4, 0;
    %ix/load 4, 0, 0; Constant delay
    %assign/vec4/a/d v0x56515f35a050, 0, 4;
    %load/vec4 v0x56515f29b1a0_0;
    %ix/load 3, 0, 0;
    %flag_set/imm 4, 0;
    %ix/load 4, 0, 0; Constant delay
    %assign/vec4/a/d v0x56515f327530, 0, 4;
    %load/vec4 v0x56515f29b5f0_0;
    %ix/load 3, 0, 0;
    %flag_set/imm 4, 0;
    %ix/load 4, 0, 0; Constant delay
    %assign/vec4/a/d v0x56515f34c4a0, 0, 4;
T_14.1 ;
    %jmp T_14;
    .thread T_14;
    .scope S_0x56515f258b60;
T_15 ;
    %wait E_0x56515f183e60;
    %load/vec4 v0x56515f359f90_0;
    %load/vec4 v0x56515f327450_0;
    %parti/s 1, 0, 2;
    %and;
    %flag_set/vec4 8;
    %jmp/0xz  T_15.0, 8;
    %load/vec4 v0x56515f34be00_0;
    %parti/s 8, 0, 2;
    %load/vec4 v0x56515f34bd20_0;
    %addi 0, 0, 32;
    %ix/vec4 3;
    %ix/load 4, 0, 0; Constant delay
    %assign/vec4/a/d v0x56515f31b960, 0, 4;
T_15.0 ;
    %load/vec4 v0x56515f359f90_0;
    %load/vec4 v0x56515f327450_0;
    %parti/s 1, 1, 2;
    %and;
    %flag_set/vec4 8;
    %jmp/0xz  T_15.2, 8;
    %load/vec4 v0x56515f34be00_0;
    %parti/s 8, 8, 5;
    %load/vec4 v0x56515f34bd20_0;
    %addi 1, 0, 32;
    %ix/vec4 3;
    %ix/load 4, 0, 0; Constant delay
    %assign/vec4/a/d v0x56515f31b960, 0, 4;
T_15.2 ;
    %load/vec4 v0x56515f359f90_0;
    %load/vec4 v0x56515f327450_0;
    %parti/s 1, 2, 3;
    %and;
    %flag_set/vec4 8;
    %jmp/0xz  T_15.4, 8;
    %load/vec4 v0x56515f34be00_0;
    %parti/s 8, 16, 6;
    %load/vec4 v0x56515f34bd20_0;
    %addi 2, 0, 32;
    %ix/vec4 3;
    %ix/load 4, 0, 0; Constant delay
    %assign/vec4/a/d v0x56515f31b960, 0, 4;
T_15.4 ;
    %load/vec4 v0x56515f359f90_0;
    %load/vec4 v0x56515f327450_0;
    %parti/s 1, 3, 3;
    %and;
    %flag_set/vec4 8;
    %jmp/0xz  T_15.6, 8;
    %load/vec4 v0x56515f34be00_0;
    %parti/s 8, 24, 6;
    %load/vec4 v0x56515f34bd20_0;
    %addi 3, 0, 32;
    %ix/vec4 3;
    %ix/load 4, 0, 0; Constant delay
    %assign/vec4/a/d v0x56515f31b960, 0, 4;
T_15.6 ;
    %jmp T_15;
    .thread T_15;
    .scope S_0x56515f4a6ed0;
T_16 ;
    %wait E_0x56515f2c03e0;
    %load/vec4 v0x56515f4b6050_0;
    %dup/vec4;
    %pushi/vec4 0, 0, 2;
    %cmp/u;
    %jmp/1 T_16.0, 6;
    %dup/vec4;
    %pushi/vec4 1, 0, 2;
    %cmp/u;
    %jmp/1 T_16.1, 6;
    %dup/vec4;
    %pushi/vec4 2, 0, 2;
    %cmp/u;
    %jmp/1 T_16.2, 6;
    %load/vec4 v0x56515f4ba280_0;
    %store/vec4 v0x56515f4b5ad0_0, 0, 32;
    %jmp T_16.4;
T_16.0 ;
    %load/vec4 v0x56515f4b9da0_0;
    %store/vec4 v0x56515f4b5ad0_0, 0, 32;
    %jmp T_16.4;
T_16.1 ;
    %load/vec4 v0x56515f4b9f40_0;
    %store/vec4 v0x56515f4b5ad0_0, 0, 32;
    %jmp T_16.4;
T_16.2 ;
    %load/vec4 v0x56515f4ba0e0_0;
    %store/vec4 v0x56515f4b5ad0_0, 0, 32;
    %jmp T_16.4;
T_16.4 ;
    %pop/vec4 1;
    %jmp T_16;
    .thread T_16, $push;
    .scope S_0x56515f4a6ed0;
T_17 ;
    %wait E_0x56515f183e60;
    %load/vec4 v0x56515f4b68f0_0;
    %flag_set/vec4 8;
    %jmp/0xz  T_17.0, 8;
    %pushi/vec4 0, 0, 2;
    %assign/vec4 v0x56515f4b9900_0, 0;
    %pushi/vec4 0, 0, 4;
    %assign/vec4 v0x56515f4af8a0_0, 0;
    %pushi/vec4 0, 0, 32;
    %assign/vec4 v0x56515f4ba500_0, 0;
    %pushi/vec4 0, 0, 32;
    %assign/vec4 v0x56515f4ba420_0, 0;
    %pushi/vec4 0, 0, 5;
    %assign/vec4 v0x56515f4b7d20_0, 0;
    %pushi/vec4 0, 0, 23;
    %assign/vec4 v0x56515f4b7ec0_0, 0;
    %pushi/vec4 0, 0, 1;
    %assign/vec4 v0x56515f4b8080_0, 0;
    %pushi/vec4 0, 0, 32;
    %assign/vec4 v0x56515f4b8140_0, 0;
    %pushi/vec4 0, 0, 4;
    %assign/vec4 v0x56515f4b8220_0, 0;
    %pushi/vec4 0, 0, 2;
    %assign/vec4 v0x56515f4b83e0_0, 0;
    %pushi/vec4 0, 0, 2;
    %assign/vec4 v0x56515f4b7fa0_0, 0;
    %pushi/vec4 0, 0, 32;
    %assign/vec4 v0x56515f4b8300_0, 0;
    %pushi/vec4 0, 0, 1;
    %assign/vec4 v0x56515f4b96a0_0, 0;
    %pushi/vec4 0, 0, 32;
    %assign/vec4 v0x56515f4b9760_0, 0;
    %pushi/vec4 0, 0, 4;
    %ix/load 3, 0, 0;
    %flag_set/imm 4, 0;
    %ix/load 4, 0, 0; Constant delay
    %assign/vec4/a/d v0x56515f4b9ce0, 0, 4;
    %pushi/vec4 0, 0, 3;
    %ix/load 3, 0, 0;
    %flag_set/imm 4, 0;
    %ix/load 4, 0, 0; Constant delay
    %assign/vec4/a/d v0x56515f4b89a0, 0, 4;
    %pushi/vec4 0, 0, 4;
    %ix/load 3, 1, 0;
    %flag_set/imm 4, 0;
    %ix/load 4, 0, 0; Constant delay
    %assign/vec4/a/d v0x56515f4b9ce0, 0, 4;
    %pushi/vec4 0, 0, 3;
    %ix/load 3, 1, 0;
    %flag_set/imm 4, 0;
    %ix/load 4, 0, 0; Constant delay
    %assign/vec4/a/d v0x56515f4b89a0, 0, 4;
    %pushi/vec4 0, 0, 4;
    %ix/load 3, 2, 0;
    %flag_set/imm 4, 0;
    %ix/load 4, 0, 0; Constant delay
    %assign/vec4/a/d v0x56515f4b9ce0, 0, 4;
    %pushi/vec4 0, 0, 3;
    %ix/load 3, 2, 0;
    %flag_set/imm 4, 0;
    %ix/load 4, 0, 0; Constant delay
    %assign/vec4/a/d v0x56515f4b89a0, 0, 4;
    %pushi/vec4 0, 0, 4;
    %ix/load 3, 3, 0;
    %flag_set/imm 4, 0;
    %ix/load 4, 0, 0; Constant delay
    %assign/vec4/a/d v0x56515f4b9ce0, 0, 4;
    %pushi/vec4 0, 0, 3;
    %ix/load 3, 3, 0;
    %flag_set/imm 4, 0;
    %ix/load 4, 0, 0; Constant delay
    %assign/vec4/a/d v0x56515f4b89a0, 0, 4;
    %pushi/vec4 0, 0, 4;
    %ix/load 3, 4, 0;
    %flag_set/imm 4, 0;
    %ix/load 4, 0, 0; Constant delay
    %assign/vec4/a/d v0x56515f4b9ce0, 0, 4;
    %pushi/vec4 0, 0, 3;
    %ix/load 3, 4, 0;
    %flag_set/imm 4, 0;
    %ix/load 4, 0, 0; Constant delay
    %assign/vec4/a/d v0x56515f4b89a0, 0, 4;
    %pushi/vec4 0, 0, 4;
    %ix/load 3, 5, 0;
    %flag_set/imm 4, 0;
    %ix/load 4, 0, 0; Constant delay
    %assign/vec4/a/d v0x56515f4b9ce0, 0, 4;
    %pushi/vec4 0, 0, 3;
    %ix/load 3, 5, 0;
    %flag_set/imm 4, 0;
    %ix/load 4, 0, 0; Constant delay
    %assign/vec4/a/d v0x56515f4b89a0, 0, 4;
    %pushi/vec4 0, 0, 4;
    %ix/load 3, 6, 0;
    %flag_set/imm 4, 0;
    %ix/load 4, 0, 0; Constant delay
    %assign/vec4/a/d v0x56515f4b9ce0, 0, 4;
    %pushi/vec4 0, 0, 3;
    %ix/load 3, 6, 0;
    %flag_set/imm 4, 0;
    %ix/load 4, 0, 0; Constant delay
    %assign/vec4/a/d v0x56515f4b89a0, 0, 4;
    %pushi/vec4 0, 0, 4;
    %ix/load 3, 7, 0;
    %flag_set/imm 4, 0;
    %ix/load 4, 0, 0; Constant delay
    %assign/vec4/a/d v0x56515f4b9ce0, 0, 4;
    %pushi/vec4 0, 0, 3;
    %ix/load 3, 7, 0;
    %flag_set/imm 4, 0;
    %ix/load 4, 0, 0; Constant delay
    %assign/vec4/a/d v0x56515f4b89a0, 0, 4;
    %pushi/vec4 0, 0, 4;
    %ix/load 3, 8, 0;
    %flag_set/imm 4, 0;
    %ix/load 4, 0, 0; Constant delay
    %assign/vec4/a/d v0x56515f4b9ce0, 0, 4;
    %pushi/vec4 0, 0, 3;
    %ix/load 3, 8, 0;
    %flag_set/imm 4, 0;
    %ix/load 4, 0, 0; Constant delay
    %assign/vec4/a/d v0x56515f4b89a0, 0, 4;
    %pushi/vec4 0, 0, 4;
    %ix/load 3, 9, 0;
    %flag_set/imm 4, 0;
    %ix/load 4, 0, 0; Constant delay
    %assign/vec4/a/d v0x56515f4b9ce0, 0, 4;
    %pushi/vec4 0, 0, 3;
    %ix/load 3, 9, 0;
    %flag_set/imm 4, 0;
    %ix/load 4, 0, 0; Constant delay
    %assign/vec4/a/d v0x56515f4b89a0, 0, 4;
    %pushi/vec4 0, 0, 4;
    %ix/load 3, 10, 0;
    %flag_set/imm 4, 0;
    %ix/load 4, 0, 0; Constant delay
    %assign/vec4/a/d v0x56515f4b9ce0, 0, 4;
    %pushi/vec4 0, 0, 3;
    %ix/load 3, 10, 0;
    %flag_set/imm 4, 0;
    %ix/load 4, 0, 0; Constant delay
    %assign/vec4/a/d v0x56515f4b89a0, 0, 4;
    %pushi/vec4 0, 0, 4;
    %ix/load 3, 11, 0;
    %flag_set/imm 4, 0;
    %ix/load 4, 0, 0; Constant delay
    %assign/vec4/a/d v0x56515f4b9ce0, 0, 4;
    %pushi/vec4 0, 0, 3;
    %ix/load 3, 11, 0;
    %flag_set/imm 4, 0;
    %ix/load 4, 0, 0; Constant delay
    %assign/vec4/a/d v0x56515f4b89a0, 0, 4;
    %pushi/vec4 0, 0, 4;
    %ix/load 3, 12, 0;
    %flag_set/imm 4, 0;
    %ix/load 4, 0, 0; Constant delay
    %assign/vec4/a/d v0x56515f4b9ce0, 0, 4;
    %pushi/vec4 0, 0, 3;
    %ix/load 3, 12, 0;
    %flag_set/imm 4, 0;
    %ix/load 4, 0, 0; Constant delay
    %assign/vec4/a/d v0x56515f4b89a0, 0, 4;
    %pushi/vec4 0, 0, 4;
    %ix/load 3, 13, 0;
    %flag_set/imm 4, 0;
    %ix/load 4, 0, 0; Constant delay
    %assign/vec4/a/d v0x56515f4b9ce0, 0, 4;
    %pushi/vec4 0, 0, 3;
    %ix/load 3, 13, 0;
    %flag_set/imm 4, 0;
    %ix/load 4, 0, 0; Constant delay
    %assign/vec4/a/d v0x56515f4b89a0, 0, 4;
    %pushi/vec4 0, 0, 4;
    %ix/load 3, 14, 0;
    %flag_set/imm 4, 0;
    %ix/load 4, 0, 0; Constant delay
    %assign/vec4/a/d v0x56515f4b9ce0, 0, 4;
    %pushi/vec4 0, 0, 3;
    %ix/load 3, 14, 0;
    %flag_set/imm 4, 0;
    %ix/load 4, 0, 0; Constant delay
    %assign/vec4/a/d v0x56515f4b89a0, 0, 4;
    %pushi/vec4 0, 0, 4;
    %ix/load 3, 15, 0;
    %flag_set/imm 4, 0;
    %ix/load 4, 0, 0; Constant delay
    %assign/vec4/a/d v0x56515f4b9ce0, 0, 4;
    %pushi/vec4 0, 0, 3;
    %ix/load 3, 15, 0;
    %flag_set/imm 4, 0;
    %ix/load 4, 0, 0; Constant delay
    %assign/vec4/a/d v0x56515f4b89a0, 0, 4;
    %pushi/vec4 0, 0, 4;
    %ix/load 3, 16, 0;
    %flag_set/imm 4, 0;
    %ix/load 4, 0, 0; Constant delay
    %assign/vec4/a/d v0x56515f4b9ce0, 0, 4;
    %pushi/vec4 0, 0, 3;
    %ix/load 3, 16, 0;
    %flag_set/imm 4, 0;
    %ix/load 4, 0, 0; Constant delay
    %assign/vec4/a/d v0x56515f4b89a0, 0, 4;
    %pushi/vec4 0, 0, 4;
    %ix/load 3, 17, 0;
    %flag_set/imm 4, 0;
    %ix/load 4, 0, 0; Constant delay
    %assign/vec4/a/d v0x56515f4b9ce0, 0, 4;
    %pushi/vec4 0, 0, 3;
    %ix/load 3, 17, 0;
    %flag_set/imm 4, 0;
    %ix/load 4, 0, 0; Constant delay
    %assign/vec4/a/d v0x56515f4b89a0, 0, 4;
    %pushi/vec4 0, 0, 4;
    %ix/load 3, 18, 0;
    %flag_set/imm 4, 0;
    %ix/load 4, 0, 0; Constant delay
    %assign/vec4/a/d v0x56515f4b9ce0, 0, 4;
    %pushi/vec4 0, 0, 3;
    %ix/load 3, 18, 0;
    %flag_set/imm 4, 0;
    %ix/load 4, 0, 0; Constant delay
    %assign/vec4/a/d v0x56515f4b89a0, 0, 4;
    %pushi/vec4 0, 0, 4;
    %ix/load 3, 19, 0;
    %flag_set/imm 4, 0;
    %ix/load 4, 0, 0; Constant delay
    %assign/vec4/a/d v0x56515f4b9ce0, 0, 4;
    %pushi/vec4 0, 0, 3;
    %ix/load 3, 19, 0;
    %flag_set/imm 4, 0;
    %ix/load 4, 0, 0; Constant delay
    %assign/vec4/a/d v0x56515f4b89a0, 0, 4;
    %pushi/vec4 0, 0, 4;
    %ix/load 3, 20, 0;
    %flag_set/imm 4, 0;
    %ix/load 4, 0, 0; Constant delay
    %assign/vec4/a/d v0x56515f4b9ce0, 0, 4;
    %pushi/vec4 0, 0, 3;
    %ix/load 3, 20, 0;
    %flag_set/imm 4, 0;
    %ix/load 4, 0, 0; Constant delay
    %assign/vec4/a/d v0x56515f4b89a0, 0, 4;
    %pushi/vec4 0, 0, 4;
    %ix/load 3, 21, 0;
    %flag_set/imm 4, 0;
    %ix/load 4, 0, 0; Constant delay
    %assign/vec4/a/d v0x56515f4b9ce0, 0, 4;
    %pushi/vec4 0, 0, 3;
    %ix/load 3, 21, 0;
    %flag_set/imm 4, 0;
    %ix/load 4, 0, 0; Constant delay
    %assign/vec4/a/d v0x56515f4b89a0, 0, 4;
    %pushi/vec4 0, 0, 4;
    %ix/load 3, 22, 0;
    %flag_set/imm 4, 0;
    %ix/load 4, 0, 0; Constant delay
    %assign/vec4/a/d v0x56515f4b9ce0, 0, 4;
    %pushi/vec4 0, 0, 3;
    %ix/load 3, 22, 0;
    %flag_set/imm 4, 0;
    %ix/load 4, 0, 0; Constant delay
    %assign/vec4/a/d v0x56515f4b89a0, 0, 4;
    %pushi/vec4 0, 0, 4;
    %ix/load 3, 23, 0;
    %flag_set/imm 4, 0;
    %ix/load 4, 0, 0; Constant delay
    %assign/vec4/a/d v0x56515f4b9ce0, 0, 4;
    %pushi/vec4 0, 0, 3;
    %ix/load 3, 23, 0;
    %flag_set/imm 4, 0;
    %ix/load 4, 0, 0; Constant delay
    %assign/vec4/a/d v0x56515f4b89a0, 0, 4;
    %pushi/vec4 0, 0, 4;
    %ix/load 3, 24, 0;
    %flag_set/imm 4, 0;
    %ix/load 4, 0, 0; Constant delay
    %assign/vec4/a/d v0x56515f4b9ce0, 0, 4;
    %pushi/vec4 0, 0, 3;
    %ix/load 3, 24, 0;
    %flag_set/imm 4, 0;
    %ix/load 4, 0, 0; Constant delay
    %assign/vec4/a/d v0x56515f4b89a0, 0, 4;
    %pushi/vec4 0, 0, 4;
    %ix/load 3, 25, 0;
    %flag_set/imm 4, 0;
    %ix/load 4, 0, 0; Constant delay
    %assign/vec4/a/d v0x56515f4b9ce0, 0, 4;
    %pushi/vec4 0, 0, 3;
    %ix/load 3, 25, 0;
    %flag_set/imm 4, 0;
    %ix/load 4, 0, 0; Constant delay
    %assign/vec4/a/d v0x56515f4b89a0, 0, 4;
    %pushi/vec4 0, 0, 4;
    %ix/load 3, 26, 0;
    %flag_set/imm 4, 0;
    %ix/load 4, 0, 0; Constant delay
    %assign/vec4/a/d v0x56515f4b9ce0, 0, 4;
    %pushi/vec4 0, 0, 3;
    %ix/load 3, 26, 0;
    %flag_set/imm 4, 0;
    %ix/load 4, 0, 0; Constant delay
    %assign/vec4/a/d v0x56515f4b89a0, 0, 4;
    %pushi/vec4 0, 0, 4;
    %ix/load 3, 27, 0;
    %flag_set/imm 4, 0;
    %ix/load 4, 0, 0; Constant delay
    %assign/vec4/a/d v0x56515f4b9ce0, 0, 4;
    %pushi/vec4 0, 0, 3;
    %ix/load 3, 27, 0;
    %flag_set/imm 4, 0;
    %ix/load 4, 0, 0; Constant delay
    %assign/vec4/a/d v0x56515f4b89a0, 0, 4;
    %pushi/vec4 0, 0, 4;
    %ix/load 3, 28, 0;
    %flag_set/imm 4, 0;
    %ix/load 4, 0, 0; Constant delay
    %assign/vec4/a/d v0x56515f4b9ce0, 0, 4;
    %pushi/vec4 0, 0, 3;
    %ix/load 3, 28, 0;
    %flag_set/imm 4, 0;
    %ix/load 4, 0, 0; Constant delay
    %assign/vec4/a/d v0x56515f4b89a0, 0, 4;
    %pushi/vec4 0, 0, 4;
    %ix/load 3, 29, 0;
    %flag_set/imm 4, 0;
    %ix/load 4, 0, 0; Constant delay
    %assign/vec4/a/d v0x56515f4b9ce0, 0, 4;
    %pushi/vec4 0, 0, 3;
    %ix/load 3, 29, 0;
    %flag_set/imm 4, 0;
    %ix/load 4, 0, 0; Constant delay
    %assign/vec4/a/d v0x56515f4b89a0, 0, 4;
    %pushi/vec4 0, 0, 4;
    %ix/load 3, 30, 0;
    %flag_set/imm 4, 0;
    %ix/load 4, 0, 0; Constant delay
    %assign/vec4/a/d v0x56515f4b9ce0, 0, 4;
    %pushi/vec4 0, 0, 3;
    %ix/load 3, 30, 0;
    %flag_set/imm 4, 0;
    %ix/load 4, 0, 0; Constant delay
    %assign/vec4/a/d v0x56515f4b89a0, 0, 4;
    %pushi/vec4 0, 0, 4;
    %ix/load 3, 31, 0;
    %flag_set/imm 4, 0;
    %ix/load 4, 0, 0; Constant delay
    %assign/vec4/a/d v0x56515f4b9ce0, 0, 4;
    %pushi/vec4 0, 0, 3;
    %ix/load 3, 31, 0;
    %flag_set/imm 4, 0;
    %ix/load 4, 0, 0; Constant delay
    %assign/vec4/a/d v0x56515f4b89a0, 0, 4;
    %jmp T_17.1;
T_17.0 ;
    %load/vec4 v0x56515f4b9900_0;
    %dup/vec4;
    %pushi/vec4 0, 0, 2;
    %cmp/u;
    %jmp/1 T_17.2, 6;
    %dup/vec4;
    %pushi/vec4 1, 0, 2;
    %cmp/u;
    %jmp/1 T_17.3, 6;
    %dup/vec4;
    %pushi/vec4 3, 0, 2;
    %cmp/u;
    %jmp/1 T_17.4, 6;
    %dup/vec4;
    %pushi/vec4 2, 0, 2;
    %cmp/u;
    %jmp/1 T_17.5, 6;
    %pushi/vec4 0, 0, 2;
    %assign/vec4 v0x56515f4b9900_0, 0;
    %pushi/vec4 0, 0, 32;
    %assign/vec4 v0x56515f4ba500_0, 0;
    %pushi/vec4 0, 0, 32;
    %assign/vec4 v0x56515f4ba420_0, 0;
    %pushi/vec4 0, 0, 4;
    %assign/vec4 v0x56515f4af8a0_0, 0;
    %pushi/vec4 0, 0, 1;
    %assign/vec4 v0x56515f4b96a0_0, 0;
    %jmp T_17.7;
T_17.2 ;
    %load/vec4 v0x56515f4b6690_0;
    %flag_set/vec4 8;
    %jmp/1 T_17.10, 8;
    %load/vec4 v0x56515f4b6830_0;
    %flag_set/vec4 9;
    %flag_or 8, 9;
T_17.10;
    %jmp/0xz  T_17.8, 8;
    %load/vec4 v0x56515f4b5f90_0;
    %flag_set/vec4 8;
    %jmp/0xz  T_17.11, 8;
    %load/vec4 v0x56515f4b6830_0;
    %flag_set/vec4 8;
    %jmp/0xz  T_17.13, 8;
    %load/vec4 v0x56515f4b6050_0;
    %dup/vec4;
    %pushi/vec4 0, 0, 2;
    %cmp/u;
    %jmp/1 T_17.15, 6;
    %dup/vec4;
    %pushi/vec4 1, 0, 2;
    %cmp/u;
    %jmp/1 T_17.16, 6;
    %dup/vec4;
    %pushi/vec4 2, 0, 2;
    %cmp/u;
    %jmp/1 T_17.17, 6;
    %load/vec4 v0x56515f4b6130_0;
    %load/vec4 v0x56515f4b9280_0;
    %pad/u 10;
    %pad/u 12;
    %muli 4, 0, 12;
    %pad/u 13;
    %load/vec4 v0x56515f4b9440_0;
    %pad/u 4;
    %pad/u 13;
    %add;
    %ix/vec4 3;
    %ix/load 4, 0, 0; Constant delay
    %assign/vec4/a/d v0x56515f4b5df0, 0, 4;
    %jmp T_17.19;
T_17.15 ;
    %load/vec4 v0x56515f4b6130_0;
    %load/vec4 v0x56515f4b9280_0;
    %pad/u 10;
    %pad/u 12;
    %muli 4, 0, 12;
    %pad/u 13;
    %load/vec4 v0x56515f4b9440_0;
    %pad/u 4;
    %pad/u 13;
    %add;
    %ix/vec4 3;
    %ix/load 4, 0, 0; Constant delay
    %assign/vec4/a/d v0x56515f4b5bb0, 0, 4;
    %jmp T_17.19;
T_17.16 ;
    %load/vec4 v0x56515f4b6130_0;
    %load/vec4 v0x56515f4b9280_0;
    %pad/u 10;
    %pad/u 12;
    %muli 4, 0, 12;
    %pad/u 13;
    %load/vec4 v0x56515f4b9440_0;
    %pad/u 4;
    %pad/u 13;
    %add;
    %ix/vec4 3;
    %ix/load 4, 0, 0; Constant delay
    %assign/vec4/a/d v0x56515f4b5c70, 0, 4;
    %jmp T_17.19;
T_17.17 ;
    %load/vec4 v0x56515f4b6130_0;
    %load/vec4 v0x56515f4b9280_0;
    %pad/u 10;
    %pad/u 12;
    %muli 4, 0, 12;
    %pad/u 13;
    %load/vec4 v0x56515f4b9440_0;
    %pad/u 4;
    %pad/u 13;
    %add;
    %ix/vec4 3;
    %ix/load 4, 0, 0; Constant delay
    %assign/vec4/a/d v0x56515f4b5d30, 0, 4;
    %jmp T_17.19;
T_17.19 ;
    %pop/vec4 1;
T_17.13 ;
    %load/vec4 v0x56515f4b6050_0;
    %cmpi/e 0, 0, 2;
    %flag_mov 8, 4;
    %jmp/0 T_17.20, 8;
    %pushi/vec4 1, 0, 1;
    %concati/vec4 1, 0, 1;
    %load/vec4 v0x56515f4b9280_0;
    %pad/u 7;
    %ix/vec4 4;
    %load/vec4a v0x56515f4b89a0, 4;
    %parti/s 1, 0, 2;
    %concat/vec4; draw_concat_vec4
    %jmp/1 T_17.21, 8;
T_17.20 ; End of true expr.
    %load/vec4 v0x56515f4b6050_0;
    %cmpi/e 1, 0, 2;
    %flag_mov 9, 4;
    %jmp/0 T_17.22, 9;
    %pushi/vec4 1, 0, 1;
    %concati/vec4 0, 0, 1;
    %load/vec4 v0x56515f4b9280_0;
    %pad/u 7;
    %ix/vec4 4;
    %load/vec4a v0x56515f4b89a0, 4;
    %parti/s 1, 0, 2;
    %concat/vec4; draw_concat_vec4
    %jmp/1 T_17.23, 9;
T_17.22 ; End of true expr.
    %load/vec4 v0x56515f4b6050_0;
    %cmpi/e 2, 0, 2;
    %flag_mov 10, 4;
    %jmp/0 T_17.24, 10;
    %pushi/vec4 0, 0, 1;
    %load/vec4 v0x56515f4b9280_0;
    %pad/u 7;
    %ix/vec4 4;
    %load/vec4a v0x56515f4b89a0, 4;
    %parti/s 1, 1, 2;
    %concat/vec4; draw_concat_vec4
    %concati/vec4 1, 0, 1;
    %jmp/1 T_17.25, 10;
T_17.24 ; End of true expr.
    %pushi/vec4 0, 0, 1;
    %load/vec4 v0x56515f4b9280_0;
    %pad/u 7;
    %ix/vec4 4;
    %load/vec4a v0x56515f4b89a0, 4;
    %parti/s 1, 1, 2;
    %concat/vec4; draw_concat_vec4
    %concati/vec4 0, 0, 1;
    %jmp/0 T_17.25, 10;
 ; End of false expr.
    %blend;
T_17.25;
    %jmp/0 T_17.23, 9;
 ; End of false expr.
    %blend;
T_17.23;
    %jmp/0 T_17.21, 8;
 ; End of false expr.
    %blend;
T_17.21;
    %load/vec4 v0x56515f4b9280_0;
    %pad/u 7;
    %ix/vec4 3;
    %ix/load 4, 0, 0; Constant delay
    %assign/vec4/a/d v0x56515f4b89a0, 0, 4;
    %pushi/vec4 0, 0, 1;
    %assign/vec4 v0x56515f4b96a0_0, 0;
    %jmp T_17.12;
T_17.11 ;
    %pushi/vec4 1, 0, 2;
    %assign/vec4 v0x56515f4b9900_0, 0;
    %load/vec4 v0x56515f4b9280_0;
    %assign/vec4 v0x56515f4b7d20_0, 0;
    %load/vec4 v0x56515f4b9360_0;
    %assign/vec4 v0x56515f4b7ec0_0, 0;
    %load/vec4 v0x56515f4b6830_0;
    %assign/vec4 v0x56515f4b8080_0, 0;
    %load/vec4 v0x56515f4b6750_0;
    %assign/vec4 v0x56515f4b8140_0, 0;
    %load/vec4 v0x56515f4b65d0_0;
    %assign/vec4 v0x56515f4b8220_0, 0;
    %load/vec4 v0x56515f4b9440_0;
    %assign/vec4 v0x56515f4b83e0_0, 0;
    %load/vec4 v0x56515f4b9280_0;
    %pad/u 7;
    %ix/vec4 4;
    %load/vec4a v0x56515f4b9ce0, 4;
    %parti/s 1, 0, 2;
    %nor/r;
    %flag_set/vec4 8;
    %jmp/0 T_17.26, 8;
    %pushi/vec4 0, 0, 2;
    %jmp/1 T_17.27, 8;
T_17.26 ; End of true expr.
    %load/vec4 v0x56515f4b9280_0;
    %pad/u 7;
    %ix/vec4 4;
    %load/vec4a v0x56515f4b9ce0, 4;
    %parti/s 1, 1, 2;
    %nor/r;
    %flag_set/vec4 9;
    %jmp/0 T_17.28, 9;
    %pushi/vec4 1, 0, 2;
    %jmp/1 T_17.29, 9;
T_17.28 ; End of true expr.
    %load/vec4 v0x56515f4b9280_0;
    %pad/u 7;
    %ix/vec4 4;
    %load/vec4a v0x56515f4b9ce0, 4;
    %parti/s 1, 2, 3;
    %nor/r;
    %flag_set/vec4 10;
    %jmp/0 T_17.30, 10;
    %pushi/vec4 2, 0, 2;
    %jmp/1 T_17.31, 10;
T_17.30 ; End of true expr.
    %load/vec4 v0x56515f4b9280_0;
    %pad/u 7;
    %ix/vec4 4;
    %load/vec4a v0x56515f4b9ce0, 4;
    %parti/s 1, 3, 3;
    %nor/r;
    %flag_set/vec4 11;
    %jmp/0 T_17.32, 11;
    %pushi/vec4 3, 0, 2;
    %jmp/1 T_17.33, 11;
T_17.32 ; End of true expr.
    %load/vec4 v0x56515f4b9280_0;
    %pad/u 7;
    %ix/vec4 4;
    %load/vec4a v0x56515f4b89a0, 4;
    %parti/s 1, 2, 3;
    %nor/r;
    %flag_set/vec4 12;
    %jmp/0 T_17.34, 12;
    %load/vec4 v0x56515f4b9280_0;
    %pad/u 7;
    %ix/vec4 4;
    %load/vec4a v0x56515f4b89a0, 4;
    %parti/s 1, 1, 2;
    %flag_set/vec4 13;
    %jmp/0 T_17.36, 13;
    %pushi/vec4 1, 0, 2;
    %jmp/1 T_17.37, 13;
T_17.36 ; End of true expr.
    %pushi/vec4 0, 0, 2;
    %jmp/0 T_17.37, 13;
 ; End of false expr.
    %blend;
T_17.37;
    %jmp/1 T_17.35, 12;
T_17.34 ; End of true expr.
    %load/vec4 v0x56515f4b9280_0;
    %pad/u 7;
    %ix/vec4 4;
    %load/vec4a v0x56515f4b89a0, 4;
    %parti/s 1, 0, 2;
    %flag_set/vec4 13;
    %jmp/0 T_17.38, 13;
    %pushi/vec4 3, 0, 2;
    %jmp/1 T_17.39, 13;
T_17.38 ; End of true expr.
    %pushi/vec4 2, 0, 2;
    %jmp/0 T_17.39, 13;
 ; End of false expr.
    %blend;
T_17.39;
    %jmp/0 T_17.35, 12;
 ; End of false expr.
    %blend;
T_17.35;
    %jmp/0 T_17.33, 11;
 ; End of false expr.
    %blend;
T_17.33;
    %jmp/0 T_17.31, 10;
 ; End of false expr.
    %blend;
T_17.31;
    %jmp/0 T_17.29, 9;
 ; End of false expr.
    %blend;
T_17.29;
    %jmp/0 T_17.27, 8;
 ; End of false expr.
    %blend;
T_17.27;
    %assign/vec4 v0x56515f4b7fa0_0, 0;
    %pushi/vec4 0, 0, 32;
    %assign/vec4 v0x56515f4b8300_0, 0;
    %pushi/vec4 0, 0, 4;
    %assign/vec4 v0x56515f4af8a0_0, 0;
    %pushi/vec4 0, 0, 32;
    %assign/vec4 v0x56515f4ba500_0, 0;
    %pushi/vec4 0, 0, 32;
    %assign/vec4 v0x56515f4ba420_0, 0;
    %pushi/vec4 0, 0, 1;
    %assign/vec4 v0x56515f4b96a0_0, 0;
T_17.12 ;
    %jmp T_17.9;
T_17.8 ;
    %pushi/vec4 0, 0, 1;
    %assign/vec4 v0x56515f4b96a0_0, 0;
T_17.9 ;
    %jmp T_17.7;
T_17.3 ;
    %load/vec4 v0x56515f4ba500_0;
    %cmpi/u 4, 0, 32;
    %flag_get/vec4 5;
    %jmp/0 T_17.42, 5;
    %load/vec4 v0x56515f4b6390_0;
    %and;
T_17.42;
    %flag_set/vec4 8;
    %jmp/0xz  T_17.40, 8;
    %load/vec4 v0x56515f4ba500_0;
    %addi 1, 0, 32;
    %assign/vec4 v0x56515f4ba500_0, 0;
    %load/vec4 v0x56515f4af8a0_0;
    %addi 4, 0, 4;
    %assign/vec4 v0x56515f4af8a0_0, 0;
T_17.40 ;
    %load/vec4 v0x56515f4b6450_0;
    %flag_set/vec4 8;
    %jmp/0xz  T_17.43, 8;
    %load/vec4 v0x56515f4b62b0_0;
    %store/vec4 v0x56515f4b5eb0_0, 0, 32;
    %load/vec4 v0x56515f4b8080_0;
    %flag_set/vec4 9;
    %flag_get/vec4 9;
    %jmp/0 T_17.47, 9;
    %load/vec4 v0x56515f4ba420_0;
    %pushi/vec4 0, 0, 30;
    %load/vec4 v0x56515f4b83e0_0;
    %concat/vec4; draw_concat_vec4
    %cmp/e;
    %flag_get/vec4 4;
    %and;
T_17.47;
    %flag_set/vec4 8;
    %jmp/0xz  T_17.45, 8;
    %load/vec4 v0x56515f4b8220_0;
    %parti/s 1, 3, 3;
    %flag_set/vec4 8;
    %jmp/0 T_17.48, 8;
    %load/vec4 v0x56515f4b8140_0;
    %parti/s 8, 24, 6;
    %jmp/1 T_17.49, 8;
T_17.48 ; End of true expr.
    %load/vec4 v0x56515f4b62b0_0;
    %parti/s 8, 24, 6;
    %jmp/0 T_17.49, 8;
 ; End of false expr.
    %blend;
T_17.49;
    %load/vec4 v0x56515f4b8220_0;
    %parti/s 1, 2, 3;
    %flag_set/vec4 8;
    %jmp/0 T_17.50, 8;
    %load/vec4 v0x56515f4b8140_0;
    %parti/s 8, 16, 6;
    %jmp/1 T_17.51, 8;
T_17.50 ; End of true expr.
    %load/vec4 v0x56515f4b62b0_0;
    %parti/s 8, 16, 6;
    %jmp/0 T_17.51, 8;
 ; End of false expr.
    %blend;
T_17.51;
    %concat/vec4; draw_concat_vec4
    %load/vec4 v0x56515f4b8220_0;
    %parti/s 1, 1, 2;
    %flag_set/vec4 8;
    %jmp/0 T_17.52, 8;
    %load/vec4 v0x56515f4b8140_0;
    %parti/s 8, 8, 5;
    %jmp/1 T_17.53, 8;
T_17.52 ; End of true expr.
    %load/vec4 v0x56515f4b62b0_0;
    %parti/s 8, 8, 5;
    %jmp/0 T_17.53, 8;
 ; End of false expr.
    %blend;
T_17.53;
    %concat/vec4; draw_concat_vec4
    %load/vec4 v0x56515f4b8220_0;
    %parti/s 1, 0, 2;
    %flag_set/vec4 8;
    %jmp/0 T_17.54, 8;
    %load/vec4 v0x56515f4b8140_0;
    %parti/s 8, 0, 2;
    %jmp/1 T_17.55, 8;
T_17.54 ; End of true expr.
    %load/vec4 v0x56515f4b62b0_0;
    %parti/s 8, 0, 2;
    %jmp/0 T_17.55, 8;
 ; End of false expr.
    %blend;
T_17.55;
    %concat/vec4; draw_concat_vec4
    %store/vec4 v0x56515f4b5eb0_0, 0, 32;
    %load/vec4 v0x56515f4b5eb0_0;
    %assign/vec4 v0x56515f4b8300_0, 0;
T_17.45 ;
    %load/vec4 v0x56515f4b7fa0_0;
    %dup/vec4;
    %pushi/vec4 0, 0, 2;
    %cmp/u;
    %jmp/1 T_17.56, 6;
    %dup/vec4;
    %pushi/vec4 1, 0, 2;
    %cmp/u;
    %jmp/1 T_17.57, 6;
    %dup/vec4;
    %pushi/vec4 2, 0, 2;
    %cmp/u;
    %jmp/1 T_17.58, 6;
    %load/vec4 v0x56515f4b5eb0_0;
    %load/vec4 v0x56515f4b7d20_0;
    %pad/u 10;
    %pad/u 12;
    %muli 4, 0, 12;
    %pad/u 13;
    %load/vec4 v0x56515f4ba420_0;
    %pad/u 13;
    %add;
    %ix/vec4 3;
    %ix/load 4, 0, 0; Constant delay
    %assign/vec4/a/d v0x56515f4b5df0, 0, 4;
    %jmp T_17.60;
T_17.56 ;
    %load/vec4 v0x56515f4b5eb0_0;
    %load/vec4 v0x56515f4b7d20_0;
    %pad/u 10;
    %pad/u 12;
    %muli 4, 0, 12;
    %pad/u 13;
    %load/vec4 v0x56515f4ba420_0;
    %pad/u 13;
    %add;
    %ix/vec4 3;
    %ix/load 4, 0, 0; Constant delay
    %assign/vec4/a/d v0x56515f4b5bb0, 0, 4;
    %jmp T_17.60;
T_17.57 ;
    %load/vec4 v0x56515f4b5eb0_0;
    %load/vec4 v0x56515f4b7d20_0;
    %pad/u 10;
    %pad/u 12;
    %muli 4, 0, 12;
    %pad/u 13;
    %load/vec4 v0x56515f4ba420_0;
    %pad/u 13;
    %add;
    %ix/vec4 3;
    %ix/load 4, 0, 0; Constant delay
    %assign/vec4/a/d v0x56515f4b5c70, 0, 4;
    %jmp T_17.60;
T_17.58 ;
    %load/vec4 v0x56515f4b5eb0_0;
    %load/vec4 v0x56515f4b7d20_0;
    %pad/u 10;
    %pad/u 12;
    %muli 4, 0, 12;
    %pad/u 13;
    %load/vec4 v0x56515f4ba420_0;
    %pad/u 13;
    %add;
    %ix/vec4 3;
    %ix/load 4, 0, 0; Constant delay
    %assign/vec4/a/d v0x56515f4b5d30, 0, 4;
    %jmp T_17.60;
T_17.60 ;
    %pop/vec4 1;
    %load/vec4 v0x56515f4ba420_0;
    %pushi/vec4 0, 0, 30;
    %load/vec4 v0x56515f4b83e0_0;
    %concat/vec4; draw_concat_vec4
    %cmp/e;
    %jmp/0xz  T_17.61, 4;
    %load/vec4 v0x56515f4b5eb0_0;
    %assign/vec4 v0x56515f4b9760_0, 0;
T_17.61 ;
    %load/vec4 v0x56515f4ba420_0;
    %cmpi/e 3, 0, 32;
    %jmp/0xz  T_17.63, 4;
    %load/vec4 v0x56515f4b7fa0_0;
    %dup/vec4;
    %pushi/vec4 0, 0, 2;
    %cmp/u;
    %jmp/1 T_17.65, 6;
    %dup/vec4;
    %pushi/vec4 1, 0, 2;
    %cmp/u;
    %jmp/1 T_17.66, 6;
    %dup/vec4;
    %pushi/vec4 2, 0, 2;
    %cmp/u;
    %jmp/1 T_17.67, 6;
    %load/vec4 v0x56515f4b7ec0_0;
    %load/vec4 v0x56515f4b7d20_0;
    %pad/u 7;
    %ix/vec4 3;
    %ix/load 4, 0, 0; Constant delay
    %assign/vec4/a/d v0x56515f4b9c20, 0, 4;
    %jmp T_17.69;
T_17.65 ;
    %load/vec4 v0x56515f4b7ec0_0;
    %load/vec4 v0x56515f4b7d20_0;
    %pad/u 7;
    %ix/vec4 3;
    %ix/load 4, 0, 0; Constant delay
    %assign/vec4/a/d v0x56515f4b99e0, 0, 4;
    %jmp T_17.69;
T_17.66 ;
    %load/vec4 v0x56515f4b7ec0_0;
    %load/vec4 v0x56515f4b7d20_0;
    %pad/u 7;
    %ix/vec4 3;
    %ix/load 4, 0, 0; Constant delay
    %assign/vec4/a/d v0x56515f4b9aa0, 0, 4;
    %jmp T_17.69;
T_17.67 ;
    %load/vec4 v0x56515f4b7ec0_0;
    %load/vec4 v0x56515f4b7d20_0;
    %pad/u 7;
    %ix/vec4 3;
    %ix/load 4, 0, 0; Constant delay
    %assign/vec4/a/d v0x56515f4b9b60, 0, 4;
    %jmp T_17.69;
T_17.69 ;
    %pop/vec4 1;
    %pushi/vec4 1, 0, 1;
    %load/vec4 v0x56515f4b7d20_0;
    %pad/u 7;
    %ix/vec4 4;
    %flag_mov 8, 4;
    %ix/getv 5, v0x56515f4b7fa0_0;
    %flag_or 8, 4;
    %ix/load 6, 0, 0; Constant delay
    %ix/mov 3, 4;
    %flag_mov 4, 8;
    %assign/vec4/a/d v0x56515f4b9ce0, 5, 6;
    %load/vec4 v0x56515f4b7fa0_0;
    %cmpi/e 0, 0, 2;
    %flag_mov 8, 4;
    %jmp/0 T_17.70, 8;
    %pushi/vec4 1, 0, 1;
    %concati/vec4 1, 0, 1;
    %load/vec4 v0x56515f4b7d20_0;
    %pad/u 7;
    %ix/vec4 4;
    %load/vec4a v0x56515f4b89a0, 4;
    %parti/s 1, 0, 2;
    %concat/vec4; draw_concat_vec4
    %jmp/1 T_17.71, 8;
T_17.70 ; End of true expr.
    %load/vec4 v0x56515f4b7fa0_0;
    %cmpi/e 1, 0, 2;
    %flag_mov 9, 4;
    %jmp/0 T_17.72, 9;
    %pushi/vec4 1, 0, 1;
    %concati/vec4 0, 0, 1;
    %load/vec4 v0x56515f4b7d20_0;
    %pad/u 7;
    %ix/vec4 4;
    %load/vec4a v0x56515f4b89a0, 4;
    %parti/s 1, 0, 2;
    %concat/vec4; draw_concat_vec4
    %jmp/1 T_17.73, 9;
T_17.72 ; End of true expr.
    %load/vec4 v0x56515f4b7fa0_0;
    %cmpi/e 2, 0, 2;
    %flag_mov 10, 4;
    %jmp/0 T_17.74, 10;
    %pushi/vec4 0, 0, 1;
    %load/vec4 v0x56515f4b7d20_0;
    %pad/u 7;
    %ix/vec4 4;
    %load/vec4a v0x56515f4b89a0, 4;
    %parti/s 1, 1, 2;
    %concat/vec4; draw_concat_vec4
    %concati/vec4 1, 0, 1;
    %jmp/1 T_17.75, 10;
T_17.74 ; End of true expr.
    %pushi/vec4 0, 0, 1;
    %load/vec4 v0x56515f4b7d20_0;
    %pad/u 7;
    %ix/vec4 4;
    %load/vec4a v0x56515f4b89a0, 4;
    %parti/s 1, 1, 2;
    %concat/vec4; draw_concat_vec4
    %concati/vec4 0, 0, 1;
    %jmp/0 T_17.75, 10;
 ; End of false expr.
    %blend;
T_17.75;
    %jmp/0 T_17.73, 9;
 ; End of false expr.
    %blend;
T_17.73;
    %jmp/0 T_17.71, 8;
 ; End of false expr.
    %blend;
T_17.71;
    %load/vec4 v0x56515f4b7d20_0;
    %pad/u 7;
    %ix/vec4 3;
    %ix/load 4, 0, 0; Constant delay
    %assign/vec4/a/d v0x56515f4b89a0, 0, 4;
    %pushi/vec4 1, 0, 1;
    %assign/vec4 v0x56515f4b96a0_0, 0;
    %load/vec4 v0x56515f4b8080_0;
    %flag_set/vec4 8;
    %jmp/0xz  T_17.76, 8;
    %pushi/vec4 2, 0, 2;
    %assign/vec4 v0x56515f4b9900_0, 0;
    %jmp T_17.77;
T_17.76 ;
    %load/vec4 v0x56515f4b7e00_0;
    %flag_set/vec4 9;
    %flag_get/vec4 9;
    %jmp/0 T_17.80, 9;
    %load/vec4 v0x56515f4ba500_0;
    %load/vec4 v0x56515f4ba420_0;
    %cmp/e;
    %flag_get/vec4 4;
    %and;
T_17.80;
    %flag_set/vec4 8;
    %jmp/0xz  T_17.78, 8;
    %pushi/vec4 3, 0, 2;
    %assign/vec4 v0x56515f4b9900_0, 0;
    %load/vec4 v0x56515f4afda0_0;
    %assign/vec4 v0x56515f4b7d20_0, 0;
    %load/vec4 v0x56515f4b79a0_0;
    %assign/vec4 v0x56515f4b7ec0_0, 0;
    %pushi/vec4 0, 0, 1;
    %assign/vec4 v0x56515f4b8080_0, 0;
    %pushi/vec4 0, 0, 32;
    %assign/vec4 v0x56515f4b8140_0, 0;
    %pushi/vec4 0, 0, 4;
    %assign/vec4 v0x56515f4b8220_0, 0;
    %pushi/vec4 0, 0, 2;
    %assign/vec4 v0x56515f4b83e0_0, 0;
    %load/vec4 v0x56515f4afda0_0;
    %pad/u 7;
    %ix/vec4 4;
    %load/vec4a v0x56515f4b9ce0, 4;
    %parti/s 1, 0, 2;
    %nor/r;
    %flag_set/vec4 8;
    %jmp/0 T_17.81, 8;
    %pushi/vec4 0, 0, 2;
    %jmp/1 T_17.82, 8;
T_17.81 ; End of true expr.
    %load/vec4 v0x56515f4afda0_0;
    %pad/u 7;
    %ix/vec4 4;
    %load/vec4a v0x56515f4b9ce0, 4;
    %parti/s 1, 1, 2;
    %nor/r;
    %flag_set/vec4 9;
    %jmp/0 T_17.83, 9;
    %pushi/vec4 1, 0, 2;
    %jmp/1 T_17.84, 9;
T_17.83 ; End of true expr.
    %load/vec4 v0x56515f4afda0_0;
    %pad/u 7;
    %ix/vec4 4;
    %load/vec4a v0x56515f4b9ce0, 4;
    %parti/s 1, 2, 3;
    %nor/r;
    %flag_set/vec4 10;
    %jmp/0 T_17.85, 10;
    %pushi/vec4 2, 0, 2;
    %jmp/1 T_17.86, 10;
T_17.85 ; End of true expr.
    %load/vec4 v0x56515f4afda0_0;
    %pad/u 7;
    %ix/vec4 4;
    %load/vec4a v0x56515f4b9ce0, 4;
    %parti/s 1, 3, 3;
    %nor/r;
    %flag_set/vec4 11;
    %jmp/0 T_17.87, 11;
    %pushi/vec4 3, 0, 2;
    %jmp/1 T_17.88, 11;
T_17.87 ; End of true expr.
    %load/vec4 v0x56515f4afda0_0;
    %pad/u 7;
    %ix/vec4 4;
    %load/vec4a v0x56515f4b89a0, 4;
    %parti/s 1, 2, 3;
    %nor/r;
    %flag_set/vec4 12;
    %jmp/0 T_17.89, 12;
    %load/vec4 v0x56515f4afda0_0;
    %pad/u 7;
    %ix/vec4 4;
    %load/vec4a v0x56515f4b89a0, 4;
    %parti/s 1, 1, 2;
    %flag_set/vec4 13;
    %jmp/0 T_17.91, 13;
    %pushi/vec4 1, 0, 2;
    %jmp/1 T_17.92, 13;
T_17.91 ; End of true expr.
    %pushi/vec4 0, 0, 2;
    %jmp/0 T_17.92, 13;
 ; End of false expr.
    %blend;
T_17.92;
    %jmp/1 T_17.90, 12;
T_17.89 ; End of true expr.
    %load/vec4 v0x56515f4afda0_0;
    %pad/u 7;
    %ix/vec4 4;
    %load/vec4a v0x56515f4b89a0, 4;
    %parti/s 1, 0, 2;
    %flag_set/vec4 13;
    %jmp/0 T_17.93, 13;
    %pushi/vec4 3, 0, 2;
    %jmp/1 T_17.94, 13;
T_17.93 ; End of true expr.
    %pushi/vec4 2, 0, 2;
    %jmp/0 T_17.94, 13;
 ; End of false expr.
    %blend;
T_17.94;
    %jmp/0 T_17.90, 12;
 ; End of false expr.
    %blend;
T_17.90;
    %jmp/0 T_17.88, 11;
 ; End of false expr.
    %blend;
T_17.88;
    %jmp/0 T_17.86, 10;
 ; End of false expr.
    %blend;
T_17.86;
    %jmp/0 T_17.84, 9;
 ; End of false expr.
    %blend;
T_17.84;
    %jmp/0 T_17.82, 8;
 ; End of false expr.
    %blend;
T_17.82;
    %assign/vec4 v0x56515f4b7fa0_0, 0;
    %pushi/vec4 0, 0, 32;
    %assign/vec4 v0x56515f4b8300_0, 0;
    %pushi/vec4 0, 0, 4;
    %assign/vec4 v0x56515f4af8a0_0, 0;
    %pushi/vec4 0, 0, 32;
    %assign/vec4 v0x56515f4ba500_0, 0;
    %pushi/vec4 0, 0, 32;
    %assign/vec4 v0x56515f4ba420_0, 0;
    %jmp T_17.79;
T_17.78 ;
    %pushi/vec4 0, 0, 2;
    %assign/vec4 v0x56515f4b9900_0, 0;
    %pushi/vec4 0, 0, 4;
    %assign/vec4 v0x56515f4af8a0_0, 0;
    %pushi/vec4 0, 0, 32;
    %assign/vec4 v0x56515f4ba500_0, 0;
    %pushi/vec4 0, 0, 32;
    %assign/vec4 v0x56515f4ba420_0, 0;
T_17.79 ;
T_17.77 ;
    %jmp T_17.64;
T_17.63 ;
    %load/vec4 v0x56515f4ba420_0;
    %addi 1, 0, 32;
    %assign/vec4 v0x56515f4ba420_0, 0;
T_17.64 ;
T_17.43 ;
    %jmp T_17.7;
T_17.4 ;
    %load/vec4 v0x56515f4ba500_0;
    %cmpi/u 4, 0, 32;
    %flag_get/vec4 5;
    %jmp/0 T_17.97, 5;
    %load/vec4 v0x56515f4b6390_0;
    %and;
T_17.97;
    %flag_set/vec4 8;
    %jmp/0xz  T_17.95, 8;
    %load/vec4 v0x56515f4ba500_0;
    %addi 1, 0, 32;
    %assign/vec4 v0x56515f4ba500_0, 0;
    %load/vec4 v0x56515f4af8a0_0;
    %addi 4, 0, 4;
    %assign/vec4 v0x56515f4af8a0_0, 0;
T_17.95 ;
    %load/vec4 v0x56515f4b6450_0;
    %flag_set/vec4 8;
    %jmp/0xz  T_17.98, 8;
    %load/vec4 v0x56515f4b62b0_0;
    %store/vec4 v0x56515f4b5eb0_0, 0, 32;
    %load/vec4 v0x56515f4b7fa0_0;
    %dup/vec4;
    %pushi/vec4 0, 0, 2;
    %cmp/u;
    %jmp/1 T_17.100, 6;
    %dup/vec4;
    %pushi/vec4 1, 0, 2;
    %cmp/u;
    %jmp/1 T_17.101, 6;
    %dup/vec4;
    %pushi/vec4 2, 0, 2;
    %cmp/u;
    %jmp/1 T_17.102, 6;
    %load/vec4 v0x56515f4b5eb0_0;
    %load/vec4 v0x56515f4b7d20_0;
    %pad/u 10;
    %pad/u 12;
    %muli 4, 0, 12;
    %pad/u 13;
    %load/vec4 v0x56515f4ba420_0;
    %pad/u 13;
    %add;
    %ix/vec4 3;
    %ix/load 4, 0, 0; Constant delay
    %assign/vec4/a/d v0x56515f4b5df0, 0, 4;
    %jmp T_17.104;
T_17.100 ;
    %load/vec4 v0x56515f4b5eb0_0;
    %load/vec4 v0x56515f4b7d20_0;
    %pad/u 10;
    %pad/u 12;
    %muli 4, 0, 12;
    %pad/u 13;
    %load/vec4 v0x56515f4ba420_0;
    %pad/u 13;
    %add;
    %ix/vec4 3;
    %ix/load 4, 0, 0; Constant delay
    %assign/vec4/a/d v0x56515f4b5bb0, 0, 4;
    %jmp T_17.104;
T_17.101 ;
    %load/vec4 v0x56515f4b5eb0_0;
    %load/vec4 v0x56515f4b7d20_0;
    %pad/u 10;
    %pad/u 12;
    %muli 4, 0, 12;
    %pad/u 13;
    %load/vec4 v0x56515f4ba420_0;
    %pad/u 13;
    %add;
    %ix/vec4 3;
    %ix/load 4, 0, 0; Constant delay
    %assign/vec4/a/d v0x56515f4b5c70, 0, 4;
    %jmp T_17.104;
T_17.102 ;
    %load/vec4 v0x56515f4b5eb0_0;
    %load/vec4 v0x56515f4b7d20_0;
    %pad/u 10;
    %pad/u 12;
    %muli 4, 0, 12;
    %pad/u 13;
    %load/vec4 v0x56515f4ba420_0;
    %pad/u 13;
    %add;
    %ix/vec4 3;
    %ix/load 4, 0, 0; Constant delay
    %assign/vec4/a/d v0x56515f4b5d30, 0, 4;
    %jmp T_17.104;
T_17.104 ;
    %pop/vec4 1;
    %load/vec4 v0x56515f4ba420_0;
    %cmpi/e 3, 0, 32;
    %jmp/0xz  T_17.105, 4;
    %load/vec4 v0x56515f4b7fa0_0;
    %dup/vec4;
    %pushi/vec4 0, 0, 2;
    %cmp/u;
    %jmp/1 T_17.107, 6;
    %dup/vec4;
    %pushi/vec4 1, 0, 2;
    %cmp/u;
    %jmp/1 T_17.108, 6;
    %dup/vec4;
    %pushi/vec4 2, 0, 2;
    %cmp/u;
    %jmp/1 T_17.109, 6;
    %load/vec4 v0x56515f4b7ec0_0;
    %load/vec4 v0x56515f4b7d20_0;
    %pad/u 7;
    %ix/vec4 3;
    %ix/load 4, 0, 0; Constant delay
    %assign/vec4/a/d v0x56515f4b9c20, 0, 4;
    %jmp T_17.111;
T_17.107 ;
    %load/vec4 v0x56515f4b7ec0_0;
    %load/vec4 v0x56515f4b7d20_0;
    %pad/u 7;
    %ix/vec4 3;
    %ix/load 4, 0, 0; Constant delay
    %assign/vec4/a/d v0x56515f4b99e0, 0, 4;
    %jmp T_17.111;
T_17.108 ;
    %load/vec4 v0x56515f4b7ec0_0;
    %load/vec4 v0x56515f4b7d20_0;
    %pad/u 7;
    %ix/vec4 3;
    %ix/load 4, 0, 0; Constant delay
    %assign/vec4/a/d v0x56515f4b9aa0, 0, 4;
    %jmp T_17.111;
T_17.109 ;
    %load/vec4 v0x56515f4b7ec0_0;
    %load/vec4 v0x56515f4b7d20_0;
    %pad/u 7;
    %ix/vec4 3;
    %ix/load 4, 0, 0; Constant delay
    %assign/vec4/a/d v0x56515f4b9b60, 0, 4;
    %jmp T_17.111;
T_17.111 ;
    %pop/vec4 1;
    %pushi/vec4 1, 0, 1;
    %load/vec4 v0x56515f4b7d20_0;
    %pad/u 7;
    %ix/vec4 4;
    %flag_mov 8, 4;
    %ix/getv 5, v0x56515f4b7fa0_0;
    %flag_or 8, 4;
    %ix/load 6, 0, 0; Constant delay
    %ix/mov 3, 4;
    %flag_mov 4, 8;
    %assign/vec4/a/d v0x56515f4b9ce0, 5, 6;
    %load/vec4 v0x56515f4b7fa0_0;
    %cmpi/e 0, 0, 2;
    %flag_mov 8, 4;
    %jmp/0 T_17.112, 8;
    %pushi/vec4 1, 0, 1;
    %concati/vec4 1, 0, 1;
    %load/vec4 v0x56515f4b7d20_0;
    %pad/u 7;
    %ix/vec4 4;
    %load/vec4a v0x56515f4b89a0, 4;
    %parti/s 1, 0, 2;
    %concat/vec4; draw_concat_vec4
    %jmp/1 T_17.113, 8;
T_17.112 ; End of true expr.
    %load/vec4 v0x56515f4b7fa0_0;
    %cmpi/e 1, 0, 2;
    %flag_mov 9, 4;
    %jmp/0 T_17.114, 9;
    %pushi/vec4 1, 0, 1;
    %concati/vec4 0, 0, 1;
    %load/vec4 v0x56515f4b7d20_0;
    %pad/u 7;
    %ix/vec4 4;
    %load/vec4a v0x56515f4b89a0, 4;
    %parti/s 1, 0, 2;
    %concat/vec4; draw_concat_vec4
    %jmp/1 T_17.115, 9;
T_17.114 ; End of true expr.
    %load/vec4 v0x56515f4b7fa0_0;
    %cmpi/e 2, 0, 2;
    %flag_mov 10, 4;
    %jmp/0 T_17.116, 10;
    %pushi/vec4 0, 0, 1;
    %load/vec4 v0x56515f4b7d20_0;
    %pad/u 7;
    %ix/vec4 4;
    %load/vec4a v0x56515f4b89a0, 4;
    %parti/s 1, 1, 2;
    %concat/vec4; draw_concat_vec4
    %concati/vec4 1, 0, 1;
    %jmp/1 T_17.117, 10;
T_17.116 ; End of true expr.
    %pushi/vec4 0, 0, 1;
    %load/vec4 v0x56515f4b7d20_0;
    %pad/u 7;
    %ix/vec4 4;
    %load/vec4a v0x56515f4b89a0, 4;
    %parti/s 1, 1, 2;
    %concat/vec4; draw_concat_vec4
    %concati/vec4 0, 0, 1;
    %jmp/0 T_17.117, 10;
 ; End of false expr.
    %blend;
T_17.117;
    %jmp/0 T_17.115, 9;
 ; End of false expr.
    %blend;
T_17.115;
    %jmp/0 T_17.113, 8;
 ; End of false expr.
    %blend;
T_17.113;
    %load/vec4 v0x56515f4b7d20_0;
    %pad/u 7;
    %ix/vec4 3;
    %ix/load 4, 0, 0; Constant delay
    %assign/vec4/a/d v0x56515f4b89a0, 0, 4;
    %pushi/vec4 0, 0, 2;
    %assign/vec4 v0x56515f4b9900_0, 0;
    %jmp T_17.106;
T_17.105 ;
    %load/vec4 v0x56515f4ba420_0;
    %addi 1, 0, 32;
    %assign/vec4 v0x56515f4ba420_0, 0;
T_17.106 ;
T_17.98 ;
    %jmp T_17.7;
T_17.5 ;
    %load/vec4 v0x56515f4b6390_0;
    %flag_set/vec4 8;
    %jmp/0xz  T_17.118, 8;
    %load/vec4 v0x56515f4b7e00_0;
    %flag_set/vec4 9;
    %flag_get/vec4 9;
    %jmp/0 T_17.122, 9;
    %load/vec4 v0x56515f4ba500_0;
    %load/vec4 v0x56515f4ba420_0;
    %cmp/e;
    %flag_get/vec4 4;
    %and;
T_17.122;
    %flag_set/vec4 8;
    %jmp/0xz  T_17.120, 8;
    %pushi/vec4 3, 0, 2;
    %assign/vec4 v0x56515f4b9900_0, 0;
    %load/vec4 v0x56515f4afda0_0;
    %assign/vec4 v0x56515f4b7d20_0, 0;
    %load/vec4 v0x56515f4b79a0_0;
    %assign/vec4 v0x56515f4b7ec0_0, 0;
    %pushi/vec4 0, 0, 1;
    %assign/vec4 v0x56515f4b8080_0, 0;
    %pushi/vec4 0, 0, 32;
    %assign/vec4 v0x56515f4b8140_0, 0;
    %pushi/vec4 0, 0, 4;
    %assign/vec4 v0x56515f4b8220_0, 0;
    %pushi/vec4 0, 0, 2;
    %assign/vec4 v0x56515f4b83e0_0, 0;
    %load/vec4 v0x56515f4afda0_0;
    %pad/u 7;
    %ix/vec4 4;
    %load/vec4a v0x56515f4b9ce0, 4;
    %parti/s 1, 0, 2;
    %nor/r;
    %flag_set/vec4 8;
    %jmp/0 T_17.123, 8;
    %pushi/vec4 0, 0, 2;
    %jmp/1 T_17.124, 8;
T_17.123 ; End of true expr.
    %load/vec4 v0x56515f4afda0_0;
    %pad/u 7;
    %ix/vec4 4;
    %load/vec4a v0x56515f4b9ce0, 4;
    %parti/s 1, 1, 2;
    %nor/r;
    %flag_set/vec4 9;
    %jmp/0 T_17.125, 9;
    %pushi/vec4 1, 0, 2;
    %jmp/1 T_17.126, 9;
T_17.125 ; End of true expr.
    %load/vec4 v0x56515f4afda0_0;
    %pad/u 7;
    %ix/vec4 4;
    %load/vec4a v0x56515f4b9ce0, 4;
    %parti/s 1, 2, 3;
    %nor/r;
    %flag_set/vec4 10;
    %jmp/0 T_17.127, 10;
    %pushi/vec4 2, 0, 2;
    %jmp/1 T_17.128, 10;
T_17.127 ; End of true expr.
    %load/vec4 v0x56515f4afda0_0;
    %pad/u 7;
    %ix/vec4 4;
    %load/vec4a v0x56515f4b9ce0, 4;
    %parti/s 1, 3, 3;
    %nor/r;
    %flag_set/vec4 11;
    %jmp/0 T_17.129, 11;
    %pushi/vec4 3, 0, 2;
    %jmp/1 T_17.130, 11;
T_17.129 ; End of true expr.
    %load/vec4 v0x56515f4afda0_0;
    %pad/u 7;
    %ix/vec4 4;
    %load/vec4a v0x56515f4b89a0, 4;
    %parti/s 1, 2, 3;
    %nor/r;
    %flag_set/vec4 12;
    %jmp/0 T_17.131, 12;
    %load/vec4 v0x56515f4afda0_0;
    %pad/u 7;
    %ix/vec4 4;
    %load/vec4a v0x56515f4b89a0, 4;
    %parti/s 1, 1, 2;
    %flag_set/vec4 13;
    %jmp/0 T_17.133, 13;
    %pushi/vec4 1, 0, 2;
    %jmp/1 T_17.134, 13;
T_17.133 ; End of true expr.
    %pushi/vec4 0, 0, 2;
    %jmp/0 T_17.134, 13;
 ; End of false expr.
    %blend;
T_17.134;
    %jmp/1 T_17.132, 12;
T_17.131 ; End of true expr.
    %load/vec4 v0x56515f4afda0_0;
    %pad/u 7;
    %ix/vec4 4;
    %load/vec4a v0x56515f4b89a0, 4;
    %parti/s 1, 0, 2;
    %flag_set/vec4 13;
    %jmp/0 T_17.135, 13;
    %pushi/vec4 3, 0, 2;
    %jmp/1 T_17.136, 13;
T_17.135 ; End of true expr.
    %pushi/vec4 2, 0, 2;
    %jmp/0 T_17.136, 13;
 ; End of false expr.
    %blend;
T_17.136;
    %jmp/0 T_17.132, 12;
 ; End of false expr.
    %blend;
T_17.132;
    %jmp/0 T_17.130, 11;
 ; End of false expr.
    %blend;
T_17.130;
    %jmp/0 T_17.128, 10;
 ; End of false expr.
    %blend;
T_17.128;
    %jmp/0 T_17.126, 9;
 ; End of false expr.
    %blend;
T_17.126;
    %jmp/0 T_17.124, 8;
 ; End of false expr.
    %blend;
T_17.124;
    %assign/vec4 v0x56515f4b7fa0_0, 0;
    %pushi/vec4 0, 0, 32;
    %assign/vec4 v0x56515f4b8300_0, 0;
    %pushi/vec4 0, 0, 4;
    %assign/vec4 v0x56515f4af8a0_0, 0;
    %pushi/vec4 0, 0, 32;
    %assign/vec4 v0x56515f4ba500_0, 0;
    %pushi/vec4 0, 0, 32;
    %assign/vec4 v0x56515f4ba420_0, 0;
    %jmp T_17.121;
T_17.120 ;
    %pushi/vec4 0, 0, 2;
    %assign/vec4 v0x56515f4b9900_0, 0;
T_17.121 ;
T_17.118 ;
    %jmp T_17.7;
T_17.7 ;
    %pop/vec4 1;
T_17.1 ;
    %jmp T_17;
    .thread T_17;
    .scope S_0x56515f43cf80;
T_18 ;
    %wait E_0x56515f184110;
    %load/vec4 v0x56515f2ec170_0;
    %dup/vec4;
    %pushi/vec4 0, 0, 2;
    %cmp/u;
    %jmp/1 T_18.0, 6;
    %dup/vec4;
    %pushi/vec4 1, 0, 2;
    %cmp/u;
    %jmp/1 T_18.1, 6;
    %dup/vec4;
    %pushi/vec4 2, 0, 2;
    %cmp/u;
    %jmp/1 T_18.2, 6;
    %load/vec4 v0x56515f295f90_0;
    %store/vec4 v0x56515f2cc590_0, 0, 32;
    %jmp T_18.4;
T_18.0 ;
    %load/vec4 v0x56515f294910_0;
    %store/vec4 v0x56515f2cc590_0, 0, 32;
    %jmp T_18.4;
T_18.1 ;
    %load/vec4 v0x56515f295030_0;
    %store/vec4 v0x56515f2cc590_0, 0, 32;
    %jmp T_18.4;
T_18.2 ;
    %load/vec4 v0x56515f2957e0_0;
    %store/vec4 v0x56515f2cc590_0, 0, 32;
    %jmp T_18.4;
T_18.4 ;
    %pop/vec4 1;
    %jmp T_18;
    .thread T_18, $push;
    .scope S_0x56515f43cf80;
T_19 ;
    %wait E_0x56515f183e60;
    %load/vec4 v0x56515f2f11c0_0;
    %flag_set/vec4 8;
    %jmp/0xz  T_19.0, 8;
    %pushi/vec4 0, 0, 2;
    %assign/vec4 v0x56515f2b3ff0_0, 0;
    %pushi/vec4 0, 0, 4;
    %assign/vec4 v0x56515f2f7070_0, 0;
    %pushi/vec4 0, 0, 32;
    %assign/vec4 v0x56515f296820_0, 0;
    %pushi/vec4 0, 0, 32;
    %assign/vec4 v0x56515f296740_0, 0;
    %pushi/vec4 0, 0, 5;
    %assign/vec4 v0x56515f380130_0, 0;
    %pushi/vec4 0, 0, 23;
    %assign/vec4 v0x56515f381c40_0, 0;
    %pushi/vec4 0, 0, 1;
    %assign/vec4 v0x56515f4509d0_0, 0;
    %pushi/vec4 0, 0, 32;
    %assign/vec4 v0x56515f450a70_0, 0;
    %pushi/vec4 0, 0, 4;
    %assign/vec4 v0x56515f29aa80_0, 0;
    %pushi/vec4 0, 0, 2;
    %assign/vec4 v0x56515f2ac4c0_0, 0;
    %pushi/vec4 0, 0, 2;
    %assign/vec4 v0x56515f381d00_0, 0;
    %pushi/vec4 0, 0, 32;
    %assign/vec4 v0x56515f29ab60_0, 0;
    %pushi/vec4 0, 0, 1;
    %assign/vec4 v0x56515f2d6730_0, 0;
    %pushi/vec4 0, 0, 32;
    %assign/vec4 v0x56515f2d9c40_0, 0;
    %pushi/vec4 0, 0, 4;
    %ix/load 3, 0, 0;
    %flag_set/imm 4, 0;
    %ix/load 4, 0, 0; Constant delay
    %assign/vec4/a/d v0x56515f294220, 0, 4;
    %pushi/vec4 0, 0, 3;
    %ix/load 3, 0, 0;
    %flag_set/imm 4, 0;
    %ix/load 4, 0, 0; Constant delay
    %assign/vec4/a/d v0x56515f33d270, 0, 4;
    %pushi/vec4 0, 0, 4;
    %ix/load 3, 1, 0;
    %flag_set/imm 4, 0;
    %ix/load 4, 0, 0; Constant delay
    %assign/vec4/a/d v0x56515f294220, 0, 4;
    %pushi/vec4 0, 0, 3;
    %ix/load 3, 1, 0;
    %flag_set/imm 4, 0;
    %ix/load 4, 0, 0; Constant delay
    %assign/vec4/a/d v0x56515f33d270, 0, 4;
    %pushi/vec4 0, 0, 4;
    %ix/load 3, 2, 0;
    %flag_set/imm 4, 0;
    %ix/load 4, 0, 0; Constant delay
    %assign/vec4/a/d v0x56515f294220, 0, 4;
    %pushi/vec4 0, 0, 3;
    %ix/load 3, 2, 0;
    %flag_set/imm 4, 0;
    %ix/load 4, 0, 0; Constant delay
    %assign/vec4/a/d v0x56515f33d270, 0, 4;
    %pushi/vec4 0, 0, 4;
    %ix/load 3, 3, 0;
    %flag_set/imm 4, 0;
    %ix/load 4, 0, 0; Constant delay
    %assign/vec4/a/d v0x56515f294220, 0, 4;
    %pushi/vec4 0, 0, 3;
    %ix/load 3, 3, 0;
    %flag_set/imm 4, 0;
    %ix/load 4, 0, 0; Constant delay
    %assign/vec4/a/d v0x56515f33d270, 0, 4;
    %pushi/vec4 0, 0, 4;
    %ix/load 3, 4, 0;
    %flag_set/imm 4, 0;
    %ix/load 4, 0, 0; Constant delay
    %assign/vec4/a/d v0x56515f294220, 0, 4;
    %pushi/vec4 0, 0, 3;
    %ix/load 3, 4, 0;
    %flag_set/imm 4, 0;
    %ix/load 4, 0, 0; Constant delay
    %assign/vec4/a/d v0x56515f33d270, 0, 4;
    %pushi/vec4 0, 0, 4;
    %ix/load 3, 5, 0;
    %flag_set/imm 4, 0;
    %ix/load 4, 0, 0; Constant delay
    %assign/vec4/a/d v0x56515f294220, 0, 4;
    %pushi/vec4 0, 0, 3;
    %ix/load 3, 5, 0;
    %flag_set/imm 4, 0;
    %ix/load 4, 0, 0; Constant delay
    %assign/vec4/a/d v0x56515f33d270, 0, 4;
    %pushi/vec4 0, 0, 4;
    %ix/load 3, 6, 0;
    %flag_set/imm 4, 0;
    %ix/load 4, 0, 0; Constant delay
    %assign/vec4/a/d v0x56515f294220, 0, 4;
    %pushi/vec4 0, 0, 3;
    %ix/load 3, 6, 0;
    %flag_set/imm 4, 0;
    %ix/load 4, 0, 0; Constant delay
    %assign/vec4/a/d v0x56515f33d270, 0, 4;
    %pushi/vec4 0, 0, 4;
    %ix/load 3, 7, 0;
    %flag_set/imm 4, 0;
    %ix/load 4, 0, 0; Constant delay
    %assign/vec4/a/d v0x56515f294220, 0, 4;
    %pushi/vec4 0, 0, 3;
    %ix/load 3, 7, 0;
    %flag_set/imm 4, 0;
    %ix/load 4, 0, 0; Constant delay
    %assign/vec4/a/d v0x56515f33d270, 0, 4;
    %pushi/vec4 0, 0, 4;
    %ix/load 3, 8, 0;
    %flag_set/imm 4, 0;
    %ix/load 4, 0, 0; Constant delay
    %assign/vec4/a/d v0x56515f294220, 0, 4;
    %pushi/vec4 0, 0, 3;
    %ix/load 3, 8, 0;
    %flag_set/imm 4, 0;
    %ix/load 4, 0, 0; Constant delay
    %assign/vec4/a/d v0x56515f33d270, 0, 4;
    %pushi/vec4 0, 0, 4;
    %ix/load 3, 9, 0;
    %flag_set/imm 4, 0;
    %ix/load 4, 0, 0; Constant delay
    %assign/vec4/a/d v0x56515f294220, 0, 4;
    %pushi/vec4 0, 0, 3;
    %ix/load 3, 9, 0;
    %flag_set/imm 4, 0;
    %ix/load 4, 0, 0; Constant delay
    %assign/vec4/a/d v0x56515f33d270, 0, 4;
    %pushi/vec4 0, 0, 4;
    %ix/load 3, 10, 0;
    %flag_set/imm 4, 0;
    %ix/load 4, 0, 0; Constant delay
    %assign/vec4/a/d v0x56515f294220, 0, 4;
    %pushi/vec4 0, 0, 3;
    %ix/load 3, 10, 0;
    %flag_set/imm 4, 0;
    %ix/load 4, 0, 0; Constant delay
    %assign/vec4/a/d v0x56515f33d270, 0, 4;
    %pushi/vec4 0, 0, 4;
    %ix/load 3, 11, 0;
    %flag_set/imm 4, 0;
    %ix/load 4, 0, 0; Constant delay
    %assign/vec4/a/d v0x56515f294220, 0, 4;
    %pushi/vec4 0, 0, 3;
    %ix/load 3, 11, 0;
    %flag_set/imm 4, 0;
    %ix/load 4, 0, 0; Constant delay
    %assign/vec4/a/d v0x56515f33d270, 0, 4;
    %pushi/vec4 0, 0, 4;
    %ix/load 3, 12, 0;
    %flag_set/imm 4, 0;
    %ix/load 4, 0, 0; Constant delay
    %assign/vec4/a/d v0x56515f294220, 0, 4;
    %pushi/vec4 0, 0, 3;
    %ix/load 3, 12, 0;
    %flag_set/imm 4, 0;
    %ix/load 4, 0, 0; Constant delay
    %assign/vec4/a/d v0x56515f33d270, 0, 4;
    %pushi/vec4 0, 0, 4;
    %ix/load 3, 13, 0;
    %flag_set/imm 4, 0;
    %ix/load 4, 0, 0; Constant delay
    %assign/vec4/a/d v0x56515f294220, 0, 4;
    %pushi/vec4 0, 0, 3;
    %ix/load 3, 13, 0;
    %flag_set/imm 4, 0;
    %ix/load 4, 0, 0; Constant delay
    %assign/vec4/a/d v0x56515f33d270, 0, 4;
    %pushi/vec4 0, 0, 4;
    %ix/load 3, 14, 0;
    %flag_set/imm 4, 0;
    %ix/load 4, 0, 0; Constant delay
    %assign/vec4/a/d v0x56515f294220, 0, 4;
    %pushi/vec4 0, 0, 3;
    %ix/load 3, 14, 0;
    %flag_set/imm 4, 0;
    %ix/load 4, 0, 0; Constant delay
    %assign/vec4/a/d v0x56515f33d270, 0, 4;
    %pushi/vec4 0, 0, 4;
    %ix/load 3, 15, 0;
    %flag_set/imm 4, 0;
    %ix/load 4, 0, 0; Constant delay
    %assign/vec4/a/d v0x56515f294220, 0, 4;
    %pushi/vec4 0, 0, 3;
    %ix/load 3, 15, 0;
    %flag_set/imm 4, 0;
    %ix/load 4, 0, 0; Constant delay
    %assign/vec4/a/d v0x56515f33d270, 0, 4;
    %pushi/vec4 0, 0, 4;
    %ix/load 3, 16, 0;
    %flag_set/imm 4, 0;
    %ix/load 4, 0, 0; Constant delay
    %assign/vec4/a/d v0x56515f294220, 0, 4;
    %pushi/vec4 0, 0, 3;
    %ix/load 3, 16, 0;
    %flag_set/imm 4, 0;
    %ix/load 4, 0, 0; Constant delay
    %assign/vec4/a/d v0x56515f33d270, 0, 4;
    %pushi/vec4 0, 0, 4;
    %ix/load 3, 17, 0;
    %flag_set/imm 4, 0;
    %ix/load 4, 0, 0; Constant delay
    %assign/vec4/a/d v0x56515f294220, 0, 4;
    %pushi/vec4 0, 0, 3;
    %ix/load 3, 17, 0;
    %flag_set/imm 4, 0;
    %ix/load 4, 0, 0; Constant delay
    %assign/vec4/a/d v0x56515f33d270, 0, 4;
    %pushi/vec4 0, 0, 4;
    %ix/load 3, 18, 0;
    %flag_set/imm 4, 0;
    %ix/load 4, 0, 0; Constant delay
    %assign/vec4/a/d v0x56515f294220, 0, 4;
    %pushi/vec4 0, 0, 3;
    %ix/load 3, 18, 0;
    %flag_set/imm 4, 0;
    %ix/load 4, 0, 0; Constant delay
    %assign/vec4/a/d v0x56515f33d270, 0, 4;
    %pushi/vec4 0, 0, 4;
    %ix/load 3, 19, 0;
    %flag_set/imm 4, 0;
    %ix/load 4, 0, 0; Constant delay
    %assign/vec4/a/d v0x56515f294220, 0, 4;
    %pushi/vec4 0, 0, 3;
    %ix/load 3, 19, 0;
    %flag_set/imm 4, 0;
    %ix/load 4, 0, 0; Constant delay
    %assign/vec4/a/d v0x56515f33d270, 0, 4;
    %pushi/vec4 0, 0, 4;
    %ix/load 3, 20, 0;
    %flag_set/imm 4, 0;
    %ix/load 4, 0, 0; Constant delay
    %assign/vec4/a/d v0x56515f294220, 0, 4;
    %pushi/vec4 0, 0, 3;
    %ix/load 3, 20, 0;
    %flag_set/imm 4, 0;
    %ix/load 4, 0, 0; Constant delay
    %assign/vec4/a/d v0x56515f33d270, 0, 4;
    %pushi/vec4 0, 0, 4;
    %ix/load 3, 21, 0;
    %flag_set/imm 4, 0;
    %ix/load 4, 0, 0; Constant delay
    %assign/vec4/a/d v0x56515f294220, 0, 4;
    %pushi/vec4 0, 0, 3;
    %ix/load 3, 21, 0;
    %flag_set/imm 4, 0;
    %ix/load 4, 0, 0; Constant delay
    %assign/vec4/a/d v0x56515f33d270, 0, 4;
    %pushi/vec4 0, 0, 4;
    %ix/load 3, 22, 0;
    %flag_set/imm 4, 0;
    %ix/load 4, 0, 0; Constant delay
    %assign/vec4/a/d v0x56515f294220, 0, 4;
    %pushi/vec4 0, 0, 3;
    %ix/load 3, 22, 0;
    %flag_set/imm 4, 0;
    %ix/load 4, 0, 0; Constant delay
    %assign/vec4/a/d v0x56515f33d270, 0, 4;
    %pushi/vec4 0, 0, 4;
    %ix/load 3, 23, 0;
    %flag_set/imm 4, 0;
    %ix/load 4, 0, 0; Constant delay
    %assign/vec4/a/d v0x56515f294220, 0, 4;
    %pushi/vec4 0, 0, 3;
    %ix/load 3, 23, 0;
    %flag_set/imm 4, 0;
    %ix/load 4, 0, 0; Constant delay
    %assign/vec4/a/d v0x56515f33d270, 0, 4;
    %pushi/vec4 0, 0, 4;
    %ix/load 3, 24, 0;
    %flag_set/imm 4, 0;
    %ix/load 4, 0, 0; Constant delay
    %assign/vec4/a/d v0x56515f294220, 0, 4;
    %pushi/vec4 0, 0, 3;
    %ix/load 3, 24, 0;
    %flag_set/imm 4, 0;
    %ix/load 4, 0, 0; Constant delay
    %assign/vec4/a/d v0x56515f33d270, 0, 4;
    %pushi/vec4 0, 0, 4;
    %ix/load 3, 25, 0;
    %flag_set/imm 4, 0;
    %ix/load 4, 0, 0; Constant delay
    %assign/vec4/a/d v0x56515f294220, 0, 4;
    %pushi/vec4 0, 0, 3;
    %ix/load 3, 25, 0;
    %flag_set/imm 4, 0;
    %ix/load 4, 0, 0; Constant delay
    %assign/vec4/a/d v0x56515f33d270, 0, 4;
    %pushi/vec4 0, 0, 4;
    %ix/load 3, 26, 0;
    %flag_set/imm 4, 0;
    %ix/load 4, 0, 0; Constant delay
    %assign/vec4/a/d v0x56515f294220, 0, 4;
    %pushi/vec4 0, 0, 3;
    %ix/load 3, 26, 0;
    %flag_set/imm 4, 0;
    %ix/load 4, 0, 0; Constant delay
    %assign/vec4/a/d v0x56515f33d270, 0, 4;
    %pushi/vec4 0, 0, 4;
    %ix/load 3, 27, 0;
    %flag_set/imm 4, 0;
    %ix/load 4, 0, 0; Constant delay
    %assign/vec4/a/d v0x56515f294220, 0, 4;
    %pushi/vec4 0, 0, 3;
    %ix/load 3, 27, 0;
    %flag_set/imm 4, 0;
    %ix/load 4, 0, 0; Constant delay
    %assign/vec4/a/d v0x56515f33d270, 0, 4;
    %pushi/vec4 0, 0, 4;
    %ix/load 3, 28, 0;
    %flag_set/imm 4, 0;
    %ix/load 4, 0, 0; Constant delay
    %assign/vec4/a/d v0x56515f294220, 0, 4;
    %pushi/vec4 0, 0, 3;
    %ix/load 3, 28, 0;
    %flag_set/imm 4, 0;
    %ix/load 4, 0, 0; Constant delay
    %assign/vec4/a/d v0x56515f33d270, 0, 4;
    %pushi/vec4 0, 0, 4;
    %ix/load 3, 29, 0;
    %flag_set/imm 4, 0;
    %ix/load 4, 0, 0; Constant delay
    %assign/vec4/a/d v0x56515f294220, 0, 4;
    %pushi/vec4 0, 0, 3;
    %ix/load 3, 29, 0;
    %flag_set/imm 4, 0;
    %ix/load 4, 0, 0; Constant delay
    %assign/vec4/a/d v0x56515f33d270, 0, 4;
    %pushi/vec4 0, 0, 4;
    %ix/load 3, 30, 0;
    %flag_set/imm 4, 0;
    %ix/load 4, 0, 0; Constant delay
    %assign/vec4/a/d v0x56515f294220, 0, 4;
    %pushi/vec4 0, 0, 3;
    %ix/load 3, 30, 0;
    %flag_set/imm 4, 0;
    %ix/load 4, 0, 0; Constant delay
    %assign/vec4/a/d v0x56515f33d270, 0, 4;
    %pushi/vec4 0, 0, 4;
    %ix/load 3, 31, 0;
    %flag_set/imm 4, 0;
    %ix/load 4, 0, 0; Constant delay
    %assign/vec4/a/d v0x56515f294220, 0, 4;
    %pushi/vec4 0, 0, 3;
    %ix/load 3, 31, 0;
    %flag_set/imm 4, 0;
    %ix/load 4, 0, 0; Constant delay
    %assign/vec4/a/d v0x56515f33d270, 0, 4;
    %jmp T_19.1;
T_19.0 ;
    %load/vec4 v0x56515f2b3ff0_0;
    %dup/vec4;
    %pushi/vec4 0, 0, 2;
    %cmp/u;
    %jmp/1 T_19.2, 6;
    %dup/vec4;
    %pushi/vec4 1, 0, 2;
    %cmp/u;
    %jmp/1 T_19.3, 6;
    %dup/vec4;
    %pushi/vec4 3, 0, 2;
    %cmp/u;
    %jmp/1 T_19.4, 6;
    %dup/vec4;
    %pushi/vec4 2, 0, 2;
    %cmp/u;
    %jmp/1 T_19.5, 6;
    %pushi/vec4 0, 0, 2;
    %assign/vec4 v0x56515f2b3ff0_0, 0;
    %pushi/vec4 0, 0, 32;
    %assign/vec4 v0x56515f296820_0, 0;
    %pushi/vec4 0, 0, 32;
    %assign/vec4 v0x56515f296740_0, 0;
    %pushi/vec4 0, 0, 4;
    %assign/vec4 v0x56515f2f7070_0, 0;
    %pushi/vec4 0, 0, 1;
    %assign/vec4 v0x56515f2d6730_0, 0;
    %jmp T_19.7;
T_19.2 ;
    %load/vec4 v0x56515f2b9870_0;
    %flag_set/vec4 8;
    %jmp/1 T_19.10, 8;
    %load/vec4 v0x56515f2f1120_0;
    %flag_set/vec4 9;
    %flag_or 8, 9;
T_19.10;
    %jmp/0xz  T_19.8, 8;
    %load/vec4 v0x56515f2ea030_0;
    %flag_set/vec4 8;
    %jmp/0xz  T_19.11, 8;
    %load/vec4 v0x56515f2f1120_0;
    %flag_set/vec4 8;
    %jmp/0xz  T_19.13, 8;
    %load/vec4 v0x56515f2ec170_0;
    %dup/vec4;
    %pushi/vec4 0, 0, 2;
    %cmp/u;
    %jmp/1 T_19.15, 6;
    %dup/vec4;
    %pushi/vec4 1, 0, 2;
    %cmp/u;
    %jmp/1 T_19.16, 6;
    %dup/vec4;
    %pushi/vec4 2, 0, 2;
    %cmp/u;
    %jmp/1 T_19.17, 6;
    %load/vec4 v0x56515f2ec230_0;
    %load/vec4 v0x56515f2cfad0_0;
    %pad/u 10;
    %pad/u 12;
    %muli 4, 0, 12;
    %pad/u 13;
    %load/vec4 v0x56515f2d30a0_0;
    %pad/u 4;
    %pad/u 13;
    %add;
    %ix/vec4 3;
    %ix/load 4, 0, 0; Constant delay
    %assign/vec4/a/d v0x56515f2e7df0, 0, 4;
    %jmp T_19.19;
T_19.15 ;
    %load/vec4 v0x56515f2ec230_0;
    %load/vec4 v0x56515f2cfad0_0;
    %pad/u 10;
    %pad/u 12;
    %muli 4, 0, 12;
    %pad/u 13;
    %load/vec4 v0x56515f2d30a0_0;
    %pad/u 4;
    %pad/u 13;
    %add;
    %ix/vec4 3;
    %ix/load 4, 0, 0; Constant delay
    %assign/vec4/a/d v0x56515f2b7650, 0, 4;
    %jmp T_19.19;
T_19.16 ;
    %load/vec4 v0x56515f2ec230_0;
    %load/vec4 v0x56515f2cfad0_0;
    %pad/u 10;
    %pad/u 12;
    %muli 4, 0, 12;
    %pad/u 13;
    %load/vec4 v0x56515f2d30a0_0;
    %pad/u 4;
    %pad/u 13;
    %add;
    %ix/vec4 3;
    %ix/load 4, 0, 0; Constant delay
    %assign/vec4/a/d v0x56515f2b7710, 0, 4;
    %jmp T_19.19;
T_19.17 ;
    %load/vec4 v0x56515f2ec230_0;
    %load/vec4 v0x56515f2cfad0_0;
    %pad/u 10;
    %pad/u 12;
    %muli 4, 0, 12;
    %pad/u 13;
    %load/vec4 v0x56515f2d30a0_0;
    %pad/u 4;
    %pad/u 13;
    %add;
    %ix/vec4 3;
    %ix/load 4, 0, 0; Constant delay
    %assign/vec4/a/d v0x56515f2e7d30, 0, 4;
    %jmp T_19.19;
T_19.19 ;
    %pop/vec4 1;
T_19.13 ;
    %load/vec4 v0x56515f2ec170_0;
    %cmpi/e 0, 0, 2;
    %flag_mov 8, 4;
    %jmp/0 T_19.20, 8;
    %pushi/vec4 1, 0, 1;
    %concati/vec4 1, 0, 1;
    %load/vec4 v0x56515f2cfad0_0;
    %pad/u 7;
    %ix/vec4 4;
    %load/vec4a v0x56515f33d270, 4;
    %parti/s 1, 0, 2;
    %concat/vec4; draw_concat_vec4
    %jmp/1 T_19.21, 8;
T_19.20 ; End of true expr.
    %load/vec4 v0x56515f2ec170_0;
    %cmpi/e 1, 0, 2;
    %flag_mov 9, 4;
    %jmp/0 T_19.22, 9;
    %pushi/vec4 1, 0, 1;
    %concati/vec4 0, 0, 1;
    %load/vec4 v0x56515f2cfad0_0;
    %pad/u 7;
    %ix/vec4 4;
    %load/vec4a v0x56515f33d270, 4;
    %parti/s 1, 0, 2;
    %concat/vec4; draw_concat_vec4
    %jmp/1 T_19.23, 9;
T_19.22 ; End of true expr.
    %load/vec4 v0x56515f2ec170_0;
    %cmpi/e 2, 0, 2;
    %flag_mov 10, 4;
    %jmp/0 T_19.24, 10;
    %pushi/vec4 0, 0, 1;
    %load/vec4 v0x56515f2cfad0_0;
    %pad/u 7;
    %ix/vec4 4;
    %load/vec4a v0x56515f33d270, 4;
    %parti/s 1, 1, 2;
    %concat/vec4; draw_concat_vec4
    %concati/vec4 1, 0, 1;
    %jmp/1 T_19.25, 10;
T_19.24 ; End of true expr.
    %pushi/vec4 0, 0, 1;
    %load/vec4 v0x56515f2cfad0_0;
    %pad/u 7;
    %ix/vec4 4;
    %load/vec4a v0x56515f33d270, 4;
    %parti/s 1, 1, 2;
    %concat/vec4; draw_concat_vec4
    %concati/vec4 0, 0, 1;
    %jmp/0 T_19.25, 10;
 ; End of false expr.
    %blend;
T_19.25;
    %jmp/0 T_19.23, 9;
 ; End of false expr.
    %blend;
T_19.23;
    %jmp/0 T_19.21, 8;
 ; End of false expr.
    %blend;
T_19.21;
    %load/vec4 v0x56515f2cfad0_0;
    %pad/u 7;
    %ix/vec4 3;
    %ix/load 4, 0, 0; Constant delay
    %assign/vec4/a/d v0x56515f33d270, 0, 4;
    %pushi/vec4 0, 0, 1;
    %assign/vec4 v0x56515f2d6730_0, 0;
    %jmp T_19.12;
T_19.11 ;
    %pushi/vec4 1, 0, 2;
    %assign/vec4 v0x56515f2b3ff0_0, 0;
    %load/vec4 v0x56515f2cfad0_0;
    %assign/vec4 v0x56515f380130_0, 0;
    %load/vec4 v0x56515f2cfbb0_0;
    %assign/vec4 v0x56515f381c40_0, 0;
    %load/vec4 v0x56515f2f1120_0;
    %assign/vec4 v0x56515f4509d0_0, 0;
    %load/vec4 v0x56515f2b9930_0;
    %assign/vec4 v0x56515f450a70_0, 0;
    %load/vec4 v0x56515f2f05b0_0;
    %assign/vec4 v0x56515f29aa80_0, 0;
    %load/vec4 v0x56515f2d30a0_0;
    %assign/vec4 v0x56515f2ac4c0_0, 0;
    %load/vec4 v0x56515f2cfad0_0;
    %pad/u 7;
    %ix/vec4 4;
    %load/vec4a v0x56515f294220, 4;
    %parti/s 1, 0, 2;
    %nor/r;
    %flag_set/vec4 8;
    %jmp/0 T_19.26, 8;
    %pushi/vec4 0, 0, 2;
    %jmp/1 T_19.27, 8;
T_19.26 ; End of true expr.
    %load/vec4 v0x56515f2cfad0_0;
    %pad/u 7;
    %ix/vec4 4;
    %load/vec4a v0x56515f294220, 4;
    %parti/s 1, 1, 2;
    %nor/r;
    %flag_set/vec4 9;
    %jmp/0 T_19.28, 9;
    %pushi/vec4 1, 0, 2;
    %jmp/1 T_19.29, 9;
T_19.28 ; End of true expr.
    %load/vec4 v0x56515f2cfad0_0;
    %pad/u 7;
    %ix/vec4 4;
    %load/vec4a v0x56515f294220, 4;
    %parti/s 1, 2, 3;
    %nor/r;
    %flag_set/vec4 10;
    %jmp/0 T_19.30, 10;
    %pushi/vec4 2, 0, 2;
    %jmp/1 T_19.31, 10;
T_19.30 ; End of true expr.
    %load/vec4 v0x56515f2cfad0_0;
    %pad/u 7;
    %ix/vec4 4;
    %load/vec4a v0x56515f294220, 4;
    %parti/s 1, 3, 3;
    %nor/r;
    %flag_set/vec4 11;
    %jmp/0 T_19.32, 11;
    %pushi/vec4 3, 0, 2;
    %jmp/1 T_19.33, 11;
T_19.32 ; End of true expr.
    %load/vec4 v0x56515f2cfad0_0;
    %pad/u 7;
    %ix/vec4 4;
    %load/vec4a v0x56515f33d270, 4;
    %parti/s 1, 2, 3;
    %nor/r;
    %flag_set/vec4 12;
    %jmp/0 T_19.34, 12;
    %load/vec4 v0x56515f2cfad0_0;
    %pad/u 7;
    %ix/vec4 4;
    %load/vec4a v0x56515f33d270, 4;
    %parti/s 1, 1, 2;
    %flag_set/vec4 13;
    %jmp/0 T_19.36, 13;
    %pushi/vec4 1, 0, 2;
    %jmp/1 T_19.37, 13;
T_19.36 ; End of true expr.
    %pushi/vec4 0, 0, 2;
    %jmp/0 T_19.37, 13;
 ; End of false expr.
    %blend;
T_19.37;
    %jmp/1 T_19.35, 12;
T_19.34 ; End of true expr.
    %load/vec4 v0x56515f2cfad0_0;
    %pad/u 7;
    %ix/vec4 4;
    %load/vec4a v0x56515f33d270, 4;
    %parti/s 1, 0, 2;
    %flag_set/vec4 13;
    %jmp/0 T_19.38, 13;
    %pushi/vec4 3, 0, 2;
    %jmp/1 T_19.39, 13;
T_19.38 ; End of true expr.
    %pushi/vec4 2, 0, 2;
    %jmp/0 T_19.39, 13;
 ; End of false expr.
    %blend;
T_19.39;
    %jmp/0 T_19.35, 12;
 ; End of false expr.
    %blend;
T_19.35;
    %jmp/0 T_19.33, 11;
 ; End of false expr.
    %blend;
T_19.33;
    %jmp/0 T_19.31, 10;
 ; End of false expr.
    %blend;
T_19.31;
    %jmp/0 T_19.29, 9;
 ; End of false expr.
    %blend;
T_19.29;
    %jmp/0 T_19.27, 8;
 ; End of false expr.
    %blend;
T_19.27;
    %assign/vec4 v0x56515f381d00_0, 0;
    %pushi/vec4 0, 0, 32;
    %assign/vec4 v0x56515f29ab60_0, 0;
    %pushi/vec4 0, 0, 4;
    %assign/vec4 v0x56515f2f7070_0, 0;
    %pushi/vec4 0, 0, 32;
    %assign/vec4 v0x56515f296820_0, 0;
    %pushi/vec4 0, 0, 32;
    %assign/vec4 v0x56515f296740_0, 0;
    %pushi/vec4 0, 0, 1;
    %assign/vec4 v0x56515f2d6730_0, 0;
T_19.12 ;
    %jmp T_19.9;
T_19.8 ;
    %pushi/vec4 0, 0, 1;
    %assign/vec4 v0x56515f2d6730_0, 0;
T_19.9 ;
    %jmp T_19.7;
T_19.3 ;
    %load/vec4 v0x56515f296820_0;
    %cmpi/u 4, 0, 32;
    %flag_get/vec4 5;
    %jmp/0 T_19.42, 5;
    %load/vec4 v0x56515f2eeee0_0;
    %and;
T_19.42;
    %flag_set/vec4 8;
    %jmp/0xz  T_19.40, 8;
    %load/vec4 v0x56515f296820_0;
    %addi 1, 0, 32;
    %assign/vec4 v0x56515f296820_0, 0;
    %load/vec4 v0x56515f2f7070_0;
    %addi 4, 0, 4;
    %assign/vec4 v0x56515f2f7070_0, 0;
T_19.40 ;
    %load/vec4 v0x56515f2eefb0_0;
    %flag_set/vec4 8;
    %jmp/0xz  T_19.43, 8;
    %load/vec4 v0x56515f2ee430_0;
    %store/vec4 v0x56515f2e9f50_0, 0, 32;
    %load/vec4 v0x56515f4509d0_0;
    %flag_set/vec4 9;
    %flag_get/vec4 9;
    %jmp/0 T_19.47, 9;
    %load/vec4 v0x56515f296740_0;
    %pushi/vec4 0, 0, 30;
    %load/vec4 v0x56515f2ac4c0_0;
    %concat/vec4; draw_concat_vec4
    %cmp/e;
    %flag_get/vec4 4;
    %and;
T_19.47;
    %flag_set/vec4 8;
    %jmp/0xz  T_19.45, 8;
    %load/vec4 v0x56515f29aa80_0;
    %parti/s 1, 3, 3;
    %flag_set/vec4 8;
    %jmp/0 T_19.48, 8;
    %load/vec4 v0x56515f450a70_0;
    %parti/s 8, 24, 6;
    %jmp/1 T_19.49, 8;
T_19.48 ; End of true expr.
    %load/vec4 v0x56515f2ee430_0;
    %parti/s 8, 24, 6;
    %jmp/0 T_19.49, 8;
 ; End of false expr.
    %blend;
T_19.49;
    %load/vec4 v0x56515f29aa80_0;
    %parti/s 1, 2, 3;
    %flag_set/vec4 8;
    %jmp/0 T_19.50, 8;
    %load/vec4 v0x56515f450a70_0;
    %parti/s 8, 16, 6;
    %jmp/1 T_19.51, 8;
T_19.50 ; End of true expr.
    %load/vec4 v0x56515f2ee430_0;
    %parti/s 8, 16, 6;
    %jmp/0 T_19.51, 8;
 ; End of false expr.
    %blend;
T_19.51;
    %concat/vec4; draw_concat_vec4
    %load/vec4 v0x56515f29aa80_0;
    %parti/s 1, 1, 2;
    %flag_set/vec4 8;
    %jmp/0 T_19.52, 8;
    %load/vec4 v0x56515f450a70_0;
    %parti/s 8, 8, 5;
    %jmp/1 T_19.53, 8;
T_19.52 ; End of true expr.
    %load/vec4 v0x56515f2ee430_0;
    %parti/s 8, 8, 5;
    %jmp/0 T_19.53, 8;
 ; End of false expr.
    %blend;
T_19.53;
    %concat/vec4; draw_concat_vec4
    %load/vec4 v0x56515f29aa80_0;
    %parti/s 1, 0, 2;
    %flag_set/vec4 8;
    %jmp/0 T_19.54, 8;
    %load/vec4 v0x56515f450a70_0;
    %parti/s 8, 0, 2;
    %jmp/1 T_19.55, 8;
T_19.54 ; End of true expr.
    %load/vec4 v0x56515f2ee430_0;
    %parti/s 8, 0, 2;
    %jmp/0 T_19.55, 8;
 ; End of false expr.
    %blend;
T_19.55;
    %concat/vec4; draw_concat_vec4
    %store/vec4 v0x56515f2e9f50_0, 0, 32;
    %load/vec4 v0x56515f2e9f50_0;
    %assign/vec4 v0x56515f29ab60_0, 0;
T_19.45 ;
    %load/vec4 v0x56515f381d00_0;
    %dup/vec4;
    %pushi/vec4 0, 0, 2;
    %cmp/u;
    %jmp/1 T_19.56, 6;
    %dup/vec4;
    %pushi/vec4 1, 0, 2;
    %cmp/u;
    %jmp/1 T_19.57, 6;
    %dup/vec4;
    %pushi/vec4 2, 0, 2;
    %cmp/u;
    %jmp/1 T_19.58, 6;
    %load/vec4 v0x56515f2e9f50_0;
    %load/vec4 v0x56515f380130_0;
    %pad/u 10;
    %pad/u 12;
    %muli 4, 0, 12;
    %pad/u 13;
    %load/vec4 v0x56515f296740_0;
    %pad/u 13;
    %add;
    %ix/vec4 3;
    %ix/load 4, 0, 0; Constant delay
    %assign/vec4/a/d v0x56515f2e7df0, 0, 4;
    %jmp T_19.60;
T_19.56 ;
    %load/vec4 v0x56515f2e9f50_0;
    %load/vec4 v0x56515f380130_0;
    %pad/u 10;
    %pad/u 12;
    %muli 4, 0, 12;
    %pad/u 13;
    %load/vec4 v0x56515f296740_0;
    %pad/u 13;
    %add;
    %ix/vec4 3;
    %ix/load 4, 0, 0; Constant delay
    %assign/vec4/a/d v0x56515f2b7650, 0, 4;
    %jmp T_19.60;
T_19.57 ;
    %load/vec4 v0x56515f2e9f50_0;
    %load/vec4 v0x56515f380130_0;
    %pad/u 10;
    %pad/u 12;
    %muli 4, 0, 12;
    %pad/u 13;
    %load/vec4 v0x56515f296740_0;
    %pad/u 13;
    %add;
    %ix/vec4 3;
    %ix/load 4, 0, 0; Constant delay
    %assign/vec4/a/d v0x56515f2b7710, 0, 4;
    %jmp T_19.60;
T_19.58 ;
    %load/vec4 v0x56515f2e9f50_0;
    %load/vec4 v0x56515f380130_0;
    %pad/u 10;
    %pad/u 12;
    %muli 4, 0, 12;
    %pad/u 13;
    %load/vec4 v0x56515f296740_0;
    %pad/u 13;
    %add;
    %ix/vec4 3;
    %ix/load 4, 0, 0; Constant delay
    %assign/vec4/a/d v0x56515f2e7d30, 0, 4;
    %jmp T_19.60;
T_19.60 ;
    %pop/vec4 1;
    %load/vec4 v0x56515f296740_0;
    %pushi/vec4 0, 0, 30;
    %load/vec4 v0x56515f2ac4c0_0;
    %concat/vec4; draw_concat_vec4
    %cmp/e;
    %jmp/0xz  T_19.61, 4;
    %load/vec4 v0x56515f2e9f50_0;
    %assign/vec4 v0x56515f2d9c40_0, 0;
T_19.61 ;
    %load/vec4 v0x56515f296740_0;
    %cmpi/e 3, 0, 32;
    %jmp/0xz  T_19.63, 4;
    %load/vec4 v0x56515f381d00_0;
    %dup/vec4;
    %pushi/vec4 0, 0, 2;
    %cmp/u;
    %jmp/1 T_19.65, 6;
    %dup/vec4;
    %pushi/vec4 1, 0, 2;
    %cmp/u;
    %jmp/1 T_19.66, 6;
    %dup/vec4;
    %pushi/vec4 2, 0, 2;
    %cmp/u;
    %jmp/1 T_19.67, 6;
    %load/vec4 v0x56515f381c40_0;
    %load/vec4 v0x56515f380130_0;
    %pad/u 7;
    %ix/vec4 3;
    %ix/load 4, 0, 0; Constant delay
    %assign/vec4/a/d v0x56515f294160, 0, 4;
    %jmp T_19.69;
T_19.65 ;
    %load/vec4 v0x56515f381c40_0;
    %load/vec4 v0x56515f380130_0;
    %pad/u 7;
    %ix/vec4 3;
    %ix/load 4, 0, 0; Constant delay
    %assign/vec4/a/d v0x56515f2b40d0, 0, 4;
    %jmp T_19.69;
T_19.66 ;
    %load/vec4 v0x56515f381c40_0;
    %load/vec4 v0x56515f380130_0;
    %pad/u 7;
    %ix/vec4 3;
    %ix/load 4, 0, 0; Constant delay
    %assign/vec4/a/d v0x56515f2b4770, 0, 4;
    %jmp T_19.69;
T_19.67 ;
    %load/vec4 v0x56515f381c40_0;
    %load/vec4 v0x56515f380130_0;
    %pad/u 7;
    %ix/vec4 3;
    %ix/load 4, 0, 0; Constant delay
    %assign/vec4/a/d v0x56515f2b4830, 0, 4;
    %jmp T_19.69;
T_19.69 ;
    %pop/vec4 1;
    %pushi/vec4 1, 0, 1;
    %load/vec4 v0x56515f380130_0;
    %pad/u 7;
    %ix/vec4 4;
    %flag_mov 8, 4;
    %ix/getv 5, v0x56515f381d00_0;
    %flag_or 8, 4;
    %ix/load 6, 0, 0; Constant delay
    %ix/mov 3, 4;
    %flag_mov 4, 8;
    %assign/vec4/a/d v0x56515f294220, 5, 6;
    %load/vec4 v0x56515f381d00_0;
    %cmpi/e 0, 0, 2;
    %flag_mov 8, 4;
    %jmp/0 T_19.70, 8;
    %pushi/vec4 1, 0, 1;
    %concati/vec4 1, 0, 1;
    %load/vec4 v0x56515f380130_0;
    %pad/u 7;
    %ix/vec4 4;
    %load/vec4a v0x56515f33d270, 4;
    %parti/s 1, 0, 2;
    %concat/vec4; draw_concat_vec4
    %jmp/1 T_19.71, 8;
T_19.70 ; End of true expr.
    %load/vec4 v0x56515f381d00_0;
    %cmpi/e 1, 0, 2;
    %flag_mov 9, 4;
    %jmp/0 T_19.72, 9;
    %pushi/vec4 1, 0, 1;
    %concati/vec4 0, 0, 1;
    %load/vec4 v0x56515f380130_0;
    %pad/u 7;
    %ix/vec4 4;
    %load/vec4a v0x56515f33d270, 4;
    %parti/s 1, 0, 2;
    %concat/vec4; draw_concat_vec4
    %jmp/1 T_19.73, 9;
T_19.72 ; End of true expr.
    %load/vec4 v0x56515f381d00_0;
    %cmpi/e 2, 0, 2;
    %flag_mov 10, 4;
    %jmp/0 T_19.74, 10;
    %pushi/vec4 0, 0, 1;
    %load/vec4 v0x56515f380130_0;
    %pad/u 7;
    %ix/vec4 4;
    %load/vec4a v0x56515f33d270, 4;
    %parti/s 1, 1, 2;
    %concat/vec4; draw_concat_vec4
    %concati/vec4 1, 0, 1;
    %jmp/1 T_19.75, 10;
T_19.74 ; End of true expr.
    %pushi/vec4 0, 0, 1;
    %load/vec4 v0x56515f380130_0;
    %pad/u 7;
    %ix/vec4 4;
    %load/vec4a v0x56515f33d270, 4;
    %parti/s 1, 1, 2;
    %concat/vec4; draw_concat_vec4
    %concati/vec4 0, 0, 1;
    %jmp/0 T_19.75, 10;
 ; End of false expr.
    %blend;
T_19.75;
    %jmp/0 T_19.73, 9;
 ; End of false expr.
    %blend;
T_19.73;
    %jmp/0 T_19.71, 8;
 ; End of false expr.
    %blend;
T_19.71;
    %load/vec4 v0x56515f380130_0;
    %pad/u 7;
    %ix/vec4 3;
    %ix/load 4, 0, 0; Constant delay
    %assign/vec4/a/d v0x56515f33d270, 0, 4;
    %pushi/vec4 1, 0, 1;
    %assign/vec4 v0x56515f2d6730_0, 0;
    %load/vec4 v0x56515f4509d0_0;
    %flag_set/vec4 8;
    %jmp/0xz  T_19.76, 8;
    %pushi/vec4 2, 0, 2;
    %assign/vec4 v0x56515f2b3ff0_0, 0;
    %jmp T_19.77;
T_19.76 ;
    %load/vec4 v0x56515f380210_0;
    %flag_set/vec4 9;
    %flag_get/vec4 9;
    %jmp/0 T_19.80, 9;
    %load/vec4 v0x56515f296820_0;
    %load/vec4 v0x56515f296740_0;
    %cmp/e;
    %flag_get/vec4 4;
    %and;
T_19.80;
    %flag_set/vec4 8;
    %jmp/0xz  T_19.78, 8;
    %pushi/vec4 3, 0, 2;
    %assign/vec4 v0x56515f2b3ff0_0, 0;
    %load/vec4 v0x56515f2be800_0;
    %assign/vec4 v0x56515f380130_0, 0;
    %load/vec4 v0x56515f2be8c0_0;
    %assign/vec4 v0x56515f381c40_0, 0;
    %pushi/vec4 0, 0, 1;
    %assign/vec4 v0x56515f4509d0_0, 0;
    %pushi/vec4 0, 0, 32;
    %assign/vec4 v0x56515f450a70_0, 0;
    %pushi/vec4 0, 0, 4;
    %assign/vec4 v0x56515f29aa80_0, 0;
    %pushi/vec4 0, 0, 2;
    %assign/vec4 v0x56515f2ac4c0_0, 0;
    %load/vec4 v0x56515f2be800_0;
    %pad/u 7;
    %ix/vec4 4;
    %load/vec4a v0x56515f294220, 4;
    %parti/s 1, 0, 2;
    %nor/r;
    %flag_set/vec4 8;
    %jmp/0 T_19.81, 8;
    %pushi/vec4 0, 0, 2;
    %jmp/1 T_19.82, 8;
T_19.81 ; End of true expr.
    %load/vec4 v0x56515f2be800_0;
    %pad/u 7;
    %ix/vec4 4;
    %load/vec4a v0x56515f294220, 4;
    %parti/s 1, 1, 2;
    %nor/r;
    %flag_set/vec4 9;
    %jmp/0 T_19.83, 9;
    %pushi/vec4 1, 0, 2;
    %jmp/1 T_19.84, 9;
T_19.83 ; End of true expr.
    %load/vec4 v0x56515f2be800_0;
    %pad/u 7;
    %ix/vec4 4;
    %load/vec4a v0x56515f294220, 4;
    %parti/s 1, 2, 3;
    %nor/r;
    %flag_set/vec4 10;
    %jmp/0 T_19.85, 10;
    %pushi/vec4 2, 0, 2;
    %jmp/1 T_19.86, 10;
T_19.85 ; End of true expr.
    %load/vec4 v0x56515f2be800_0;
    %pad/u 7;
    %ix/vec4 4;
    %load/vec4a v0x56515f294220, 4;
    %parti/s 1, 3, 3;
    %nor/r;
    %flag_set/vec4 11;
    %jmp/0 T_19.87, 11;
    %pushi/vec4 3, 0, 2;
    %jmp/1 T_19.88, 11;
T_19.87 ; End of true expr.
    %load/vec4 v0x56515f2be800_0;
    %pad/u 7;
    %ix/vec4 4;
    %load/vec4a v0x56515f33d270, 4;
    %parti/s 1, 2, 3;
    %nor/r;
    %flag_set/vec4 12;
    %jmp/0 T_19.89, 12;
    %load/vec4 v0x56515f2be800_0;
    %pad/u 7;
    %ix/vec4 4;
    %load/vec4a v0x56515f33d270, 4;
    %parti/s 1, 1, 2;
    %flag_set/vec4 13;
    %jmp/0 T_19.91, 13;
    %pushi/vec4 1, 0, 2;
    %jmp/1 T_19.92, 13;
T_19.91 ; End of true expr.
    %pushi/vec4 0, 0, 2;
    %jmp/0 T_19.92, 13;
 ; End of false expr.
    %blend;
T_19.92;
    %jmp/1 T_19.90, 12;
T_19.89 ; End of true expr.
    %load/vec4 v0x56515f2be800_0;
    %pad/u 7;
    %ix/vec4 4;
    %load/vec4a v0x56515f33d270, 4;
    %parti/s 1, 0, 2;
    %flag_set/vec4 13;
    %jmp/0 T_19.93, 13;
    %pushi/vec4 3, 0, 2;
    %jmp/1 T_19.94, 13;
T_19.93 ; End of true expr.
    %pushi/vec4 2, 0, 2;
    %jmp/0 T_19.94, 13;
 ; End of false expr.
    %blend;
T_19.94;
    %jmp/0 T_19.90, 12;
 ; End of false expr.
    %blend;
T_19.90;
    %jmp/0 T_19.88, 11;
 ; End of false expr.
    %blend;
T_19.88;
    %jmp/0 T_19.86, 10;
 ; End of false expr.
    %blend;
T_19.86;
    %jmp/0 T_19.84, 9;
 ; End of false expr.
    %blend;
T_19.84;
    %jmp/0 T_19.82, 8;
 ; End of false expr.
    %blend;
T_19.82;
    %assign/vec4 v0x56515f381d00_0, 0;
    %pushi/vec4 0, 0, 32;
    %assign/vec4 v0x56515f29ab60_0, 0;
    %pushi/vec4 0, 0, 4;
    %assign/vec4 v0x56515f2f7070_0, 0;
    %pushi/vec4 0, 0, 32;
    %assign/vec4 v0x56515f296820_0, 0;
    %pushi/vec4 0, 0, 32;
    %assign/vec4 v0x56515f296740_0, 0;
    %jmp T_19.79;
T_19.78 ;
    %pushi/vec4 0, 0, 2;
    %assign/vec4 v0x56515f2b3ff0_0, 0;
    %pushi/vec4 0, 0, 4;
    %assign/vec4 v0x56515f2f7070_0, 0;
    %pushi/vec4 0, 0, 32;
    %assign/vec4 v0x56515f296820_0, 0;
    %pushi/vec4 0, 0, 32;
    %assign/vec4 v0x56515f296740_0, 0;
T_19.79 ;
T_19.77 ;
    %jmp T_19.64;
T_19.63 ;
    %load/vec4 v0x56515f296740_0;
    %addi 1, 0, 32;
    %assign/vec4 v0x56515f296740_0, 0;
T_19.64 ;
T_19.43 ;
    %jmp T_19.7;
T_19.4 ;
    %load/vec4 v0x56515f296820_0;
    %cmpi/u 4, 0, 32;
    %flag_get/vec4 5;
    %jmp/0 T_19.97, 5;
    %load/vec4 v0x56515f2eeee0_0;
    %and;
T_19.97;
    %flag_set/vec4 8;
    %jmp/0xz  T_19.95, 8;
    %load/vec4 v0x56515f296820_0;
    %addi 1, 0, 32;
    %assign/vec4 v0x56515f296820_0, 0;
    %load/vec4 v0x56515f2f7070_0;
    %addi 4, 0, 4;
    %assign/vec4 v0x56515f2f7070_0, 0;
T_19.95 ;
    %load/vec4 v0x56515f2eefb0_0;
    %flag_set/vec4 8;
    %jmp/0xz  T_19.98, 8;
    %load/vec4 v0x56515f2ee430_0;
    %store/vec4 v0x56515f2e9f50_0, 0, 32;
    %load/vec4 v0x56515f381d00_0;
    %dup/vec4;
    %pushi/vec4 0, 0, 2;
    %cmp/u;
    %jmp/1 T_19.100, 6;
    %dup/vec4;
    %pushi/vec4 1, 0, 2;
    %cmp/u;
    %jmp/1 T_19.101, 6;
    %dup/vec4;
    %pushi/vec4 2, 0, 2;
    %cmp/u;
    %jmp/1 T_19.102, 6;
    %load/vec4 v0x56515f2e9f50_0;
    %load/vec4 v0x56515f380130_0;
    %pad/u 10;
    %pad/u 12;
    %muli 4, 0, 12;
    %pad/u 13;
    %load/vec4 v0x56515f296740_0;
    %pad/u 13;
    %add;
    %ix/vec4 3;
    %ix/load 4, 0, 0; Constant delay
    %assign/vec4/a/d v0x56515f2e7df0, 0, 4;
    %jmp T_19.104;
T_19.100 ;
    %load/vec4 v0x56515f2e9f50_0;
    %load/vec4 v0x56515f380130_0;
    %pad/u 10;
    %pad/u 12;
    %muli 4, 0, 12;
    %pad/u 13;
    %load/vec4 v0x56515f296740_0;
    %pad/u 13;
    %add;
    %ix/vec4 3;
    %ix/load 4, 0, 0; Constant delay
    %assign/vec4/a/d v0x56515f2b7650, 0, 4;
    %jmp T_19.104;
T_19.101 ;
    %load/vec4 v0x56515f2e9f50_0;
    %load/vec4 v0x56515f380130_0;
    %pad/u 10;
    %pad/u 12;
    %muli 4, 0, 12;
    %pad/u 13;
    %load/vec4 v0x56515f296740_0;
    %pad/u 13;
    %add;
    %ix/vec4 3;
    %ix/load 4, 0, 0; Constant delay
    %assign/vec4/a/d v0x56515f2b7710, 0, 4;
    %jmp T_19.104;
T_19.102 ;
    %load/vec4 v0x56515f2e9f50_0;
    %load/vec4 v0x56515f380130_0;
    %pad/u 10;
    %pad/u 12;
    %muli 4, 0, 12;
    %pad/u 13;
    %load/vec4 v0x56515f296740_0;
    %pad/u 13;
    %add;
    %ix/vec4 3;
    %ix/load 4, 0, 0; Constant delay
    %assign/vec4/a/d v0x56515f2e7d30, 0, 4;
    %jmp T_19.104;
T_19.104 ;
    %pop/vec4 1;
    %load/vec4 v0x56515f296740_0;
    %cmpi/e 3, 0, 32;
    %jmp/0xz  T_19.105, 4;
    %load/vec4 v0x56515f381d00_0;
    %dup/vec4;
    %pushi/vec4 0, 0, 2;
    %cmp/u;
    %jmp/1 T_19.107, 6;
    %dup/vec4;
    %pushi/vec4 1, 0, 2;
    %cmp/u;
    %jmp/1 T_19.108, 6;
    %dup/vec4;
    %pushi/vec4 2, 0, 2;
    %cmp/u;
    %jmp/1 T_19.109, 6;
    %load/vec4 v0x56515f381c40_0;
    %load/vec4 v0x56515f380130_0;
    %pad/u 7;
    %ix/vec4 3;
    %ix/load 4, 0, 0; Constant delay
    %assign/vec4/a/d v0x56515f294160, 0, 4;
    %jmp T_19.111;
T_19.107 ;
    %load/vec4 v0x56515f381c40_0;
    %load/vec4 v0x56515f380130_0;
    %pad/u 7;
    %ix/vec4 3;
    %ix/load 4, 0, 0; Constant delay
    %assign/vec4/a/d v0x56515f2b40d0, 0, 4;
    %jmp T_19.111;
T_19.108 ;
    %load/vec4 v0x56515f381c40_0;
    %load/vec4 v0x56515f380130_0;
    %pad/u 7;
    %ix/vec4 3;
    %ix/load 4, 0, 0; Constant delay
    %assign/vec4/a/d v0x56515f2b4770, 0, 4;
    %jmp T_19.111;
T_19.109 ;
    %load/vec4 v0x56515f381c40_0;
    %load/vec4 v0x56515f380130_0;
    %pad/u 7;
    %ix/vec4 3;
    %ix/load 4, 0, 0; Constant delay
    %assign/vec4/a/d v0x56515f2b4830, 0, 4;
    %jmp T_19.111;
T_19.111 ;
    %pop/vec4 1;
    %pushi/vec4 1, 0, 1;
    %load/vec4 v0x56515f380130_0;
    %pad/u 7;
    %ix/vec4 4;
    %flag_mov 8, 4;
    %ix/getv 5, v0x56515f381d00_0;
    %flag_or 8, 4;
    %ix/load 6, 0, 0; Constant delay
    %ix/mov 3, 4;
    %flag_mov 4, 8;
    %assign/vec4/a/d v0x56515f294220, 5, 6;
    %load/vec4 v0x56515f381d00_0;
    %cmpi/e 0, 0, 2;
    %flag_mov 8, 4;
    %jmp/0 T_19.112, 8;
    %pushi/vec4 1, 0, 1;
    %concati/vec4 1, 0, 1;
    %load/vec4 v0x56515f380130_0;
    %pad/u 7;
    %ix/vec4 4;
    %load/vec4a v0x56515f33d270, 4;
    %parti/s 1, 0, 2;
    %concat/vec4; draw_concat_vec4
    %jmp/1 T_19.113, 8;
T_19.112 ; End of true expr.
    %load/vec4 v0x56515f381d00_0;
    %cmpi/e 1, 0, 2;
    %flag_mov 9, 4;
    %jmp/0 T_19.114, 9;
    %pushi/vec4 1, 0, 1;
    %concati/vec4 0, 0, 1;
    %load/vec4 v0x56515f380130_0;
    %pad/u 7;
    %ix/vec4 4;
    %load/vec4a v0x56515f33d270, 4;
    %parti/s 1, 0, 2;
    %concat/vec4; draw_concat_vec4
    %jmp/1 T_19.115, 9;
T_19.114 ; End of true expr.
    %load/vec4 v0x56515f381d00_0;
    %cmpi/e 2, 0, 2;
    %flag_mov 10, 4;
    %jmp/0 T_19.116, 10;
    %pushi/vec4 0, 0, 1;
    %load/vec4 v0x56515f380130_0;
    %pad/u 7;
    %ix/vec4 4;
    %load/vec4a v0x56515f33d270, 4;
    %parti/s 1, 1, 2;
    %concat/vec4; draw_concat_vec4
    %concati/vec4 1, 0, 1;
    %jmp/1 T_19.117, 10;
T_19.116 ; End of true expr.
    %pushi/vec4 0, 0, 1;
    %load/vec4 v0x56515f380130_0;
    %pad/u 7;
    %ix/vec4 4;
    %load/vec4a v0x56515f33d270, 4;
    %parti/s 1, 1, 2;
    %concat/vec4; draw_concat_vec4
    %concati/vec4 0, 0, 1;
    %jmp/0 T_19.117, 10;
 ; End of false expr.
    %blend;
T_19.117;
    %jmp/0 T_19.115, 9;
 ; End of false expr.
    %blend;
T_19.115;
    %jmp/0 T_19.113, 8;
 ; End of false expr.
    %blend;
T_19.113;
    %load/vec4 v0x56515f380130_0;
    %pad/u 7;
    %ix/vec4 3;
    %ix/load 4, 0, 0; Constant delay
    %assign/vec4/a/d v0x56515f33d270, 0, 4;
    %pushi/vec4 0, 0, 2;
    %assign/vec4 v0x56515f2b3ff0_0, 0;
    %jmp T_19.106;
T_19.105 ;
    %load/vec4 v0x56515f296740_0;
    %addi 1, 0, 32;
    %assign/vec4 v0x56515f296740_0, 0;
T_19.106 ;
T_19.98 ;
    %jmp T_19.7;
T_19.5 ;
    %load/vec4 v0x56515f2eeee0_0;
    %flag_set/vec4 8;
    %jmp/0xz  T_19.118, 8;
    %load/vec4 v0x56515f380210_0;
    %flag_set/vec4 9;
    %flag_get/vec4 9;
    %jmp/0 T_19.122, 9;
    %load/vec4 v0x56515f296820_0;
    %load/vec4 v0x56515f296740_0;
    %cmp/e;
    %flag_get/vec4 4;
    %and;
T_19.122;
    %flag_set/vec4 8;
    %jmp/0xz  T_19.120, 8;
    %pushi/vec4 3, 0, 2;
    %assign/vec4 v0x56515f2b3ff0_0, 0;
    %load/vec4 v0x56515f2be800_0;
    %assign/vec4 v0x56515f380130_0, 0;
    %load/vec4 v0x56515f2be8c0_0;
    %assign/vec4 v0x56515f381c40_0, 0;
    %pushi/vec4 0, 0, 1;
    %assign/vec4 v0x56515f4509d0_0, 0;
    %pushi/vec4 0, 0, 32;
    %assign/vec4 v0x56515f450a70_0, 0;
    %pushi/vec4 0, 0, 4;
    %assign/vec4 v0x56515f29aa80_0, 0;
    %pushi/vec4 0, 0, 2;
    %assign/vec4 v0x56515f2ac4c0_0, 0;
    %load/vec4 v0x56515f2be800_0;
    %pad/u 7;
    %ix/vec4 4;
    %load/vec4a v0x56515f294220, 4;
    %parti/s 1, 0, 2;
    %nor/r;
    %flag_set/vec4 8;
    %jmp/0 T_19.123, 8;
    %pushi/vec4 0, 0, 2;
    %jmp/1 T_19.124, 8;
T_19.123 ; End of true expr.
    %load/vec4 v0x56515f2be800_0;
    %pad/u 7;
    %ix/vec4 4;
    %load/vec4a v0x56515f294220, 4;
    %parti/s 1, 1, 2;
    %nor/r;
    %flag_set/vec4 9;
    %jmp/0 T_19.125, 9;
    %pushi/vec4 1, 0, 2;
    %jmp/1 T_19.126, 9;
T_19.125 ; End of true expr.
    %load/vec4 v0x56515f2be800_0;
    %pad/u 7;
    %ix/vec4 4;
    %load/vec4a v0x56515f294220, 4;
    %parti/s 1, 2, 3;
    %nor/r;
    %flag_set/vec4 10;
    %jmp/0 T_19.127, 10;
    %pushi/vec4 2, 0, 2;
    %jmp/1 T_19.128, 10;
T_19.127 ; End of true expr.
    %load/vec4 v0x56515f2be800_0;
    %pad/u 7;
    %ix/vec4 4;
    %load/vec4a v0x56515f294220, 4;
    %parti/s 1, 3, 3;
    %nor/r;
    %flag_set/vec4 11;
    %jmp/0 T_19.129, 11;
    %pushi/vec4 3, 0, 2;
    %jmp/1 T_19.130, 11;
T_19.129 ; End of true expr.
    %load/vec4 v0x56515f2be800_0;
    %pad/u 7;
    %ix/vec4 4;
    %load/vec4a v0x56515f33d270, 4;
    %parti/s 1, 2, 3;
    %nor/r;
    %flag_set/vec4 12;
    %jmp/0 T_19.131, 12;
    %load/vec4 v0x56515f2be800_0;
    %pad/u 7;
    %ix/vec4 4;
    %load/vec4a v0x56515f33d270, 4;
    %parti/s 1, 1, 2;
    %flag_set/vec4 13;
    %jmp/0 T_19.133, 13;
    %pushi/vec4 1, 0, 2;
    %jmp/1 T_19.134, 13;
T_19.133 ; End of true expr.
    %pushi/vec4 0, 0, 2;
    %jmp/0 T_19.134, 13;
 ; End of false expr.
    %blend;
T_19.134;
    %jmp/1 T_19.132, 12;
T_19.131 ; End of true expr.
    %load/vec4 v0x56515f2be800_0;
    %pad/u 7;
    %ix/vec4 4;
    %load/vec4a v0x56515f33d270, 4;
    %parti/s 1, 0, 2;
    %flag_set/vec4 13;
    %jmp/0 T_19.135, 13;
    %pushi/vec4 3, 0, 2;
    %jmp/1 T_19.136, 13;
T_19.135 ; End of true expr.
    %pushi/vec4 2, 0, 2;
    %jmp/0 T_19.136, 13;
 ; End of false expr.
    %blend;
T_19.136;
    %jmp/0 T_19.132, 12;
 ; End of false expr.
    %blend;
T_19.132;
    %jmp/0 T_19.130, 11;
 ; End of false expr.
    %blend;
T_19.130;
    %jmp/0 T_19.128, 10;
 ; End of false expr.
    %blend;
T_19.128;
    %jmp/0 T_19.126, 9;
 ; End of false expr.
    %blend;
T_19.126;
    %jmp/0 T_19.124, 8;
 ; End of false expr.
    %blend;
T_19.124;
    %assign/vec4 v0x56515f381d00_0, 0;
    %pushi/vec4 0, 0, 32;
    %assign/vec4 v0x56515f29ab60_0, 0;
    %pushi/vec4 0, 0, 4;
    %assign/vec4 v0x56515f2f7070_0, 0;
    %pushi/vec4 0, 0, 32;
    %assign/vec4 v0x56515f296820_0, 0;
    %pushi/vec4 0, 0, 32;
    %assign/vec4 v0x56515f296740_0, 0;
    %jmp T_19.121;
T_19.120 ;
    %pushi/vec4 0, 0, 2;
    %assign/vec4 v0x56515f2b3ff0_0, 0;
T_19.121 ;
T_19.118 ;
    %jmp T_19.7;
T_19.7 ;
    %pop/vec4 1;
T_19.1 ;
    %jmp T_19;
    .thread T_19;
    .scope S_0x56515f496550;
T_20 ;
    %wait E_0x56515f183e60;
    %load/vec4 v0x56515f496b60_0;
    %flag_set/vec4 8;
    %jmp/0xz  T_20.0, 8;
    %pushi/vec4 0, 0, 32;
    %assign/vec4 v0x56515f4968b0_0, 0;
    %jmp T_20.1;
T_20.0 ;
    %load/vec4 v0x56515f496c00_0;
    %nor/r;
    %flag_set/vec4 8;
    %jmp/0xz  T_20.2, 8;
    %load/vec4 v0x56515f4969b0_0;
    %assign/vec4 v0x56515f4968b0_0, 0;
T_20.2 ;
T_20.1 ;
    %jmp T_20;
    .thread T_20;
    .scope S_0x56515f484fd0;
T_21 ;
    %wait E_0x56515f183e60;
    %load/vec4 v0x56515f4869c0_0;
    %flag_set/vec4 8;
    %jmp/0xz  T_21.0, 8;
    %pushi/vec4 0, 0, 32;
    %ix/load 3, 0, 0;
    %flag_set/imm 4, 0;
    %ix/load 4, 0, 0; Constant delay
    %assign/vec4/a/d v0x56515f486c70, 0, 4;
    %pushi/vec4 0, 0, 32;
    %ix/load 3, 1, 0;
    %flag_set/imm 4, 0;
    %ix/load 4, 0, 0; Constant delay
    %assign/vec4/a/d v0x56515f486c70, 0, 4;
    %pushi/vec4 0, 0, 32;
    %ix/load 3, 2, 0;
    %flag_set/imm 4, 0;
    %ix/load 4, 0, 0; Constant delay
    %assign/vec4/a/d v0x56515f486c70, 0, 4;
    %pushi/vec4 0, 0, 32;
    %ix/load 3, 3, 0;
    %flag_set/imm 4, 0;
    %ix/load 4, 0, 0; Constant delay
    %assign/vec4/a/d v0x56515f486c70, 0, 4;
    %pushi/vec4 0, 0, 32;
    %ix/load 3, 4, 0;
    %flag_set/imm 4, 0;
    %ix/load 4, 0, 0; Constant delay
    %assign/vec4/a/d v0x56515f486c70, 0, 4;
    %pushi/vec4 0, 0, 32;
    %ix/load 3, 5, 0;
    %flag_set/imm 4, 0;
    %ix/load 4, 0, 0; Constant delay
    %assign/vec4/a/d v0x56515f486c70, 0, 4;
    %pushi/vec4 0, 0, 32;
    %ix/load 3, 6, 0;
    %flag_set/imm 4, 0;
    %ix/load 4, 0, 0; Constant delay
    %assign/vec4/a/d v0x56515f486c70, 0, 4;
    %pushi/vec4 0, 0, 32;
    %ix/load 3, 7, 0;
    %flag_set/imm 4, 0;
    %ix/load 4, 0, 0; Constant delay
    %assign/vec4/a/d v0x56515f486c70, 0, 4;
    %pushi/vec4 0, 0, 32;
    %ix/load 3, 8, 0;
    %flag_set/imm 4, 0;
    %ix/load 4, 0, 0; Constant delay
    %assign/vec4/a/d v0x56515f486c70, 0, 4;
    %pushi/vec4 0, 0, 32;
    %ix/load 3, 9, 0;
    %flag_set/imm 4, 0;
    %ix/load 4, 0, 0; Constant delay
    %assign/vec4/a/d v0x56515f486c70, 0, 4;
    %pushi/vec4 0, 0, 32;
    %ix/load 3, 10, 0;
    %flag_set/imm 4, 0;
    %ix/load 4, 0, 0; Constant delay
    %assign/vec4/a/d v0x56515f486c70, 0, 4;
    %pushi/vec4 0, 0, 32;
    %ix/load 3, 11, 0;
    %flag_set/imm 4, 0;
    %ix/load 4, 0, 0; Constant delay
    %assign/vec4/a/d v0x56515f486c70, 0, 4;
    %pushi/vec4 0, 0, 32;
    %ix/load 3, 12, 0;
    %flag_set/imm 4, 0;
    %ix/load 4, 0, 0; Constant delay
    %assign/vec4/a/d v0x56515f486c70, 0, 4;
    %pushi/vec4 0, 0, 32;
    %ix/load 3, 13, 0;
    %flag_set/imm 4, 0;
    %ix/load 4, 0, 0; Constant delay
    %assign/vec4/a/d v0x56515f486c70, 0, 4;
    %pushi/vec4 0, 0, 32;
    %ix/load 3, 14, 0;
    %flag_set/imm 4, 0;
    %ix/load 4, 0, 0; Constant delay
    %assign/vec4/a/d v0x56515f486c70, 0, 4;
    %pushi/vec4 0, 0, 32;
    %ix/load 3, 15, 0;
    %flag_set/imm 4, 0;
    %ix/load 4, 0, 0; Constant delay
    %assign/vec4/a/d v0x56515f486c70, 0, 4;
    %pushi/vec4 0, 0, 32;
    %ix/load 3, 16, 0;
    %flag_set/imm 4, 0;
    %ix/load 4, 0, 0; Constant delay
    %assign/vec4/a/d v0x56515f486c70, 0, 4;
    %pushi/vec4 0, 0, 32;
    %ix/load 3, 17, 0;
    %flag_set/imm 4, 0;
    %ix/load 4, 0, 0; Constant delay
    %assign/vec4/a/d v0x56515f486c70, 0, 4;
    %pushi/vec4 0, 0, 32;
    %ix/load 3, 18, 0;
    %flag_set/imm 4, 0;
    %ix/load 4, 0, 0; Constant delay
    %assign/vec4/a/d v0x56515f486c70, 0, 4;
    %pushi/vec4 0, 0, 32;
    %ix/load 3, 19, 0;
    %flag_set/imm 4, 0;
    %ix/load 4, 0, 0; Constant delay
    %assign/vec4/a/d v0x56515f486c70, 0, 4;
    %pushi/vec4 0, 0, 32;
    %ix/load 3, 20, 0;
    %flag_set/imm 4, 0;
    %ix/load 4, 0, 0; Constant delay
    %assign/vec4/a/d v0x56515f486c70, 0, 4;
    %pushi/vec4 0, 0, 32;
    %ix/load 3, 21, 0;
    %flag_set/imm 4, 0;
    %ix/load 4, 0, 0; Constant delay
    %assign/vec4/a/d v0x56515f486c70, 0, 4;
    %pushi/vec4 0, 0, 32;
    %ix/load 3, 22, 0;
    %flag_set/imm 4, 0;
    %ix/load 4, 0, 0; Constant delay
    %assign/vec4/a/d v0x56515f486c70, 0, 4;
    %pushi/vec4 0, 0, 32;
    %ix/load 3, 23, 0;
    %flag_set/imm 4, 0;
    %ix/load 4, 0, 0; Constant delay
    %assign/vec4/a/d v0x56515f486c70, 0, 4;
    %pushi/vec4 0, 0, 32;
    %ix/load 3, 24, 0;
    %flag_set/imm 4, 0;
    %ix/load 4, 0, 0; Constant delay
    %assign/vec4/a/d v0x56515f486c70, 0, 4;
    %pushi/vec4 0, 0, 32;
    %ix/load 3, 25, 0;
    %flag_set/imm 4, 0;
    %ix/load 4, 0, 0; Constant delay
    %assign/vec4/a/d v0x56515f486c70, 0, 4;
    %pushi/vec4 0, 0, 32;
    %ix/load 3, 26, 0;
    %flag_set/imm 4, 0;
    %ix/load 4, 0, 0; Constant delay
    %assign/vec4/a/d v0x56515f486c70, 0, 4;
    %pushi/vec4 0, 0, 32;
    %ix/load 3, 27, 0;
    %flag_set/imm 4, 0;
    %ix/load 4, 0, 0; Constant delay
    %assign/vec4/a/d v0x56515f486c70, 0, 4;
    %pushi/vec4 0, 0, 32;
    %ix/load 3, 28, 0;
    %flag_set/imm 4, 0;
    %ix/load 4, 0, 0; Constant delay
    %assign/vec4/a/d v0x56515f486c70, 0, 4;
    %pushi/vec4 0, 0, 32;
    %ix/load 3, 29, 0;
    %flag_set/imm 4, 0;
    %ix/load 4, 0, 0; Constant delay
    %assign/vec4/a/d v0x56515f486c70, 0, 4;
    %pushi/vec4 0, 0, 32;
    %ix/load 3, 30, 0;
    %flag_set/imm 4, 0;
    %ix/load 4, 0, 0; Constant delay
    %assign/vec4/a/d v0x56515f486c70, 0, 4;
    %pushi/vec4 0, 0, 32;
    %ix/load 3, 31, 0;
    %flag_set/imm 4, 0;
    %ix/load 4, 0, 0; Constant delay
    %assign/vec4/a/d v0x56515f486c70, 0, 4;
    %jmp T_21.1;
T_21.0 ;
    %load/vec4 v0x56515f486740_0;
    %flag_set/vec4 9;
    %flag_get/vec4 9;
    %jmp/0 T_21.4, 9;
    %load/vec4 v0x56515f4865c0_0;
    %pushi/vec4 0, 0, 5;
    %cmp/ne;
    %flag_get/vec4 4;
    %and;
T_21.4;
    %flag_set/vec4 8;
    %jmp/0xz  T_21.2, 8;
    %load/vec4 v0x56515f486680_0;
    %load/vec4 v0x56515f4865c0_0;
    %pad/u 7;
    %ix/vec4 3;
    %ix/load 4, 0, 0; Constant delay
    %assign/vec4/a/d v0x56515f486c70, 0, 4;
T_21.2 ;
T_21.1 ;
    %jmp T_21;
    .thread T_21;
    .scope S_0x56515f35f100;
T_22 ;
    %wait E_0x56515f183e60;
    %load/vec4 v0x56515f4c1710_0;
    %flag_set/vec4 8;
    %jmp/0xz  T_22.0, 8;
    %pushi/vec4 0, 0, 32;
    %assign/vec4 v0x56515f4c2160_0, 0;
    %pushi/vec4 0, 0, 32;
    %assign/vec4 v0x56515f4bfdf0_0, 0;
    %jmp T_22.1;
T_22.0 ;
    %load/vec4 v0x56515f4bf5a0_0;
    %nor/r;
    %flag_set/vec4 8;
    %jmp/0xz  T_22.2, 8;
    %load/vec4 v0x56515f4c2090_0;
    %assign/vec4 v0x56515f4c2160_0, 0;
    %load/vec4 v0x56515f4bf640_0;
    %assign/vec4 v0x56515f4bfdf0_0, 0;
T_22.2 ;
T_22.1 ;
    %jmp T_22;
    .thread T_22;
    .scope S_0x56515f35f100;
T_23 ;
    %wait E_0x56515f183e60;
    %load/vec4 v0x56515f4c1710_0;
    %flag_set/vec4 8;
    %jmp/0xz  T_23.0, 8;
    %pushi/vec4 19, 0, 32;
    %assign/vec4 v0x56515f4bc8d0_0, 0;
    %pushi/vec4 0, 0, 32;
    %assign/vec4 v0x56515f4bc7c0_0, 0;
    %pushi/vec4 0, 0, 1;
    %assign/vec4 v0x56515f4bc9e0_0, 0;
    %jmp T_23.1;
T_23.0 ;
    %load/vec4 v0x56515f4bf420_0;
    %flag_set/vec4 8;
    %jmp/0xz  T_23.2, 8;
    %pushi/vec4 19, 0, 32;
    %assign/vec4 v0x56515f4bc8d0_0, 0;
    %pushi/vec4 0, 0, 32;
    %assign/vec4 v0x56515f4bc7c0_0, 0;
    %pushi/vec4 0, 0, 1;
    %assign/vec4 v0x56515f4bc9e0_0, 0;
    %jmp T_23.3;
T_23.2 ;
    %load/vec4 v0x56515f4c4320_0;
    %flag_set/vec4 8;
    %jmp/0xz  T_23.4, 8;
    %load/vec4 v0x56515f4bc8d0_0;
    %assign/vec4 v0x56515f4bc8d0_0, 0;
    %load/vec4 v0x56515f4bc7c0_0;
    %assign/vec4 v0x56515f4bc7c0_0, 0;
    %load/vec4 v0x56515f4bc9e0_0;
    %assign/vec4 v0x56515f4bc9e0_0, 0;
    %jmp T_23.5;
T_23.4 ;
    %load/vec4 v0x56515f4c1990_0;
    %nor/r;
    %flag_set/vec4 8;
    %jmp/0xz  T_23.6, 8;
    %load/vec4 v0x56515f4c1db0_0;
    %assign/vec4 v0x56515f4bc8d0_0, 0;
    %load/vec4 v0x56515f4c0220_0;
    %assign/vec4 v0x56515f4bc7c0_0, 0;
    %pushi/vec4 1, 0, 1;
    %assign/vec4 v0x56515f4bc9e0_0, 0;
    %jmp T_23.7;
T_23.6 ;
    %pushi/vec4 19, 0, 32;
    %assign/vec4 v0x56515f4bc8d0_0, 0;
    %pushi/vec4 0, 0, 1;
    %assign/vec4 v0x56515f4bc9e0_0, 0;
T_23.7 ;
T_23.5 ;
T_23.3 ;
T_23.1 ;
    %jmp T_23;
    .thread T_23;
    .scope S_0x56515f35f100;
T_24 ;
    %wait E_0x56515f183e60;
    %load/vec4 v0x56515f4c1710_0;
    %flag_set/vec4 8;
    %jmp/0xz  T_24.0, 8;
    %pushi/vec4 0, 0, 2;
    %assign/vec4 v0x56515f4bb770_0, 0;
    %pushi/vec4 0, 0, 1;
    %assign/vec4 v0x56515f4bb6a0_0, 0;
    %pushi/vec4 0, 0, 1;
    %assign/vec4 v0x56515f4bb520_0, 0;
    %pushi/vec4 0, 0, 1;
    %assign/vec4 v0x56515f4bb1c0_0, 0;
    %pushi/vec4 0, 0, 1;
    %assign/vec4 v0x56515f4bb3c0_0, 0;
    %pushi/vec4 0, 0, 4;
    %assign/vec4 v0x56515f4bb460_0, 0;
    %pushi/vec4 0, 0, 1;
    %assign/vec4 v0x56515f4bb320_0, 0;
    %pushi/vec4 0, 0, 3;
    %assign/vec4 v0x56515f4bad00_0, 0;
    %pushi/vec4 0, 0, 3;
    %assign/vec4 v0x56515f4ba9d0_0, 0;
    %pushi/vec4 0, 0, 1;
    %assign/vec4 v0x56515f4bab40_0, 0;
    %pushi/vec4 0, 0, 1;
    %assign/vec4 v0x56515f4baeb0_0, 0;
    %pushi/vec4 0, 0, 1;
    %assign/vec4 v0x56515f4bafa0_0, 0;
    %pushi/vec4 0, 0, 1;
    %assign/vec4 v0x56515f4badc0_0, 0;
    %pushi/vec4 0, 0, 1;
    %assign/vec4 v0x56515f4baa70_0, 0;
    %pushi/vec4 0, 0, 1;
    %assign/vec4 v0x56515f4bb280_0, 0;
    %pushi/vec4 0, 0, 32;
    %assign/vec4 v0x56515f4ba8c0_0, 0;
    %pushi/vec4 0, 0, 1;
    %assign/vec4 v0x56515f4bb9d0_0, 0;
    %jmp T_24.1;
T_24.0 ;
    %load/vec4 v0x56515f4c3aa0_0;
    %flag_set/vec4 8;
    %jmp/0xz  T_24.2, 8;
    %load/vec4 v0x56515f4bb770_0;
    %assign/vec4 v0x56515f4bb770_0, 0;
    %load/vec4 v0x56515f4bb6a0_0;
    %assign/vec4 v0x56515f4bb6a0_0, 0;
    %load/vec4 v0x56515f4bb520_0;
    %assign/vec4 v0x56515f4bb520_0, 0;
    %load/vec4 v0x56515f4bb1c0_0;
    %assign/vec4 v0x56515f4bb1c0_0, 0;
    %load/vec4 v0x56515f4bb3c0_0;
    %assign/vec4 v0x56515f4bb3c0_0, 0;
    %load/vec4 v0x56515f4bb460_0;
    %assign/vec4 v0x56515f4bb460_0, 0;
    %load/vec4 v0x56515f4bb320_0;
    %assign/vec4 v0x56515f4bb320_0, 0;
    %load/vec4 v0x56515f4bad00_0;
    %assign/vec4 v0x56515f4bad00_0, 0;
    %load/vec4 v0x56515f4ba9d0_0;
    %assign/vec4 v0x56515f4ba9d0_0, 0;
    %load/vec4 v0x56515f4bab40_0;
    %assign/vec4 v0x56515f4bab40_0, 0;
    %load/vec4 v0x56515f4baeb0_0;
    %assign/vec4 v0x56515f4baeb0_0, 0;
    %load/vec4 v0x56515f4bafa0_0;
    %assign/vec4 v0x56515f4bafa0_0, 0;
    %load/vec4 v0x56515f4badc0_0;
    %assign/vec4 v0x56515f4badc0_0, 0;
    %load/vec4 v0x56515f4baa70_0;
    %assign/vec4 v0x56515f4baa70_0, 0;
    %load/vec4 v0x56515f4bb280_0;
    %assign/vec4 v0x56515f4bb280_0, 0;
    %load/vec4 v0x56515f4ba8c0_0;
    %assign/vec4 v0x56515f4ba8c0_0, 0;
    %load/vec4 v0x56515f4bb9d0_0;
    %assign/vec4 v0x56515f4bb9d0_0, 0;
    %jmp T_24.3;
T_24.2 ;
    %load/vec4 v0x56515f4c4320_0;
    %flag_set/vec4 8;
    %jmp/0xz  T_24.4, 8;
    %pushi/vec4 0, 0, 2;
    %assign/vec4 v0x56515f4bb770_0, 0;
    %pushi/vec4 0, 0, 1;
    %assign/vec4 v0x56515f4bb6a0_0, 0;
    %pushi/vec4 0, 0, 1;
    %assign/vec4 v0x56515f4bb520_0, 0;
    %pushi/vec4 0, 0, 1;
    %assign/vec4 v0x56515f4bb1c0_0, 0;
    %pushi/vec4 0, 0, 1;
    %assign/vec4 v0x56515f4bb3c0_0, 0;
    %pushi/vec4 0, 0, 4;
    %assign/vec4 v0x56515f4bb460_0, 0;
    %pushi/vec4 0, 0, 1;
    %assign/vec4 v0x56515f4bb320_0, 0;
    %pushi/vec4 0, 0, 3;
    %assign/vec4 v0x56515f4bad00_0, 0;
    %pushi/vec4 0, 0, 3;
    %assign/vec4 v0x56515f4ba9d0_0, 0;
    %pushi/vec4 0, 0, 1;
    %assign/vec4 v0x56515f4bab40_0, 0;
    %pushi/vec4 0, 0, 1;
    %assign/vec4 v0x56515f4baeb0_0, 0;
    %pushi/vec4 0, 0, 1;
    %assign/vec4 v0x56515f4bafa0_0, 0;
    %pushi/vec4 0, 0, 1;
    %assign/vec4 v0x56515f4badc0_0, 0;
    %pushi/vec4 0, 0, 1;
    %assign/vec4 v0x56515f4baa70_0, 0;
    %pushi/vec4 0, 0, 1;
    %assign/vec4 v0x56515f4bb280_0, 0;
    %pushi/vec4 0, 0, 32;
    %assign/vec4 v0x56515f4ba8c0_0, 0;
    %pushi/vec4 0, 0, 1;
    %assign/vec4 v0x56515f4bb9d0_0, 0;
    %jmp T_24.5;
T_24.4 ;
    %load/vec4 v0x56515f4bc9e0_0;
    %flag_set/vec4 8;
    %jmp/0 T_24.6, 8;
    %load/vec4 v0x56515f4c3d30_0;
    %jmp/1 T_24.7, 8;
T_24.6 ; End of true expr.
    %pushi/vec4 0, 0, 2;
    %jmp/0 T_24.7, 8;
 ; End of false expr.
    %blend;
T_24.7;
    %assign/vec4 v0x56515f4bb770_0, 0;
    %load/vec4 v0x56515f4bc9e0_0;
    %flag_set/vec4 8;
    %jmp/0 T_24.8, 8;
    %load/vec4 v0x56515f4c3c40_0;
    %jmp/1 T_24.9, 8;
T_24.8 ; End of true expr.
    %pushi/vec4 0, 0, 1;
    %jmp/0 T_24.9, 8;
 ; End of false expr.
    %blend;
T_24.9;
    %assign/vec4 v0x56515f4bb6a0_0, 0;
    %load/vec4 v0x56515f4bc9e0_0;
    %flag_set/vec4 8;
    %jmp/0 T_24.10, 8;
    %load/vec4 v0x56515f4c3a00_0;
    %jmp/1 T_24.11, 8;
T_24.10 ; End of true expr.
    %pushi/vec4 0, 0, 1;
    %jmp/0 T_24.11, 8;
 ; End of false expr.
    %blend;
T_24.11;
    %assign/vec4 v0x56515f4bb520_0, 0;
    %load/vec4 v0x56515f4bc9e0_0;
    %flag_set/vec4 8;
    %jmp/0 T_24.12, 8;
    %load/vec4 v0x56515f4c1ff0_0;
    %jmp/1 T_24.13, 8;
T_24.12 ; End of true expr.
    %pushi/vec4 0, 0, 1;
    %jmp/0 T_24.13, 8;
 ; End of false expr.
    %blend;
T_24.13;
    %assign/vec4 v0x56515f4bb1c0_0, 0;
    %load/vec4 v0x56515f4bc9e0_0;
    %flag_set/vec4 8;
    %jmp/0 T_24.14, 8;
    %load/vec4 v0x56515f4c23e0_0;
    %jmp/1 T_24.15, 8;
T_24.14 ; End of true expr.
    %pushi/vec4 0, 0, 1;
    %jmp/0 T_24.15, 8;
 ; End of false expr.
    %blend;
T_24.15;
    %assign/vec4 v0x56515f4bb3c0_0, 0;
    %load/vec4 v0x56515f4bc9e0_0;
    %flag_set/vec4 8;
    %jmp/0 T_24.16, 8;
    %load/vec4 v0x56515f4bfce0_0;
    %jmp/1 T_24.17, 8;
T_24.16 ; End of true expr.
    %pushi/vec4 0, 0, 4;
    %jmp/0 T_24.17, 8;
 ; End of false expr.
    %blend;
T_24.17;
    %assign/vec4 v0x56515f4bb460_0, 0;
    %load/vec4 v0x56515f4bc9e0_0;
    %flag_set/vec4 8;
    %jmp/0 T_24.18, 8;
    %load/vec4 v0x56515f4c22f0_0;
    %jmp/1 T_24.19, 8;
T_24.18 ; End of true expr.
    %pushi/vec4 0, 0, 1;
    %jmp/0 T_24.19, 8;
 ; End of false expr.
    %blend;
T_24.19;
    %assign/vec4 v0x56515f4bb320_0, 0;
    %load/vec4 v0x56515f4bc9e0_0;
    %flag_set/vec4 8;
    %jmp/0 T_24.20, 8;
    %load/vec4 v0x56515f4c0550_0;
    %jmp/1 T_24.21, 8;
T_24.20 ; End of true expr.
    %pushi/vec4 0, 0, 3;
    %jmp/0 T_24.21, 8;
 ; End of false expr.
    %blend;
T_24.21;
    %assign/vec4 v0x56515f4bad00_0, 0;
    %load/vec4 v0x56515f4bc9e0_0;
    %flag_set/vec4 8;
    %jmp/0 T_24.22, 8;
    %load/vec4 v0x56515f4bed90_0;
    %jmp/1 T_24.23, 8;
T_24.22 ; End of true expr.
    %pushi/vec4 0, 0, 3;
    %jmp/0 T_24.23, 8;
 ; End of false expr.
    %blend;
T_24.23;
    %assign/vec4 v0x56515f4ba9d0_0, 0;
    %load/vec4 v0x56515f4bc9e0_0;
    %flag_set/vec4 8;
    %jmp/0 T_24.24, 8;
    %load/vec4 v0x56515f4bf000_0;
    %jmp/1 T_24.25, 8;
T_24.24 ; End of true expr.
    %pushi/vec4 0, 0, 1;
    %jmp/0 T_24.25, 8;
 ; End of false expr.
    %blend;
T_24.25;
    %assign/vec4 v0x56515f4bab40_0, 0;
    %load/vec4 v0x56515f4bc9e0_0;
    %flag_set/vec4 8;
    %jmp/0 T_24.26, 8;
    %load/vec4 v0x56515f4c17b0_0;
    %jmp/1 T_24.27, 8;
T_24.26 ; End of true expr.
    %pushi/vec4 0, 0, 1;
    %jmp/0 T_24.27, 8;
 ; End of false expr.
    %blend;
T_24.27;
    %assign/vec4 v0x56515f4baeb0_0, 0;
    %load/vec4 v0x56515f4bc9e0_0;
    %flag_set/vec4 8;
    %jmp/0 T_24.28, 8;
    %load/vec4 v0x56515f4c18a0_0;
    %jmp/1 T_24.29, 8;
T_24.28 ; End of true expr.
    %pushi/vec4 0, 0, 1;
    %jmp/0 T_24.29, 8;
 ; End of false expr.
    %blend;
T_24.29;
    %assign/vec4 v0x56515f4bafa0_0, 0;
    %load/vec4 v0x56515f4bc9e0_0;
    %flag_set/vec4 8;
    %jmp/0 T_24.30, 8;
    %load/vec4 v0x56515f4c0640_0;
    %jmp/1 T_24.31, 8;
T_24.30 ; End of true expr.
    %pushi/vec4 0, 0, 1;
    %jmp/0 T_24.31, 8;
 ; End of false expr.
    %blend;
T_24.31;
    %assign/vec4 v0x56515f4badc0_0, 0;
    %load/vec4 v0x56515f4bc9e0_0;
    %flag_set/vec4 8;
    %jmp/0 T_24.32, 8;
    %load/vec4 v0x56515f4bee50_0;
    %jmp/1 T_24.33, 8;
T_24.32 ; End of true expr.
    %pushi/vec4 0, 0, 1;
    %jmp/0 T_24.33, 8;
 ; End of false expr.
    %blend;
T_24.33;
    %assign/vec4 v0x56515f4baa70_0, 0;
    %load/vec4 v0x56515f4bc9e0_0;
    %flag_set/vec4 8;
    %jmp/0 T_24.34, 8;
    %load/vec4 v0x56515f4c2200_0;
    %jmp/1 T_24.35, 8;
T_24.34 ; End of true expr.
    %pushi/vec4 0, 0, 1;
    %jmp/0 T_24.35, 8;
 ; End of false expr.
    %blend;
T_24.35;
    %assign/vec4 v0x56515f4bb280_0, 0;
    %load/vec4 v0x56515f4bc9e0_0;
    %flag_set/vec4 8;
    %jmp/0 T_24.36, 8;
    %load/vec4 v0x56515f4bc7c0_0;
    %jmp/1 T_24.37, 8;
T_24.36 ; End of true expr.
    %pushi/vec4 0, 0, 32;
    %jmp/0 T_24.37, 8;
 ; End of false expr.
    %blend;
T_24.37;
    %assign/vec4 v0x56515f4ba8c0_0, 0;
    %load/vec4 v0x56515f4bc9e0_0;
    %assign/vec4 v0x56515f4bb9d0_0, 0;
T_24.5 ;
T_24.3 ;
T_24.1 ;
    %jmp T_24;
    .thread T_24;
    .scope S_0x56515f35f100;
T_25 ;
    %wait E_0x56515f183e60;
    %load/vec4 v0x56515f4c1710_0;
    %flag_set/vec4 8;
    %jmp/0xz  T_25.0, 8;
    %pushi/vec4 0, 0, 5;
    %assign/vec4 v0x56515f4bb5e0_0, 0;
    %pushi/vec4 0, 0, 32;
    %assign/vec4 v0x56515f4bb810_0, 0;
    %pushi/vec4 0, 0, 32;
    %assign/vec4 v0x56515f4bb900_0, 0;
    %pushi/vec4 0, 0, 32;
    %assign/vec4 v0x56515f4bb040_0, 0;
    %pushi/vec4 0, 0, 32;
    %assign/vec4 v0x56515f4bac10_0, 0;
    %pushi/vec4 19, 0, 32;
    %assign/vec4 v0x56515f4bb100_0, 0;
    %jmp T_25.1;
T_25.0 ;
    %load/vec4 v0x56515f4c3aa0_0;
    %flag_set/vec4 8;
    %jmp/0xz  T_25.2, 8;
    %load/vec4 v0x56515f4bb5e0_0;
    %assign/vec4 v0x56515f4bb5e0_0, 0;
    %load/vec4 v0x56515f4bb810_0;
    %assign/vec4 v0x56515f4bb810_0, 0;
    %load/vec4 v0x56515f4bb900_0;
    %assign/vec4 v0x56515f4bb900_0, 0;
    %load/vec4 v0x56515f4bb040_0;
    %assign/vec4 v0x56515f4bb040_0, 0;
    %load/vec4 v0x56515f4bac10_0;
    %assign/vec4 v0x56515f4bac10_0, 0;
    %load/vec4 v0x56515f4bb100_0;
    %assign/vec4 v0x56515f4bb100_0, 0;
    %jmp T_25.3;
T_25.2 ;
    %load/vec4 v0x56515f4c4320_0;
    %flag_set/vec4 8;
    %jmp/0xz  T_25.4, 8;
    %pushi/vec4 0, 0, 5;
    %assign/vec4 v0x56515f4bb5e0_0, 0;
    %pushi/vec4 0, 0, 32;
    %assign/vec4 v0x56515f4bb810_0, 0;
    %pushi/vec4 0, 0, 32;
    %assign/vec4 v0x56515f4bb900_0, 0;
    %pushi/vec4 0, 0, 32;
    %assign/vec4 v0x56515f4bb040_0, 0;
    %pushi/vec4 0, 0, 32;
    %assign/vec4 v0x56515f4bac10_0, 0;
    %pushi/vec4 19, 0, 32;
    %assign/vec4 v0x56515f4bb100_0, 0;
    %jmp T_25.5;
T_25.4 ;
    %load/vec4 v0x56515f4bc9e0_0;
    %flag_set/vec4 8;
    %jmp/0 T_25.6, 8;
    %load/vec4 v0x56515f4c3b70_0;
    %jmp/1 T_25.7, 8;
T_25.6 ; End of true expr.
    %pushi/vec4 0, 0, 5;
    %jmp/0 T_25.7, 8;
 ; End of false expr.
    %blend;
T_25.7;
    %assign/vec4 v0x56515f4bb5e0_0, 0;
    %load/vec4 v0x56515f4bc9e0_0;
    %flag_set/vec4 8;
    %jmp/0 T_25.8, 8;
    %load/vec4 v0x56515f4c3ee0_0;
    %jmp/1 T_25.9, 8;
T_25.8 ; End of true expr.
    %pushi/vec4 0, 0, 32;
    %jmp/0 T_25.9, 8;
 ; End of false expr.
    %blend;
T_25.9;
    %assign/vec4 v0x56515f4bb810_0, 0;
    %load/vec4 v0x56515f4bc9e0_0;
    %flag_set/vec4 8;
    %jmp/0 T_25.10, 8;
    %load/vec4 v0x56515f4c4100_0;
    %jmp/1 T_25.11, 8;
T_25.10 ; End of true expr.
    %pushi/vec4 0, 0, 32;
    %jmp/0 T_25.11, 8;
 ; End of false expr.
    %blend;
T_25.11;
    %assign/vec4 v0x56515f4bb900_0, 0;
    %load/vec4 v0x56515f4bc9e0_0;
    %flag_set/vec4 8;
    %jmp/0 T_25.12, 8;
    %load/vec4 v0x56515f4c1f50_0;
    %jmp/1 T_25.13, 8;
T_25.12 ; End of true expr.
    %pushi/vec4 0, 0, 32;
    %jmp/0 T_25.13, 8;
 ; End of false expr.
    %blend;
T_25.13;
    %assign/vec4 v0x56515f4bb040_0, 0;
    %load/vec4 v0x56515f4bc9e0_0;
    %flag_set/vec4 8;
    %jmp/0 T_25.14, 8;
    %load/vec4 v0x56515f4bf1b0_0;
    %jmp/1 T_25.15, 8;
T_25.14 ; End of true expr.
    %pushi/vec4 0, 0, 32;
    %jmp/0 T_25.15, 8;
 ; End of false expr.
    %blend;
T_25.15;
    %assign/vec4 v0x56515f4bac10_0, 0;
    %load/vec4 v0x56515f4bc9e0_0;
    %flag_set/vec4 8;
    %jmp/0 T_25.16, 8;
    %load/vec4 v0x56515f4bc8d0_0;
    %jmp/1 T_25.17, 8;
T_25.16 ; End of true expr.
    %pushi/vec4 19, 0, 32;
    %jmp/0 T_25.17, 8;
 ; End of false expr.
    %blend;
T_25.17;
    %assign/vec4 v0x56515f4bb100_0, 0;
T_25.5 ;
T_25.3 ;
T_25.1 ;
    %jmp T_25;
    .thread T_25;
    .scope S_0x56515f35f100;
T_26 ;
    %wait E_0x56515f183e60;
    %load/vec4 v0x56515f4c1710_0;
    %flag_set/vec4 8;
    %jmp/0xz  T_26.0, 8;
    %pushi/vec4 0, 0, 2;
    %assign/vec4 v0x56515f4bc430_0, 0;
    %pushi/vec4 0, 0, 1;
    %assign/vec4 v0x56515f4bc340_0, 0;
    %pushi/vec4 0, 0, 1;
    %assign/vec4 v0x56515f4bc1e0_0, 0;
    %pushi/vec4 0, 0, 1;
    %assign/vec4 v0x56515f4bbec0_0, 0;
    %pushi/vec4 0, 0, 1;
    %assign/vec4 v0x56515f4bc070_0, 0;
    %pushi/vec4 0, 0, 4;
    %assign/vec4 v0x56515f4bc110_0, 0;
    %pushi/vec4 0, 0, 1;
    %assign/vec4 v0x56515f4bbf80_0, 0;
    %pushi/vec4 0, 0, 3;
    %assign/vec4 v0x56515f4bbd40_0, 0;
    %pushi/vec4 0, 0, 32;
    %assign/vec4 v0x56515f4bbb80_0, 0;
    %pushi/vec4 19, 0, 32;
    %assign/vec4 v0x56515f4bbe00_0, 0;
    %pushi/vec4 0, 0, 1;
    %assign/vec4 v0x56515f4bc700_0, 0;
    %jmp T_26.1;
T_26.0 ;
    %load/vec4 v0x56515f4c3aa0_0;
    %flag_set/vec4 8;
    %jmp/0xz  T_26.2, 8;
    %load/vec4 v0x56515f4bc430_0;
    %assign/vec4 v0x56515f4bc430_0, 0;
    %load/vec4 v0x56515f4bc340_0;
    %assign/vec4 v0x56515f4bc340_0, 0;
    %load/vec4 v0x56515f4bc1e0_0;
    %assign/vec4 v0x56515f4bc1e0_0, 0;
    %load/vec4 v0x56515f4bbec0_0;
    %assign/vec4 v0x56515f4bbec0_0, 0;
    %load/vec4 v0x56515f4bc070_0;
    %assign/vec4 v0x56515f4bc070_0, 0;
    %load/vec4 v0x56515f4bc110_0;
    %assign/vec4 v0x56515f4bc110_0, 0;
    %load/vec4 v0x56515f4bbf80_0;
    %assign/vec4 v0x56515f4bbf80_0, 0;
    %load/vec4 v0x56515f4bbd40_0;
    %assign/vec4 v0x56515f4bbd40_0, 0;
    %load/vec4 v0x56515f4bbb80_0;
    %assign/vec4 v0x56515f4bbb80_0, 0;
    %load/vec4 v0x56515f4bbe00_0;
    %assign/vec4 v0x56515f4bbe00_0, 0;
    %load/vec4 v0x56515f4bc700_0;
    %assign/vec4 v0x56515f4bc700_0, 0;
    %jmp T_26.3;
T_26.2 ;
    %load/vec4 v0x56515f4bb9d0_0;
    %flag_set/vec4 8;
    %jmp/0 T_26.4, 8;
    %load/vec4 v0x56515f4bb770_0;
    %jmp/1 T_26.5, 8;
T_26.4 ; End of true expr.
    %pushi/vec4 0, 0, 2;
    %jmp/0 T_26.5, 8;
 ; End of false expr.
    %blend;
T_26.5;
    %assign/vec4 v0x56515f4bc430_0, 0;
    %load/vec4 v0x56515f4bb9d0_0;
    %flag_set/vec4 8;
    %jmp/0 T_26.6, 8;
    %load/vec4 v0x56515f4bb6a0_0;
    %jmp/1 T_26.7, 8;
T_26.6 ; End of true expr.
    %pushi/vec4 0, 0, 1;
    %jmp/0 T_26.7, 8;
 ; End of false expr.
    %blend;
T_26.7;
    %assign/vec4 v0x56515f4bc340_0, 0;
    %load/vec4 v0x56515f4bb9d0_0;
    %flag_set/vec4 8;
    %jmp/0 T_26.8, 8;
    %load/vec4 v0x56515f4bb520_0;
    %jmp/1 T_26.9, 8;
T_26.8 ; End of true expr.
    %pushi/vec4 0, 0, 1;
    %jmp/0 T_26.9, 8;
 ; End of false expr.
    %blend;
T_26.9;
    %assign/vec4 v0x56515f4bc1e0_0, 0;
    %load/vec4 v0x56515f4bb9d0_0;
    %flag_set/vec4 8;
    %jmp/0 T_26.10, 8;
    %load/vec4 v0x56515f4bb1c0_0;
    %jmp/1 T_26.11, 8;
T_26.10 ; End of true expr.
    %pushi/vec4 0, 0, 1;
    %jmp/0 T_26.11, 8;
 ; End of false expr.
    %blend;
T_26.11;
    %assign/vec4 v0x56515f4bbec0_0, 0;
    %load/vec4 v0x56515f4bb9d0_0;
    %flag_set/vec4 8;
    %jmp/0 T_26.12, 8;
    %load/vec4 v0x56515f4bb3c0_0;
    %jmp/1 T_26.13, 8;
T_26.12 ; End of true expr.
    %pushi/vec4 0, 0, 1;
    %jmp/0 T_26.13, 8;
 ; End of false expr.
    %blend;
T_26.13;
    %assign/vec4 v0x56515f4bc070_0, 0;
    %load/vec4 v0x56515f4bb9d0_0;
    %flag_set/vec4 8;
    %jmp/0 T_26.14, 8;
    %load/vec4 v0x56515f4bb460_0;
    %jmp/1 T_26.15, 8;
T_26.14 ; End of true expr.
    %pushi/vec4 0, 0, 4;
    %jmp/0 T_26.15, 8;
 ; End of false expr.
    %blend;
T_26.15;
    %assign/vec4 v0x56515f4bc110_0, 0;
    %load/vec4 v0x56515f4bb9d0_0;
    %flag_set/vec4 8;
    %jmp/0 T_26.16, 8;
    %load/vec4 v0x56515f4bb320_0;
    %jmp/1 T_26.17, 8;
T_26.16 ; End of true expr.
    %pushi/vec4 0, 0, 1;
    %jmp/0 T_26.17, 8;
 ; End of false expr.
    %blend;
T_26.17;
    %assign/vec4 v0x56515f4bbf80_0, 0;
    %load/vec4 v0x56515f4bb9d0_0;
    %flag_set/vec4 8;
    %jmp/0 T_26.18, 8;
    %load/vec4 v0x56515f4bad00_0;
    %jmp/1 T_26.19, 8;
T_26.18 ; End of true expr.
    %pushi/vec4 0, 0, 3;
    %jmp/0 T_26.19, 8;
 ; End of false expr.
    %blend;
T_26.19;
    %assign/vec4 v0x56515f4bbd40_0, 0;
    %load/vec4 v0x56515f4bb9d0_0;
    %flag_set/vec4 8;
    %jmp/0 T_26.20, 8;
    %load/vec4 v0x56515f4ba8c0_0;
    %jmp/1 T_26.21, 8;
T_26.20 ; End of true expr.
    %pushi/vec4 0, 0, 32;
    %jmp/0 T_26.21, 8;
 ; End of false expr.
    %blend;
T_26.21;
    %assign/vec4 v0x56515f4bbb80_0, 0;
    %load/vec4 v0x56515f4bb9d0_0;
    %flag_set/vec4 8;
    %jmp/0 T_26.22, 8;
    %load/vec4 v0x56515f4bb100_0;
    %jmp/1 T_26.23, 8;
T_26.22 ; End of true expr.
    %pushi/vec4 19, 0, 32;
    %jmp/0 T_26.23, 8;
 ; End of false expr.
    %blend;
T_26.23;
    %assign/vec4 v0x56515f4bbe00_0, 0;
    %load/vec4 v0x56515f4bb9d0_0;
    %assign/vec4 v0x56515f4bc700_0, 0;
T_26.3 ;
T_26.1 ;
    %jmp T_26;
    .thread T_26;
    .scope S_0x56515f35f100;
T_27 ;
    %wait E_0x56515f183e60;
    %load/vec4 v0x56515f4c1710_0;
    %flag_set/vec4 8;
    %jmp/0xz  T_27.0, 8;
    %pushi/vec4 0, 0, 5;
    %assign/vec4 v0x56515f4bc280_0, 0;
    %pushi/vec4 0, 0, 32;
    %assign/vec4 v0x56515f4bc510_0, 0;
    %pushi/vec4 0, 0, 32;
    %assign/vec4 v0x56515f4bc5f0_0, 0;
    %pushi/vec4 0, 0, 32;
    %assign/vec4 v0x56515f4bba70_0, 0;
    %pushi/vec4 0, 0, 32;
    %assign/vec4 v0x56515f4bbc60_0, 0;
    %jmp T_27.1;
T_27.0 ;
    %load/vec4 v0x56515f4c3aa0_0;
    %flag_set/vec4 8;
    %jmp/0xz  T_27.2, 8;
    %load/vec4 v0x56515f4bc280_0;
    %assign/vec4 v0x56515f4bc280_0, 0;
    %load/vec4 v0x56515f4bc510_0;
    %assign/vec4 v0x56515f4bc510_0, 0;
    %load/vec4 v0x56515f4bc5f0_0;
    %assign/vec4 v0x56515f4bc5f0_0, 0;
    %load/vec4 v0x56515f4bba70_0;
    %assign/vec4 v0x56515f4bba70_0, 0;
    %load/vec4 v0x56515f4bbc60_0;
    %assign/vec4 v0x56515f4bbc60_0, 0;
    %jmp T_27.3;
T_27.2 ;
    %load/vec4 v0x56515f4bb9d0_0;
    %flag_set/vec4 8;
    %jmp/0 T_27.4, 8;
    %load/vec4 v0x56515f4bb5e0_0;
    %jmp/1 T_27.5, 8;
T_27.4 ; End of true expr.
    %pushi/vec4 0, 0, 5;
    %jmp/0 T_27.5, 8;
 ; End of false expr.
    %blend;
T_27.5;
    %assign/vec4 v0x56515f4bc280_0, 0;
    %load/vec4 v0x56515f4bb9d0_0;
    %flag_set/vec4 8;
    %jmp/0 T_27.6, 8;
    %load/vec4 v0x56515f4c3ff0_0;
    %jmp/1 T_27.7, 8;
T_27.6 ; End of true expr.
    %pushi/vec4 0, 0, 32;
    %jmp/0 T_27.7, 8;
 ; End of false expr.
    %blend;
T_27.7;
    %assign/vec4 v0x56515f4bc510_0, 0;
    %load/vec4 v0x56515f4bb9d0_0;
    %flag_set/vec4 8;
    %jmp/0 T_27.8, 8;
    %load/vec4 v0x56515f4c4210_0;
    %jmp/1 T_27.9, 8;
T_27.8 ; End of true expr.
    %pushi/vec4 0, 0, 32;
    %jmp/0 T_27.9, 8;
 ; End of false expr.
    %blend;
T_27.9;
    %assign/vec4 v0x56515f4bc5f0_0, 0;
    %load/vec4 v0x56515f4bb9d0_0;
    %flag_set/vec4 8;
    %jmp/0 T_27.10, 8;
    %load/vec4 v0x56515f4beef0_0;
    %jmp/1 T_27.11, 8;
T_27.10 ; End of true expr.
    %pushi/vec4 0, 0, 32;
    %jmp/0 T_27.11, 8;
 ; End of false expr.
    %blend;
T_27.11;
    %assign/vec4 v0x56515f4bba70_0, 0;
    %load/vec4 v0x56515f4bb9d0_0;
    %flag_set/vec4 8;
    %jmp/0 T_27.12, 8;
    %load/vec4 v0x56515f4bac10_0;
    %jmp/1 T_27.13, 8;
T_27.12 ; End of true expr.
    %pushi/vec4 0, 0, 32;
    %jmp/0 T_27.13, 8;
 ; End of false expr.
    %blend;
T_27.13;
    %assign/vec4 v0x56515f4bbc60_0, 0;
T_27.3 ;
T_27.1 ;
    %jmp T_27;
    .thread T_27;
    .scope S_0x56515f35f100;
T_28 ;
    %wait E_0x56515f183e60;
    %load/vec4 v0x56515f4c1710_0;
    %flag_set/vec4 8;
    %jmp/0xz  T_28.0, 8;
    %pushi/vec4 0, 0, 2;
    %assign/vec4 v0x56515f4bd5e0_0, 0;
    %pushi/vec4 0, 0, 1;
    %assign/vec4 v0x56515f4bd540_0, 0;
    %pushi/vec4 0, 0, 1;
    %assign/vec4 v0x56515f4bd3d0_0, 0;
    %pushi/vec4 0, 0, 1;
    %assign/vec4 v0x56515f4bd300_0, 0;
    %pushi/vec4 0, 0, 32;
    %assign/vec4 v0x56515f4bcc00_0, 0;
    %pushi/vec4 19, 0, 32;
    %assign/vec4 v0x56515f4bd220_0, 0;
    %pushi/vec4 0, 0, 1;
    %assign/vec4 v0x56515f4bd910_0, 0;
    %jmp T_28.1;
T_28.0 ;
    %load/vec4 v0x56515f4c3aa0_0;
    %flag_set/vec4 8;
    %jmp/0xz  T_28.2, 8;
    %load/vec4 v0x56515f4bd5e0_0;
    %assign/vec4 v0x56515f4bd5e0_0, 0;
    %load/vec4 v0x56515f4bd540_0;
    %assign/vec4 v0x56515f4bd540_0, 0;
    %load/vec4 v0x56515f4bd3d0_0;
    %assign/vec4 v0x56515f4bd3d0_0, 0;
    %load/vec4 v0x56515f4bd300_0;
    %assign/vec4 v0x56515f4bd300_0, 0;
    %load/vec4 v0x56515f4bcc00_0;
    %assign/vec4 v0x56515f4bcc00_0, 0;
    %load/vec4 v0x56515f4bd220_0;
    %assign/vec4 v0x56515f4bd220_0, 0;
    %load/vec4 v0x56515f4bd910_0;
    %assign/vec4 v0x56515f4bd910_0, 0;
    %jmp T_28.3;
T_28.2 ;
    %load/vec4 v0x56515f4bc700_0;
    %flag_set/vec4 8;
    %jmp/0 T_28.4, 8;
    %load/vec4 v0x56515f4bc430_0;
    %jmp/1 T_28.5, 8;
T_28.4 ; End of true expr.
    %pushi/vec4 0, 0, 2;
    %jmp/0 T_28.5, 8;
 ; End of false expr.
    %blend;
T_28.5;
    %assign/vec4 v0x56515f4bd5e0_0, 0;
    %load/vec4 v0x56515f4bc700_0;
    %flag_set/vec4 8;
    %jmp/0 T_28.6, 8;
    %load/vec4 v0x56515f4bc340_0;
    %jmp/1 T_28.7, 8;
T_28.6 ; End of true expr.
    %pushi/vec4 0, 0, 1;
    %jmp/0 T_28.7, 8;
 ; End of false expr.
    %blend;
T_28.7;
    %assign/vec4 v0x56515f4bd540_0, 0;
    %load/vec4 v0x56515f4bc700_0;
    %flag_set/vec4 8;
    %jmp/0 T_28.8, 8;
    %load/vec4 v0x56515f4bc1e0_0;
    %jmp/1 T_28.9, 8;
T_28.8 ; End of true expr.
    %pushi/vec4 0, 0, 1;
    %jmp/0 T_28.9, 8;
 ; End of false expr.
    %blend;
T_28.9;
    %assign/vec4 v0x56515f4bd3d0_0, 0;
    %load/vec4 v0x56515f4bc700_0;
    %flag_set/vec4 8;
    %jmp/0 T_28.10, 8;
    %load/vec4 v0x56515f4bbec0_0;
    %jmp/1 T_28.11, 8;
T_28.10 ; End of true expr.
    %pushi/vec4 0, 0, 1;
    %jmp/0 T_28.11, 8;
 ; End of false expr.
    %blend;
T_28.11;
    %assign/vec4 v0x56515f4bd300_0, 0;
    %load/vec4 v0x56515f4bc700_0;
    %flag_set/vec4 8;
    %jmp/0 T_28.12, 8;
    %load/vec4 v0x56515f4bbb80_0;
    %jmp/1 T_28.13, 8;
T_28.12 ; End of true expr.
    %pushi/vec4 0, 0, 32;
    %jmp/0 T_28.13, 8;
 ; End of false expr.
    %blend;
T_28.13;
    %assign/vec4 v0x56515f4bcc00_0, 0;
    %load/vec4 v0x56515f4bc700_0;
    %flag_set/vec4 8;
    %jmp/0 T_28.14, 8;
    %load/vec4 v0x56515f4bbe00_0;
    %jmp/1 T_28.15, 8;
T_28.14 ; End of true expr.
    %pushi/vec4 19, 0, 32;
    %jmp/0 T_28.15, 8;
 ; End of false expr.
    %blend;
T_28.15;
    %assign/vec4 v0x56515f4bd220_0, 0;
    %load/vec4 v0x56515f4bc700_0;
    %assign/vec4 v0x56515f4bd910_0, 0;
T_28.3 ;
T_28.1 ;
    %jmp T_28;
    .thread T_28;
    .scope S_0x56515f35f100;
T_29 ;
    %wait E_0x56515f183e60;
    %load/vec4 v0x56515f4c1710_0;
    %flag_set/vec4 8;
    %jmp/0xz  T_29.0, 8;
    %pushi/vec4 1, 0, 1;
    %assign/vec4 v0x56515f4bd6b0_0, 0;
    %jmp T_29.1;
T_29.0 ;
    %load/vec4 v0x56515f4c3aa0_0;
    %nor/r;
    %flag_set/vec4 9;
    %flag_get/vec4 9;
    %jmp/0 T_29.4, 9;
    %load/vec4 v0x56515f4bc700_0;
    %and;
T_29.4;
    %flag_set/vec4 8;
    %jmp/0xz  T_29.2, 8;
    %pushi/vec4 0, 0, 1;
    %assign/vec4 v0x56515f4bd6b0_0, 0;
    %jmp T_29.3;
T_29.2 ;
    %load/vec4 v0x56515f4c3e20_0;
    %flag_set/vec4 8;
    %jmp/0xz  T_29.5, 8;
    %pushi/vec4 1, 0, 1;
    %assign/vec4 v0x56515f4bd6b0_0, 0;
    %jmp T_29.6;
T_29.5 ;
    %load/vec4 v0x56515f4c3aa0_0;
    %nor/r;
    %flag_set/vec4 9;
    %flag_get/vec4 9;
    %jmp/0 T_29.9, 9;
    %load/vec4 v0x56515f4bc700_0;
    %nor/r;
    %and;
T_29.9;
    %flag_set/vec4 8;
    %jmp/0xz  T_29.7, 8;
    %pushi/vec4 1, 0, 1;
    %assign/vec4 v0x56515f4bd6b0_0, 0;
    %jmp T_29.8;
T_29.7 ;
    %load/vec4 v0x56515f4bd6b0_0;
    %assign/vec4 v0x56515f4bd6b0_0, 0;
T_29.8 ;
T_29.6 ;
T_29.3 ;
T_29.1 ;
    %jmp T_29;
    .thread T_29;
    .scope S_0x56515f35f100;
T_30 ;
    %wait E_0x56515f183e60;
    %load/vec4 v0x56515f4c1710_0;
    %flag_set/vec4 8;
    %jmp/0xz  T_30.0, 8;
    %pushi/vec4 0, 0, 5;
    %assign/vec4 v0x56515f4bd4a0_0, 0;
    %pushi/vec4 0, 0, 32;
    %assign/vec4 v0x56515f4bd750_0, 0;
    %pushi/vec4 0, 0, 32;
    %assign/vec4 v0x56515f4bd830_0, 0;
    %pushi/vec4 0, 0, 32;
    %assign/vec4 v0x56515f4bcaa0_0, 0;
    %pushi/vec4 0, 0, 32;
    %assign/vec4 v0x56515f4bcca0_0, 0;
    %pushi/vec4 0, 0, 32;
    %assign/vec4 v0x56515f4bcb60_0, 0;
    %pushi/vec4 0, 0, 32;
    %assign/vec4 v0x56515f4bcd40_0, 0;
    %pushi/vec4 0, 0, 1;
    %assign/vec4 v0x56515f4bcfc0_0, 0;
    %pushi/vec4 0, 0, 1;
    %assign/vec4 v0x56515f4bd160_0, 0;
    %pushi/vec4 0, 0, 4;
    %assign/vec4 v0x56515f4bce00_0, 0;
    %pushi/vec4 0, 0, 32;
    %assign/vec4 v0x56515f4bd080_0, 0;
    %pushi/vec4 0, 0, 32;
    %assign/vec4 v0x56515f4bcee0_0, 0;
    %jmp T_30.1;
T_30.0 ;
    %load/vec4 v0x56515f4c3aa0_0;
    %flag_set/vec4 8;
    %jmp/0xz  T_30.2, 8;
    %load/vec4 v0x56515f4bd4a0_0;
    %assign/vec4 v0x56515f4bd4a0_0, 0;
    %load/vec4 v0x56515f4bd750_0;
    %assign/vec4 v0x56515f4bd750_0, 0;
    %load/vec4 v0x56515f4bd830_0;
    %assign/vec4 v0x56515f4bd830_0, 0;
    %load/vec4 v0x56515f4bcaa0_0;
    %assign/vec4 v0x56515f4bcaa0_0, 0;
    %load/vec4 v0x56515f4bcca0_0;
    %assign/vec4 v0x56515f4bcca0_0, 0;
    %load/vec4 v0x56515f4bcb60_0;
    %assign/vec4 v0x56515f4bcb60_0, 0;
    %load/vec4 v0x56515f4bcd40_0;
    %assign/vec4 v0x56515f4bcd40_0, 0;
    %load/vec4 v0x56515f4bcfc0_0;
    %assign/vec4 v0x56515f4bcfc0_0, 0;
    %load/vec4 v0x56515f4bd160_0;
    %assign/vec4 v0x56515f4bd160_0, 0;
    %load/vec4 v0x56515f4bce00_0;
    %assign/vec4 v0x56515f4bce00_0, 0;
    %load/vec4 v0x56515f4bd080_0;
    %assign/vec4 v0x56515f4bd080_0, 0;
    %load/vec4 v0x56515f4bcee0_0;
    %assign/vec4 v0x56515f4bcee0_0, 0;
    %jmp T_30.3;
T_30.2 ;
    %load/vec4 v0x56515f4bc700_0;
    %flag_set/vec4 8;
    %jmp/0 T_30.4, 8;
    %load/vec4 v0x56515f4bc280_0;
    %jmp/1 T_30.5, 8;
T_30.4 ; End of true expr.
    %pushi/vec4 0, 0, 5;
    %jmp/0 T_30.5, 8;
 ; End of false expr.
    %blend;
T_30.5;
    %assign/vec4 v0x56515f4bd4a0_0, 0;
    %load/vec4 v0x56515f4bc700_0;
    %flag_set/vec4 8;
    %jmp/0 T_30.6, 8;
    %load/vec4 v0x56515f4bc510_0;
    %jmp/1 T_30.7, 8;
T_30.6 ; End of true expr.
    %pushi/vec4 0, 0, 32;
    %jmp/0 T_30.7, 8;
 ; End of false expr.
    %blend;
T_30.7;
    %assign/vec4 v0x56515f4bd750_0, 0;
    %load/vec4 v0x56515f4bc700_0;
    %flag_set/vec4 8;
    %jmp/0 T_30.8, 8;
    %load/vec4 v0x56515f4bc5f0_0;
    %jmp/1 T_30.9, 8;
T_30.8 ; End of true expr.
    %pushi/vec4 0, 0, 32;
    %jmp/0 T_30.9, 8;
 ; End of false expr.
    %blend;
T_30.9;
    %assign/vec4 v0x56515f4bd830_0, 0;
    %load/vec4 v0x56515f4bc700_0;
    %flag_set/vec4 8;
    %jmp/0 T_30.10, 8;
    %load/vec4 v0x56515f4bba70_0;
    %jmp/1 T_30.11, 8;
T_30.10 ; End of true expr.
    %pushi/vec4 0, 0, 32;
    %jmp/0 T_30.11, 8;
 ; End of false expr.
    %blend;
T_30.11;
    %assign/vec4 v0x56515f4bcaa0_0, 0;
    %load/vec4 v0x56515f4bc700_0;
    %flag_set/vec4 8;
    %jmp/0 T_30.12, 8;
    %load/vec4 v0x56515f4bbc60_0;
    %jmp/1 T_30.13, 8;
T_30.12 ; End of true expr.
    %pushi/vec4 0, 0, 32;
    %jmp/0 T_30.13, 8;
 ; End of false expr.
    %blend;
T_30.13;
    %assign/vec4 v0x56515f4bcca0_0, 0;
    %load/vec4 v0x56515f4bc700_0;
    %flag_set/vec4 8;
    %jmp/0 T_30.14, 8;
    %load/vec4 v0x56515f4bbf80_0;
    %flag_set/vec4 9;
    %jmp/0 T_30.16, 9;
    %load/vec4 v0x56515f4bf5a0_0;
    %flag_set/vec4 10;
    %jmp/0 T_30.18, 10;
    %load/vec4 v0x56515f4c2160_0;
    %jmp/1 T_30.19, 10;
T_30.18 ; End of true expr.
    %load/vec4 v0x56515f4c2090_0;
    %jmp/0 T_30.19, 10;
 ; End of false expr.
    %blend;
T_30.19;
    %jmp/1 T_30.17, 9;
T_30.16 ; End of true expr.
    %pushi/vec4 0, 0, 32;
    %jmp/0 T_30.17, 9;
 ; End of false expr.
    %blend;
T_30.17;
    %jmp/1 T_30.15, 8;
T_30.14 ; End of true expr.
    %pushi/vec4 0, 0, 32;
    %jmp/0 T_30.15, 8;
 ; End of false expr.
    %blend;
T_30.15;
    %assign/vec4 v0x56515f4bcb60_0, 0;
    %load/vec4 v0x56515f4bc700_0;
    %flag_set/vec4 8;
    %jmp/0 T_30.20, 8;
    %load/vec4 v0x56515f4bfa10_0;
    %jmp/1 T_30.21, 8;
T_30.20 ; End of true expr.
    %pushi/vec4 0, 0, 32;
    %jmp/0 T_30.21, 8;
 ; End of false expr.
    %blend;
T_30.21;
    %assign/vec4 v0x56515f4bcd40_0, 0;
    %load/vec4 v0x56515f4bc700_0;
    %flag_set/vec4 8;
    %jmp/0 T_30.22, 8;
    %load/vec4 v0x56515f4bbf80_0;
    %jmp/1 T_30.23, 8;
T_30.22 ; End of true expr.
    %pushi/vec4 0, 0, 1;
    %jmp/0 T_30.23, 8;
 ; End of false expr.
    %blend;
T_30.23;
    %assign/vec4 v0x56515f4bcfc0_0, 0;
    %load/vec4 v0x56515f4bc700_0;
    %flag_set/vec4 8;
    %jmp/0 T_30.24, 8;
    %load/vec4 v0x56515f4bc070_0;
    %jmp/1 T_30.25, 8;
T_30.24 ; End of true expr.
    %pushi/vec4 0, 0, 1;
    %jmp/0 T_30.25, 8;
 ; End of false expr.
    %blend;
T_30.25;
    %assign/vec4 v0x56515f4bd160_0, 0;
    %load/vec4 v0x56515f4bc700_0;
    %flag_set/vec4 8;
    %jmp/0 T_30.26, 8;
    %load/vec4 v0x56515f4bfb00_0;
    %jmp/1 T_30.27, 8;
T_30.26 ; End of true expr.
    %pushi/vec4 0, 0, 4;
    %jmp/0 T_30.27, 8;
 ; End of false expr.
    %blend;
T_30.27;
    %assign/vec4 v0x56515f4bce00_0, 0;
    %load/vec4 v0x56515f4bc700_0;
    %flag_set/vec4 8;
    %jmp/0 T_30.28, 8;
    %load/vec4 v0x56515f4bfbf0_0;
    %jmp/1 T_30.29, 8;
T_30.28 ; End of true expr.
    %pushi/vec4 0, 0, 32;
    %jmp/0 T_30.29, 8;
 ; End of false expr.
    %blend;
T_30.29;
    %assign/vec4 v0x56515f4bd080_0, 0;
    %load/vec4 v0x56515f4bc700_0;
    %flag_set/vec4 8;
    %jmp/0 T_30.30, 8;
    %load/vec4 v0x56515f4bbf80_0;
    %flag_set/vec4 9;
    %jmp/0 T_30.32, 9;
    %load/vec4 v0x56515f4bf5a0_0;
    %flag_set/vec4 10;
    %jmp/0 T_30.34, 10;
    %load/vec4 v0x56515f4bfdf0_0;
    %jmp/1 T_30.35, 10;
T_30.34 ; End of true expr.
    %load/vec4 v0x56515f4bf640_0;
    %jmp/0 T_30.35, 10;
 ; End of false expr.
    %blend;
T_30.35;
    %jmp/1 T_30.33, 9;
T_30.32 ; End of true expr.
    %pushi/vec4 0, 0, 32;
    %jmp/0 T_30.33, 9;
 ; End of false expr.
    %blend;
T_30.33;
    %jmp/1 T_30.31, 8;
T_30.30 ; End of true expr.
    %pushi/vec4 0, 0, 32;
    %jmp/0 T_30.31, 8;
 ; End of false expr.
    %blend;
T_30.31;
    %assign/vec4 v0x56515f4bcee0_0, 0;
T_30.3 ;
T_30.1 ;
    %jmp T_30;
    .thread T_30;
    .scope S_0x56515f42a4b0;
T_31 ;
    %pushi/vec4 1, 0, 1;
    %store/vec4 v0x56515f4c80f0_0, 0, 1;
    %pushi/vec4 0, 0, 1;
    %store/vec4 v0x56515f4c9b20_0, 0, 1;
    %vpi_call 2 118 "$display", "Loading program." {0 0 0};
    %vpi_call 2 119 "$readmemh", "program.mem", v0x56515f4c6ed0 {0 0 0};
    %vpi_call 2 122 "$display", "Resetting hart." {0 0 0};
    %wait E_0x56515f182c40;
    %pushi/vec4 1, 0, 1;
    %store/vec4 v0x56515f4c9b20_0, 0, 1;
    %wait E_0x56515f182c40;
    %wait E_0x56515f182c40;
    %wait E_0x56515f182c40;
    %pushi/vec4 0, 0, 1;
    %store/vec4 v0x56515f4c9b20_0, 0, 1;
    %vpi_call 2 128 "$display", "%-10s %-8s %-14s %-14s %s", "PC", "Inst", "rs1", "rs2", "[rd, load, store]" {0 0 0};
    %pushi/vec4 0, 0, 32;
    %store/vec4 v0x56515f4c81b0_0, 0, 32;
    %pushi/vec4 1, 0, 32;
    %store/vec4 v0x56515f4c9dd0_0, 0, 32;
    %pushi/vec4 0, 0, 32;
    %store/vec4 v0x56515f4c90a0_0, 0, 32;
T_31.0 ;
    %load/vec4 v0x56515f4c9dd0_0;
    %or/r;
    %flag_set/vec4 8;
    %jmp/0xz T_31.1, 8;
    %wait E_0x56515f183e60;
    %load/vec4 v0x56515f4c81b0_0;
    %addi 1, 0, 32;
    %store/vec4 v0x56515f4c81b0_0, 0, 32;
    %load/vec4 v0x56515f4c9f40_0;
    %flag_set/vec4 8;
    %jmp/0xz  T_31.2, 8;
    %load/vec4 v0x56515f4c90a0_0;
    %addi 1, 0, 32;
    %store/vec4 v0x56515f4c90a0_0, 0, 32;
    %load/vec4 v0x56515f4c8e30_0;
    %parti/s 4, 0, 2;
    %cmpi/e 7, 0, 4;
    %jmp/1 T_31.7, 4;
    %flag_mov 8, 4;
    %load/vec4 v0x56515f4c8e30_0;
    %parti/s 7, 0, 2;
    %cmpi/e 115, 0, 7;
    %flag_or 4, 8;
T_31.7;
    %jmp/1 T_31.6, 4;
    %flag_mov 8, 4;
    %load/vec4 v0x56515f4c8e30_0;
    %parti/s 7, 0, 2;
    %cmpi/e 111, 0, 7;
    %flag_or 4, 8;
T_31.6;
    %jmp/0xz  T_31.4, 4;
    %vpi_call 2 141 "$write", "[%08h] %08h r[--]=-------- r[--]=--------", v0x56515f4c9160_0, v0x56515f4c8e30_0 {0 0 0};
    %jmp T_31.5;
T_31.4 ;
    %load/vec4 v0x56515f4c8e30_0;
    %parti/s 7, 0, 2;
    %cmpi/e 19, 0, 7;
    %jmp/1 T_31.11, 4;
    %flag_mov 8, 4;
    %load/vec4 v0x56515f4c8e30_0;
    %parti/s 7, 0, 2;
    %cmpi/e 3, 0, 7;
    %flag_or 4, 8;
T_31.11;
    %jmp/1 T_31.10, 4;
    %flag_mov 8, 4;
    %load/vec4 v0x56515f4c8e30_0;
    %parti/s 7, 0, 2;
    %cmpi/e 103, 0, 7;
    %flag_or 4, 8;
T_31.10;
    %jmp/0xz  T_31.8, 4;
    %vpi_call 2 144 "$write", "[%08h] %08h r[%d]=%08h r[--]=--------", v0x56515f4c9160_0, v0x56515f4c8e30_0, v0x56515f4c97e0_0, v0x56515f4c98b0_0 {0 0 0};
    %jmp T_31.9;
T_31.8 ;
    %vpi_call 2 146 "$write", "[%08h] %08h r[%d]=%08h r[%d]=%08h", v0x56515f4c9160_0, v0x56515f4c8e30_0, v0x56515f4c97e0_0, v0x56515f4c98b0_0, v0x56515f4c9980_0, v0x56515f4c9a50_0 {0 0 0};
T_31.9 ;
T_31.5 ;
    %load/vec4 v0x56515f4c9220_0;
    %cmpi/ne 0, 0, 5;
    %jmp/0xz  T_31.12, 4;
    %vpi_call 2 150 "$write", " w[%d]=%08h", v0x56515f4c9220_0, v0x56515f4c92c0_0 {0 0 0};
T_31.12 ;
    %load/vec4 v0x56515f4c9570_0;
    %flag_set/vec4 8;
    %jmp/0xz  T_31.14, 8;
    %vpi_call 2 153 "$write", " l[%08h,%04b]=", v0x56515f4c9360_0, v0x56515f4c9400_0 {0 0 0};
    %load/vec4 v0x56515f4c9400_0;
    %parti/s 1, 3, 3;
    %flag_set/vec4 8;
    %jmp/0xz  T_31.16, 8;
    %vpi_call 2 155 "$write", "%02h", &PV<v0x56515f4c94a0_0, 24, 8> {0 0 0};
    %jmp T_31.17;
T_31.16 ;
    %vpi_call 2 157 "$write", "--" {0 0 0};
T_31.17 ;
    %load/vec4 v0x56515f4c9400_0;
    %parti/s 1, 2, 3;
    %flag_set/vec4 8;
    %jmp/0xz  T_31.18, 8;
    %vpi_call 2 159 "$write", "%02h", &PV<v0x56515f4c94a0_0, 16, 8> {0 0 0};
    %jmp T_31.19;
T_31.18 ;
    %vpi_call 2 161 "$write", "--" {0 0 0};
T_31.19 ;
    %load/vec4 v0x56515f4c9400_0;
    %parti/s 1, 1, 2;
    %flag_set/vec4 8;
    %jmp/0xz  T_31.20, 8;
    %vpi_call 2 163 "$write", "%02h", &PV<v0x56515f4c94a0_0, 8, 8> {0 0 0};
    %jmp T_31.21;
T_31.20 ;
    %vpi_call 2 165 "$write", "--" {0 0 0};
T_31.21 ;
    %load/vec4 v0x56515f4c9400_0;
    %parti/s 1, 0, 2;
    %flag_set/vec4 8;
    %jmp/0xz  T_31.22, 8;
    %vpi_call 2 167 "$write", "%02h", &PV<v0x56515f4c94a0_0, 0, 8> {0 0 0};
    %jmp T_31.23;
T_31.22 ;
    %vpi_call 2 169 "$write", "--" {0 0 0};
T_31.23 ;
T_31.14 ;
    %load/vec4 v0x56515f4c9710_0;
    %flag_set/vec4 8;
    %jmp/0xz  T_31.24, 8;
    %vpi_call 2 172 "$write", " s[%08h,%04b]=%08h", v0x56515f4c9360_0, v0x56515f4c9400_0, v0x56515f4c9640_0 {0 0 0};
T_31.24 ;
    %load/vec4 v0x56515f4c9e70_0;
    %flag_set/vec4 8;
    %jmp/0xz  T_31.26, 8;
    %vpi_call 2 175 "$write", " TRAP" {0 0 0};
T_31.26 ;
    %vpi_call 2 176 "$display" {0 0 0};
    %load/vec4 v0x56515f4c89b0_0;
    %flag_set/vec4 8;
    %jmp/0xz  T_31.28, 8;
    %pushi/vec4 0, 0, 32;
    %store/vec4 v0x56515f4c9dd0_0, 0, 32;
T_31.28 ;
T_31.2 ;
    %load/vec4 v0x56515f4c81b0_0;
    %cmpi/s 40000, 0, 32;
    %flag_or 5, 4; GT is !LE
    %flag_inv 5;
    %jmp/0xz  T_31.30, 5;
    %vpi_call 2 183 "$display", "Program did not halt after 40000 cycles, aborting." {0 0 0};
    %pushi/vec4 0, 0, 32;
    %store/vec4 v0x56515f4c9dd0_0, 0, 32;
T_31.30 ;
    %jmp T_31.0;
T_31.1 ;
    %vpi_call 2 188 "$display", "Program halted after %d cycles.", v0x56515f4c81b0_0 {0 0 0};
    %vpi_call 2 189 "$display", "Total instructions retired: %d", v0x56515f4c90a0_0 {0 0 0};
    %load/vec4 v0x56515f4c90a0_0;
    %cmpi/e 0, 0, 32;
    %jmp/0xz  T_31.32, 4;
    %vpi_call 2 191 "$display", "CPI: invalid (no instructions retired)" {0 0 0};
    %jmp T_31.33;
T_31.32 ;
    %load/vec4 v0x56515f4c81b0_0;
    %cvt/rv/s;
    %pushi/real 1073741824, 4066; load=1.00000
    %load/vec4 v0x56515f4c90a0_0;
    %cvt/rv/s;
    %mul/wr;
    %div/wr;
    %vpi_call 2 193 "$display", "CPI: %f", W<0,r> {0 1 0};
T_31.33 ;
    %vpi_call 2 194 "$finish" {0 0 0};
    %end;
    .thread T_31;
    .scope S_0x56515f42a4b0;
T_32 ;
    %pushi/vec4 0, 0, 32;
    %store/vec4 v0x56515f4ca010_0, 0, 32;
T_32.0 ; Top of for-loop
    %load/vec4 v0x56515f4ca010_0;
    %cmpi/s 40000, 0, 32;
	  %jmp/0xz T_32.1, 5;
    %wait E_0x56515f183e60;
T_32.2 ; for-loop step statement
    %load/vec4 v0x56515f4ca010_0;
    %addi 1, 0, 32;
    %store/vec4 v0x56515f4ca010_0, 0, 32;
    %jmp T_32.0;
T_32.1 ; for-loop exit label
    %vpi_call 2 203 "$finish" {0 0 0};
    %end;
    .thread T_32;
    .scope S_0x56515f42a4b0;
T_33 ;
    %delay 5000, 0;
    %load/vec4 v0x56515f4c80f0_0;
    %inv;
    %store/vec4 v0x56515f4c80f0_0, 0, 1;
    %jmp T_33;
    .thread T_33;
# The file index is used to find the file name in the following table.
:file_names 20;
    "N/A";
    "<interactive>";
    "tb/stall_mem_tb.v";
    "rtl/tb_memory.v";
    "rtl/hart.v";
    "rtl/cache.v";
    "rtl/DEForwardingUnit.v";
    "rtl/decode.v";
    "rtl/branch.v";
    "rtl/control.v";
    "rtl/imm.v";
    "rtl/rf.v";
    "rtl/execute.v";
    "rtl/alu.v";
    "rtl/fetch.v";
    "rtl/forwardingUnit.v";
    "rtl/hazardDetection.v";
    "rtl/memoryAccess.v";
    "rtl/barrelShifter.v";
    "rtl/writeback.v";
